method,seed,map_id,workload,num_task_finished,throughput_per_timestep,mandatory_bootstrap_calls,post_bootstrap_publication_count,publication_budget,budget_violation_count,generator_seconds,simulator_seconds,elapsed_seconds
bootstrap_only,113743,warehouse_small_narrow_kiva,abrupt,3716,1.858,1,0,0,0,0.004782421,50.102501986000014,103.67644534699502
context_memory_B25,113743,warehouse_small_narrow_kiva,abrupt,3864,1.932,1,9,25,0,0.099819464,51.86209812000003,105.4068176879955
context_no_reactivation_B25,113743,warehouse_small_narrow_kiva,abrupt,3910,1.955,1,11,25,0,0.044477490999999994,49.76590717799999,106.59072276999359
exact_even_B25,113743,warehouse_small_narrow_kiva,abrupt,3863,1.9315,1,25,25,0,0.31855372199999993,52.26733294100003,112.19719393301057
exact_even_G4,113743,warehouse_small_narrow_kiva,abrupt,3678,1.839,1,4,4,0,0.089170258,52.881012590000005,102.88584604699281
exact_even_G5,113743,warehouse_small_narrow_kiva,abrupt,3876,1.938,1,5,5,0,0.09084199899999999,53.17030608900001,104.31113298999844
js_cap_G5,113743,warehouse_small_narrow_kiva,abrupt,3782,1.891,1,5,5,0,0.09760669799999999,49.785536692,105.29612177901436
random_G5,113743,warehouse_small_narrow_kiva,abrupt,3882,1.941,1,5,5,0,0.08989489,53.27669752899997,106.41943248800817
bootstrap_only,113743,warehouse_small_narrow_kiva,recurrent,3595,1.7975,1,0,0,0,0.004935405,46.290115793000005,95.28101626201533
context_memory_B25,113743,warehouse_small_narrow_kiva,recurrent,3842,1.921,1,8,25,0,0.091404106,46.40050450700001,105.60460792199592
context_no_reactivation_B25,113743,warehouse_small_narrow_kiva,recurrent,3909,1.9545,1,7,25,0,0.179442985,47.06393912200001,103.20213910698658
exact_even_B25,113743,warehouse_small_narrow_kiva,recurrent,3936,1.968,1,25,25,0,0.309374016,47.991219748999995,109.59802207298344
exact_even_G4,113743,warehouse_small_narrow_kiva,recurrent,3613,1.8065,1,4,4,0,0.09017229400000001,48.08229036699998,103.2050940170011
exact_even_G5,113743,warehouse_small_narrow_kiva,recurrent,3872,1.936,1,5,5,0,0.022523722999999995,48.328581272,103.60140583699103
js_cap_G5,113743,warehouse_small_narrow_kiva,recurrent,3803,1.9015,1,5,5,0,0.11640297100000001,47.400985352999996,100.09605908000958
random_G5,113743,warehouse_small_narrow_kiva,recurrent,3824,1.912,1,5,5,0,0.022097709,47.996465525000005,105.22179031101405
bootstrap_only,113743,warehouse_small_narrow_kiva,stationary,3933,1.9665,1,0,0,0,0.003195358,48.02343478099999,80.17058568098582
context_memory_B25,113743,warehouse_small_narrow_kiva,stationary,3939,1.9695,1,10,25,0,0.025359547,50.33789860200001,84.4097097380145
context_no_reactivation_B25,113743,warehouse_small_narrow_kiva,stationary,3902,1.951,1,7,25,0,0.24998625200000002,48.86731155399998,83.9959298199974
exact_even_B25,113743,warehouse_small_narrow_kiva,stationary,3897,1.9485,1,25,25,0,0.4315295110000001,48.364174382999984,82.70928832498612
exact_even_G4,113743,warehouse_small_narrow_kiva,stationary,3786,1.893,1,4,4,0,0.085618473,42.975378258,79.19534929798101
exact_even_G5,113743,warehouse_small_narrow_kiva,stationary,3945,1.9725,1,5,5,0,0.080764577,46.938021697000025,79.99669735401403
js_cap_G5,113743,warehouse_small_narrow_kiva,stationary,3905,1.9525,1,5,5,0,0.0265393,47.693646161000025,81.02585294199525
random_G5,113743,warehouse_small_narrow_kiva,stationary,3923,1.9615,1,5,5,0,0.07721955600000001,46.99838098299998,81.10313156901975
bootstrap_only,115950,warehouse_small_narrow_kiva,abrupt,3591,1.7955,1,0,0,0,0.004425611,35.91848667299999,86.9232041320065
context_memory_B25,115950,warehouse_small_narrow_kiva,abrupt,3808,1.904,1,8,25,0,0.094154672,38.310708079,96.39713039799244
context_no_reactivation_B25,115950,warehouse_small_narrow_kiva,abrupt,3809,1.9045,1,9,25,0,0.034162295999999995,36.432732125,90.69833943099366
exact_even_B25,115950,warehouse_small_narrow_kiva,abrupt,3882,1.941,1,25,25,0,0.14700638600000002,38.94941808999999,98.69980858798954
exact_even_G4,115950,warehouse_small_narrow_kiva,abrupt,3611,1.8055,1,4,4,0,0.080466839,35.05701023900001,87.7923666589777
exact_even_G5,115950,warehouse_small_narrow_kiva,abrupt,3801,1.9005,1,5,5,0,0.09235165999999999,42.88227034599999,98.11809367200476
js_cap_G5,115950,warehouse_small_narrow_kiva,abrupt,3688,1.844,1,5,5,0,0.09447349299999999,37.60192963,88.44108277501073
random_G5,115950,warehouse_small_narrow_kiva,abrupt,3660,1.83,1,5,5,0,0.020073920000000002,39.829284329,92.02406944197719
bootstrap_only,115950,warehouse_small_narrow_kiva,recurrent,3848,1.924,1,0,0,0,0.003148102,51.45425032099998,100.28306463299668
context_memory_B25,115950,warehouse_small_narrow_kiva,recurrent,3855,1.9275,1,9,25,0,0.098925443,50.855323524999996,108.51631033897866
context_no_reactivation_B25,115950,warehouse_small_narrow_kiva,recurrent,3880,1.94,1,9,25,0,0.18881295200000003,51.43097851499999,110.90098682098323
exact_even_B25,115950,warehouse_small_narrow_kiva,recurrent,3901,1.9505,1,25,25,0,0.453298653,50.44507075299999,107.10264257399831
exact_even_G4,115950,warehouse_small_narrow_kiva,recurrent,3584,1.792,1,4,4,0,0.08905169599999999,50.16045809200001,101.4905411680229
exact_even_G5,115950,warehouse_small_narrow_kiva,recurrent,3794,1.897,1,5,5,0,0.021715239,49.84172409400001,107.80020623200107
js_cap_G5,115950,warehouse_small_narrow_kiva,recurrent,3910,1.955,1,5,5,0,0.096951961,52.05831216399999,107.10017684201011
random_G5,115950,warehouse_small_narrow_kiva,recurrent,3772,1.886,1,5,5,0,0.031717765,53.75171908700001,107.21356140699936
bootstrap_only,115950,warehouse_small_narrow_kiva,stationary,3919,1.9595,1,0,0,0,0.003178606,43.97434045199999,78.78993235400412
context_memory_B25,115950,warehouse_small_narrow_kiva,stationary,3902,1.951,1,8,25,0,0.07493574300000001,47.363540691,83.40690742299194
context_no_reactivation_B25,115950,warehouse_small_narrow_kiva,stationary,3916,1.958,1,8,25,0,0.046956788,50.164202949,88.78265644900966
exact_even_B25,115950,warehouse_small_narrow_kiva,stationary,3897,1.9485,1,25,25,0,0.44180750700000004,48.967623552,89.36949126198306
exact_even_G4,115950,warehouse_small_narrow_kiva,stationary,3887,1.9435,1,4,4,0,0.025262886000000002,48.70562177399999,84.01056162899476
exact_even_G5,115950,warehouse_small_narrow_kiva,stationary,3916,1.958,1,5,5,0,0.08060801799999999,46.708015523999975,80.81069710099837
js_cap_G5,115950,warehouse_small_narrow_kiva,stationary,3930,1.965,1,5,5,0,0.031274639,46.946856155999996,83.39031553000677
random_G5,115950,warehouse_small_narrow_kiva,stationary,3888,1.944,1,5,5,0,0.07793373900000002,46.42834162199999,84.62590057999478
bootstrap_only,130998,warehouse_small_narrow_kiva,abrupt,3716,1.858,1,0,0,0,0.00309829,46.91514043099999,94.19690892999643
context_memory_B25,130998,warehouse_small_narrow_kiva,abrupt,3921,1.9605,1,9,25,0,0.158644134,47.929416064999984,97.19211981701665
context_no_reactivation_B25,130998,warehouse_small_narrow_kiva,abrupt,3923,1.9615,1,9,25,0,0.21412256999999998,48.377146385,99.01526901801117
exact_even_B25,130998,warehouse_small_narrow_kiva,abrupt,3869,1.9345,1,25,25,0,0.36327010299999996,50.150072015999996,96.98799348800094
exact_even_G4,130998,warehouse_small_narrow_kiva,abrupt,3724,1.862,1,4,4,0,0.076528042,44.755895474,93.08594303100836
exact_even_G5,130998,warehouse_small_narrow_kiva,abrupt,3917,1.9585,1,5,5,0,0.17024573,41.455807875,88.29370613300125
js_cap_G5,130998,warehouse_small_narrow_kiva,abrupt,3746,1.873,1,5,5,0,0.15345057800000003,46.99576866599999,93.67548604501644
random_G5,130998,warehouse_small_narrow_kiva,abrupt,3837,1.9185,1,5,5,0,0.07837781799999999,47.45784356700001,92.8318697620125
bootstrap_only,130998,warehouse_small_narrow_kiva,recurrent,3750,1.875,1,0,0,0,0.003457495,44.859034032,88.32061430500471
context_memory_B25,130998,warehouse_small_narrow_kiva,recurrent,3715,1.8575,1,10,25,0,0.029312339,44.81950641600004,90.00058518501464
context_no_reactivation_B25,130998,warehouse_small_narrow_kiva,recurrent,3708,1.854,1,9,25,0,0.031475263,42.725852297,90.46355987299467
exact_even_B25,130998,warehouse_small_narrow_kiva,recurrent,3837,1.9185,1,25,25,0,0.373363848,43.158269693000015,90.38556891900953
exact_even_G4,130998,warehouse_small_narrow_kiva,recurrent,3564,1.782,1,4,4,0,0.159550736,42.54664246100001,85.66939989800449
exact_even_G5,130998,warehouse_small_narrow_kiva,recurrent,3604,1.802,1,5,5,0,0.07146174999999999,44.47317610700001,88.87912326201331
js_cap_G5,130998,warehouse_small_narrow_kiva,recurrent,3868,1.934,1,5,5,0,0.14414311200000002,41.468387,84.48051097398275
random_G5,130998,warehouse_small_narrow_kiva,recurrent,3799,1.8995,1,5,5,0,0.031436966,43.497662093999985,86.19851920599467
bootstrap_only,130998,warehouse_small_narrow_kiva,stationary,3859,1.9295,1,0,0,0,0.003197768,51.04400460399999,90.40804241801379
context_memory_B25,130998,warehouse_small_narrow_kiva,stationary,3877,1.9385,1,9,25,0,0.163723328,48.526714284,91.01008585499949
context_no_reactivation_B25,130998,warehouse_small_narrow_kiva,stationary,3922,1.961,1,11,25,0,0.26752888,49.771918856999996,96.40269519400317
exact_even_B25,130998,warehouse_small_narrow_kiva,stationary,3920,1.96,1,25,25,0,0.463100912,48.27985422299999,93.39450208700146
exact_even_G4,130998,warehouse_small_narrow_kiva,stationary,3942,1.971,1,4,4,0,0.090260171,50.04483511900001,93.32098338499782
exact_even_G5,130998,warehouse_small_narrow_kiva,stationary,3910,1.955,1,5,5,0,0.184617687,49.333340880999984,92.39699242499773
js_cap_G5,130998,warehouse_small_narrow_kiva,stationary,3924,1.962,1,5,5,0,0.10103119299999999,51.15795535100001,94.5036797770008
random_G5,130998,warehouse_small_narrow_kiva,stationary,3911,1.9555,1,5,5,0,0.08830115100000001,50.76262539899999,93.57955423998646
bootstrap_only,152753,warehouse_small_narrow_kiva,abrupt,3771,1.8855,1,0,0,0,0.003652689,44.14742781600001,88.73302602500189
context_memory_B25,152753,warehouse_small_narrow_kiva,abrupt,3809,1.9045,1,7,25,0,0.026782907,44.44626419600002,90.19737212799373
context_no_reactivation_B25,152753,warehouse_small_narrow_kiva,abrupt,3886,1.943,1,7,25,0,0.025797571,44.317125507,90.38550576701527
exact_even_B25,152753,warehouse_small_narrow_kiva,abrupt,3908,1.954,1,25,25,0,0.250915359,46.401716994000004,94.4895704590017
exact_even_G4,152753,warehouse_small_narrow_kiva,abrupt,3702,1.851,1,4,4,0,0.020048806000000002,47.22347033099998,90.9367312710092
exact_even_G5,152753,warehouse_small_narrow_kiva,abrupt,3917,1.9585,1,5,5,0,0.080673811,44.255564993000014,90.32739321998088
js_cap_G5,152753,warehouse_small_narrow_kiva,abrupt,3601,1.8005,1,5,5,0,0.074196868,45.50110208200001,92.63949078400037
random_G5,152753,warehouse_small_narrow_kiva,abrupt,3826,1.913,1,5,5,0,0.08128750900000001,46.727473618000026,94.16363181901397
bootstrap_only,152753,warehouse_small_narrow_kiva,recurrent,3805,1.9025,1,0,0,0,0.003318858,41.833413607999994,87.4959846669808
context_memory_B25,152753,warehouse_small_narrow_kiva,recurrent,3920,1.96,1,10,25,0,0.124798335,41.34456837700003,91.86177170899464
context_no_reactivation_B25,152753,warehouse_small_narrow_kiva,recurrent,3902,1.951,1,10,25,0,0.096763695,40.08718481199999,93.02630514098564
exact_even_B25,152753,warehouse_small_narrow_kiva,recurrent,3935,1.9675,1,25,25,0,0.31636224,40.99743008699998,97.78002323600231
exact_even_G4,152753,warehouse_small_narrow_kiva,recurrent,3729,1.8645,1,4,4,0,0.026380865,40.136901282,89.72895062802127
exact_even_G5,152753,warehouse_small_narrow_kiva,recurrent,3956,1.978,1,5,5,0,0.03030281,40.657505236,88.31968956900528
js_cap_G5,152753,warehouse_small_narrow_kiva,recurrent,3823,1.9115,1,5,5,0,0.10183228,40.687545157,91.51664565101964
random_G5,152753,warehouse_small_narrow_kiva,recurrent,3809,1.9045,1,5,5,0,0.024351533,39.34343335199998,88.100794286991
bootstrap_only,152753,warehouse_small_narrow_kiva,stationary,3626,1.813,1,0,0,0,0.003172349,47.562416938999995,88.21766318500158
context_memory_B25,152753,warehouse_small_narrow_kiva,stationary,3738,1.869,1,5,25,0,0.08366302999999999,48.876338324,90.69686708401423
context_no_reactivation_B25,152753,warehouse_small_narrow_kiva,stationary,3885,1.9425,1,7,25,0,0.11014465999999999,48.09554218100002,93.49376529600704
exact_even_B25,152753,warehouse_small_narrow_kiva,stationary,3826,1.913,1,25,25,0,0.45068629400000004,49.341927502,99.90635193500202
exact_even_G4,152753,warehouse_small_narrow_kiva,stationary,3743,1.8715,1,4,4,0,0.090193894,46.64626244199999,91.4819810820045
exact_even_G5,152753,warehouse_small_narrow_kiva,stationary,3715,1.8575,1,5,5,0,0.10135790099999999,48.533076099,92.00024866699823
js_cap_G5,152753,warehouse_small_narrow_kiva,stationary,3749,1.8745,1,5,5,0,0.10103467499999999,47.948136229,89.68312365200836
random_G5,152753,warehouse_small_narrow_kiva,stationary,3475,1.7375,1,5,5,0,0.021813200999999997,46.828571938,89.9049588519847
bootstrap_only,175381,warehouse_small_narrow_kiva,abrupt,3631,1.8155,1,0,0,0,0.072958939,50.56377092800001,103.39237464900361
context_memory_B25,175381,warehouse_small_narrow_kiva,abrupt,3903,1.9515,1,9,25,0,0.101848437,52.799202823999984,106.49989673902746
context_no_reactivation_B25,175381,warehouse_small_narrow_kiva,abrupt,3883,1.9415,1,9,25,0,0.10936921599999999,51.864738386,108.5041549349844
exact_even_B25,175381,warehouse_small_narrow_kiva,abrupt,3874,1.937,1,25,25,0,0.261733312,50.954862817999995,109.51637277100235
exact_even_G4,175381,warehouse_small_narrow_kiva,abrupt,3687,1.8435,1,4,4,0,0.17819094100000002,49.66209599999999,105.09478566399775
exact_even_G5,175381,warehouse_small_narrow_kiva,abrupt,3868,1.934,1,5,5,0,0.161314189,50.05563708999999,103.58629968800233
js_cap_G5,175381,warehouse_small_narrow_kiva,abrupt,3708,1.854,1,5,5,0,0.166001509,52.368723062000015,111.79223145698779
random_G5,175381,warehouse_small_narrow_kiva,abrupt,3905,1.9525,1,5,5,0,0.08957895499999999,53.494945211000015,111.41825859999517
bootstrap_only,175381,warehouse_small_narrow_kiva,recurrent,3692,1.846,1,0,0,0,0.003047544,46.507274466,92.26258530898485
context_memory_B25,175381,warehouse_small_narrow_kiva,recurrent,3863,1.9315,1,10,25,0,0.107118767,49.140786826999985,94.9997845509788
context_no_reactivation_B25,175381,warehouse_small_narrow_kiva,recurrent,3880,1.94,1,10,25,0,0.104700816,44.52180712900001,91.77164031699067
exact_even_B25,175381,warehouse_small_narrow_kiva,recurrent,3909,1.9545,1,25,25,0,0.357939432,46.90131414200001,94.78677504899679
exact_even_G4,175381,warehouse_small_narrow_kiva,recurrent,3553,1.7765,1,4,4,0,0.089400319,48.20713347600002,92.98751901197829
exact_even_G5,175381,warehouse_small_narrow_kiva,recurrent,3925,1.9625,1,5,5,0,0.150398631,44.35804386599998,88.50223904600716
js_cap_G5,175381,warehouse_small_narrow_kiva,recurrent,3893,1.9465,1,5,5,0,0.021610090999999998,45.90097120499999,89.42913118601427
random_G5,175381,warehouse_small_narrow_kiva,recurrent,3897,1.9485,1,5,5,0,0.021297136,47.029271007000006,93.28224664201844
bootstrap_only,175381,warehouse_small_narrow_kiva,stationary,3900,1.95,1,0,0,0,0.004058578,49.455817905,88.59863840299658
context_memory_B25,175381,warehouse_small_narrow_kiva,stationary,3796,1.898,1,9,25,0,0.09379599999999999,51.46199982600001,97.10099581300165
context_no_reactivation_B25,175381,warehouse_small_narrow_kiva,stationary,3652,1.826,1,7,25,0,0.18787286800000003,50.803072698,94.61594207800226
exact_even_B25,175381,warehouse_small_narrow_kiva,stationary,3791,1.8955,1,25,25,0,0.31764934600000005,52.19077524,101.69534833301441
exact_even_G4,175381,warehouse_small_narrow_kiva,stationary,3895,1.9475,1,4,4,0,0.024646581,53.961565017999995,96.90768030099571
exact_even_G5,175381,warehouse_small_narrow_kiva,stationary,3906,1.953,1,5,5,0,0.02723502,52.59296640699997,94.68448258601711
js_cap_G5,175381,warehouse_small_narrow_kiva,stationary,3715,1.8575,1,5,5,0,0.096853691,50.88996360299999,95.58364856100525
random_G5,175381,warehouse_small_narrow_kiva,stationary,3893,1.9465,1,5,5,0,0.023218931999999998,51.656991685000015,94.71816220000619
bootstrap_only,190142,warehouse_small_narrow_kiva,abrupt,3700,1.85,1,0,0,0,0.070360985,45.61309330500001,92.4811168560118
context_memory_B25,190142,warehouse_small_narrow_kiva,abrupt,3917,1.9585,1,8,25,0,0.18074877099999997,47.94363099100001,103.31170864097658
context_no_reactivation_B25,190142,warehouse_small_narrow_kiva,abrupt,3861,1.9305,1,9,25,0,0.043709350999999994,48.580832954,105.3948201519961
exact_even_B25,190142,warehouse_small_narrow_kiva,abrupt,3927,1.9635,1,25,25,0,0.23479182799999995,47.465683453,104.88874695799313
exact_even_G4,190142,warehouse_small_narrow_kiva,abrupt,3752,1.876,1,4,4,0,0.16302312,48.636267751000005,98.9931148100004
exact_even_G5,190142,warehouse_small_narrow_kiva,abrupt,3842,1.921,1,5,5,0,0.16323658200000002,50.943889808000016,106.19027714800905
js_cap_G5,190142,warehouse_small_narrow_kiva,abrupt,3789,1.8945,1,5,5,0,0.090557319,47.35278425799998,99.3913748569903
random_G5,190142,warehouse_small_narrow_kiva,abrupt,3742,1.871,1,5,5,0,0.022648042,44.93661923999999,94.79752353101503
bootstrap_only,190142,warehouse_small_narrow_kiva,recurrent,3740,1.87,1,0,0,0,0.003053725,49.68812669999998,92.01877767799306
context_memory_B25,190142,warehouse_small_narrow_kiva,recurrent,3924,1.962,1,10,25,0,0.054155905,39.663119637999976,86.4208740380127
context_no_reactivation_B25,190142,warehouse_small_narrow_kiva,recurrent,3784,1.892,1,9,25,0,0.030680293,39.92198817800001,86.20794778497657
exact_even_B25,190142,warehouse_small_narrow_kiva,recurrent,3897,1.9485,1,25,25,0,0.29080003499999996,40.422213549000034,89.90387214400107
exact_even_G4,190142,warehouse_small_narrow_kiva,recurrent,3520,1.76,1,4,4,0,0.117409746,38.53613479899998,82.06709979200969
exact_even_G5,190142,warehouse_small_narrow_kiva,recurrent,3811,1.9055,1,5,5,0,0.021123922000000003,42.85681906499999,89.11553017699043
js_cap_G5,190142,warehouse_small_narrow_kiva,recurrent,3794,1.897,1,5,5,0,0.015173558,37.65556687099999,83.09654723099084
random_G5,190142,warehouse_small_narrow_kiva,recurrent,3877,1.9385,1,5,5,0,0.11594843799999999,47.365037206,89.19263573098578
bootstrap_only,190142,warehouse_small_narrow_kiva,stationary,3928,1.964,1,0,0,0,0.06450781,46.168176955,80.50902963499539
context_memory_B25,190142,warehouse_small_narrow_kiva,stationary,3768,1.884,1,5,25,0,0.093909803,45.74694628300001,79.03535372100305
context_no_reactivation_B25,190142,warehouse_small_narrow_kiva,stationary,3802,1.901,1,4,25,0,0.018415474,45.25856454499999,80.58503235600074
exact_even_B25,190142,warehouse_small_narrow_kiva,stationary,3551,1.7755,1,25,25,0,0.24146224400000002,46.96063952199998,85.76334724598564
exact_even_G4,190142,warehouse_small_narrow_kiva,stationary,3901,1.9505,1,4,4,0,0.030145979000000003,46.90474269999999,81.29973276998498
exact_even_G5,190142,warehouse_small_narrow_kiva,stationary,3840,1.92,1,5,5,0,0.09155007800000001,46.662001253,81.78955894900719
js_cap_G5,190142,warehouse_small_narrow_kiva,stationary,3704,1.852,1,5,5,0,0.020912932000000002,45.510729238999986,78.59068173801643
random_G5,190142,warehouse_small_narrow_kiva,stationary,3826,1.913,1,5,5,0,0.021595977,46.66443948400002,81.59065902800648
bootstrap_only,204011,warehouse_small_narrow_kiva,abrupt,3753,1.8765,1,0,0,0,0.00642595,43.65621253200001,88.40071609799634
context_memory_B25,204011,warehouse_small_narrow_kiva,abrupt,3779,1.8895,1,9,25,0,0.077878522,47.76294849400002,91.34126191399992
context_no_reactivation_B25,204011,warehouse_small_narrow_kiva,abrupt,3846,1.923,1,9,25,0,0.149015066,48.154065652999996,93.91646993200993
exact_even_B25,204011,warehouse_small_narrow_kiva,abrupt,3797,1.8985,1,25,25,0,0.372584344,46.70206563700001,92.6779850529856
exact_even_G4,204011,warehouse_small_narrow_kiva,abrupt,3769,1.8845,1,4,4,0,0.082005699,43.11392047699999,87.39999803900719
exact_even_G5,204011,warehouse_small_narrow_kiva,abrupt,3892,1.946,1,5,5,0,0.147657575,46.494099188999975,88.41166689002421
js_cap_G5,204011,warehouse_small_narrow_kiva,abrupt,3596,1.798,1,5,5,0,0.140728766,44.193195160999984,85.47092145500937
random_G5,204011,warehouse_small_narrow_kiva,abrupt,3687,1.8435,1,5,5,0,0.07312071099999999,45.696025653000014,89.68472318601562
bootstrap_only,204011,warehouse_small_narrow_kiva,recurrent,3702,1.851,1,0,0,0,0.005547777,44.76191445099998,84.38090114100487
context_memory_B25,204011,warehouse_small_narrow_kiva,recurrent,3867,1.9335,1,8,25,0,0.027552282,42.53638401499998,88.40621990300133
context_no_reactivation_B25,204011,warehouse_small_narrow_kiva,recurrent,3845,1.9225,1,7,25,0,0.3408679,44.32889263999999,91.77576139502344
exact_even_B25,204011,warehouse_small_narrow_kiva,recurrent,3904,1.952,1,25,25,0,0.359909797,47.58485716400002,94.79123093900853
exact_even_G4,204011,warehouse_small_narrow_kiva,recurrent,3588,1.794,1,4,4,0,0.08643862100000001,45.24803840399998,88.79333775298437
exact_even_G5,204011,warehouse_small_narrow_kiva,recurrent,3929,1.9645,1,5,5,0,0.17118261199999998,44.253210784,87.63650612201309
js_cap_G5,204011,warehouse_small_narrow_kiva,recurrent,3915,1.9575,1,5,5,0,0.019389268,45.21377562100002,89.00061605899828
random_G5,204011,warehouse_small_narrow_kiva,recurrent,3702,1.851,1,5,5,0,0.026220285,43.833901600000004,87.37825879501179
bootstrap_only,204011,warehouse_small_narrow_kiva,stationary,3698,1.849,1,0,0,0,0.002885514,47.65272488800001,81.37604940900928
context_memory_B25,204011,warehouse_small_narrow_kiva,stationary,3640,1.82,1,5,25,0,0.075433437,43.866981120999995,81.60386699199444
context_no_reactivation_B25,204011,warehouse_small_narrow_kiva,stationary,3643,1.8215,1,4,25,0,0.155958975,46.71173926700002,83.20820092500071
exact_even_B25,204011,warehouse_small_narrow_kiva,stationary,3859,1.9295,1,25,25,0,0.46044731,44.95202907999999,82.7922216609877
exact_even_G4,204011,warehouse_small_narrow_kiva,stationary,3908,1.954,1,4,4,0,0.041274538,45.409456700999975,79.0011764630035
exact_even_G5,204011,warehouse_small_narrow_kiva,stationary,3510,1.755,1,5,5,0,0.021733404999999997,43.98367072999997,79.62754770199535
js_cap_G5,204011,warehouse_small_narrow_kiva,stationary,3760,1.88,1,5,5,0,0.025844780999999997,43.69171542099999,78.8336328479927
random_G5,204011,warehouse_small_narrow_kiva,stationary,3902,1.951,1,5,5,0,0.021691260000000004,46.283335898,81.09477933999733
bootstrap_only,253714,warehouse_small_narrow_kiva,abrupt,3786,1.893,1,0,0,0,0.063123357,47.126360824,86.49474775898852
context_memory_B25,253714,warehouse_small_narrow_kiva,abrupt,3888,1.944,1,10,25,0,0.100737963,47.789085705999995,91.87775695699384
context_no_reactivation_B25,253714,warehouse_small_narrow_kiva,abrupt,3894,1.947,1,9,25,0,0.120751896,44.956872137000005,90.66709423300927
exact_even_B25,253714,warehouse_small_narrow_kiva,abrupt,3907,1.9535,1,25,25,0,0.49151913300000005,43.15932705500001,91.71394659299403
exact_even_G4,253714,warehouse_small_narrow_kiva,abrupt,3638,1.819,1,4,4,0,0.087325393,45.780916221000005,91.08095164099359
exact_even_G5,253714,warehouse_small_narrow_kiva,abrupt,3878,1.939,1,5,5,0,0.019420602,41.95796954400002,85.71097429198562
js_cap_G5,253714,warehouse_small_narrow_kiva,abrupt,3558,1.779,1,5,5,0,0.017233304,43.18757819299999,86.58862379801576
random_G5,253714,warehouse_small_narrow_kiva,abrupt,3733,1.8665,1,5,5,0,0.08692551,47.34439110700002,89.88604384299833
bootstrap_only,253714,warehouse_small_narrow_kiva,recurrent,3626,1.813,1,0,0,0,0.004782271,43.67286625700001,100.37404687498929
context_memory_B25,253714,warehouse_small_narrow_kiva,recurrent,3863,1.9315,1,8,25,0,0.090655756,43.95208869100001,99.49621447001118
context_no_reactivation_B25,253714,warehouse_small_narrow_kiva,recurrent,3865,1.9325,1,8,25,0,0.044555542000000004,45.669481977,104.19106824797927
exact_even_B25,253714,warehouse_small_narrow_kiva,recurrent,3814,1.907,1,25,25,0,0.3058777630000001,43.62264116600002,102.58791755602579
exact_even_G4,253714,warehouse_small_narrow_kiva,recurrent,3687,1.8435,1,4,4,0,0.161256008,45.706723916999984,100.50159593799617
exact_even_G5,253714,warehouse_small_narrow_kiva,recurrent,3938,1.969,1,5,5,0,0.023589306000000004,44.75054935200001,98.9940224160091
js_cap_G5,253714,warehouse_small_narrow_kiva,recurrent,3524,1.762,1,5,5,0,0.091568611,45.05218170599999,101.42737106900313
random_G5,253714,warehouse_small_narrow_kiva,recurrent,3682,1.841,1,5,5,0,0.020276387999999996,44.40474657399998,98.60560305599938
bootstrap_only,253714,warehouse_small_narrow_kiva,stationary,3932,1.966,1,0,0,0,0.003211972,44.834204969,83.5894551060046
context_memory_B25,253714,warehouse_small_narrow_kiva,stationary,3904,1.952,1,7,25,0,0.07727861000000001,44.29604356100001,86.61071024599369
context_no_reactivation_B25,253714,warehouse_small_narrow_kiva,stationary,3923,1.9615,1,7,25,0,0.10972085000000001,45.79415911799999,84.38848346599843
exact_even_B25,253714,warehouse_small_narrow_kiva,stationary,3940,1.97,1,25,25,0,0.2721307129999999,47.304618712,85.89085734900436
exact_even_G4,253714,warehouse_small_narrow_kiva,stationary,3932,1.966,1,4,4,0,0.015327401000000001,45.918828994,83.91868072698708
exact_even_G5,253714,warehouse_small_narrow_kiva,stationary,3829,1.9145,1,5,5,0,0.14679686700000003,46.44118050000001,82.49234147398965
js_cap_G5,253714,warehouse_small_narrow_kiva,stationary,3921,1.9605,1,5,5,0,0.06716610699999999,45.166277739,82.40694777198951
random_G5,253714,warehouse_small_narrow_kiva,stationary,3936,1.968,1,5,5,0,0.08283724099999999,47.128650997000015,86.90249095999752
bootstrap_only,257578,warehouse_small_narrow_kiva,abrupt,3657,1.8285,1,0,0,0,0.003747328,46.336330162,100.42060267800116
context_memory_B25,257578,warehouse_small_narrow_kiva,abrupt,3784,1.892,1,9,25,0,0.169291187,49.34009600699999,103.59228977802559
context_no_reactivation_B25,257578,warehouse_small_narrow_kiva,abrupt,3822,1.911,1,9,25,0,0.111309989,47.47887370899999,104.99575570598245
exact_even_B25,257578,warehouse_small_narrow_kiva,abrupt,3825,1.9125,1,25,25,0,0.38087499499999994,50.21581460299999,106.89095048501622
exact_even_G4,257578,warehouse_small_narrow_kiva,abrupt,3704,1.852,1,4,4,0,0.022326263,44.716865381,99.19448987199576
exact_even_G5,257578,warehouse_small_narrow_kiva,abrupt,3886,1.943,1,5,5,0,0.029718212000000004,49.166557511000015,101.82021766601247
js_cap_G5,257578,warehouse_small_narrow_kiva,abrupt,3633,1.8165,1,5,5,0,0.099438458,46.273914583999975,101.38821762800217
random_G5,257578,warehouse_small_narrow_kiva,abrupt,3795,1.8975,1,5,5,0,0.103484114,50.942076485000015,104.51759652100736
bootstrap_only,257578,warehouse_small_narrow_kiva,recurrent,3771,1.8855,1,0,0,0,0.003562258,40.38639142,86.80418847699184
context_memory_B25,257578,warehouse_small_narrow_kiva,recurrent,3893,1.9465,1,9,25,0,0.09325713700000002,41.070555446,89.18241458199918
context_no_reactivation_B25,257578,warehouse_small_narrow_kiva,recurrent,3883,1.9415,1,10,25,0,0.16179666199999998,47.788154643,96.10560850499314
exact_even_B25,257578,warehouse_small_narrow_kiva,recurrent,3931,1.9655,1,25,25,0,0.4983475430000001,49.56603541899999,100.53534885297995
exact_even_G4,257578,warehouse_small_narrow_kiva,recurrent,3704,1.852,1,4,4,0,0.026103461,42.048511057000006,88.11634230997879
exact_even_G5,257578,warehouse_small_narrow_kiva,recurrent,3834,1.917,1,5,5,0,0.173783923,41.30783832300002,88.20880179697997
js_cap_G5,257578,warehouse_small_narrow_kiva,recurrent,3814,1.907,1,5,5,0,0.09029176000000001,39.203388755,80.70551175801666
random_G5,257578,warehouse_small_narrow_kiva,recurrent,3775,1.8875,1,5,5,0,0.017718859,39.118789538999984,83.15966906299582
bootstrap_only,257578,warehouse_small_narrow_kiva,stationary,3519,1.7595,1,0,0,0,0.003260036,39.626651426,77.62356796601671
context_memory_B25,257578,warehouse_small_narrow_kiva,stationary,3686,1.843,1,7,25,0,0.14742209900000003,41.223511083000005,79.19751567998901
context_no_reactivation_B25,257578,warehouse_small_narrow_kiva,stationary,3749,1.8745,1,7,25,0,0.13926221099999994,41.196230446000015,81.41137655600323
exact_even_B25,257578,warehouse_small_narrow_kiva,stationary,3743,1.8715,1,25,25,0,0.448916937,40.00586932900002,80.39536600501742
exact_even_G4,257578,warehouse_small_narrow_kiva,stationary,3814,1.907,1,4,4,0,0.15352527500000002,40.333655035999996,78.80030062497826
exact_even_G5,257578,warehouse_small_narrow_kiva,stationary,3685,1.8425,1,5,5,0,0.019703729,40.61443265,78.26375803601695
js_cap_G5,257578,warehouse_small_narrow_kiva,stationary,3820,1.91,1,5,5,0,0.108918982,44.281886476000004,79.18610848998651
random_G5,257578,warehouse_small_narrow_kiva,stationary,3570,1.785,1,5,5,0,0.042947439,42.984682807,83.31632662398624
bootstrap_only,257704,warehouse_small_narrow_kiva,abrupt,3581,1.7905,1,0,0,0,0.003788154,39.167135551,93.80583282597945
context_memory_B25,257704,warehouse_small_narrow_kiva,abrupt,3871,1.9355,1,8,25,0,0.023768205,38.667541204,94.89826468701358
context_no_reactivation_B25,257704,warehouse_small_narrow_kiva,abrupt,3942,1.971,1,7,25,0,0.16289691499999998,40.618387481000006,96.0698549230001
exact_even_B25,257704,warehouse_small_narrow_kiva,abrupt,3947,1.9735,1,25,25,0,0.356321848,46.88634969400001,99.27476823801408
exact_even_G4,257704,warehouse_small_narrow_kiva,abrupt,3698,1.849,1,4,4,0,0.020634333999999997,38.647672826000004,93.40778327098815
exact_even_G5,257704,warehouse_small_narrow_kiva,abrupt,3855,1.9275,1,5,5,0,0.0777806,38.17015416000001,88.97658137601684
js_cap_G5,257704,warehouse_small_narrow_kiva,abrupt,3768,1.884,1,5,5,0,0.021145733,46.56338844500001,92.87793084897567
random_G5,257704,warehouse_small_narrow_kiva,abrupt,3908,1.954,1,5,5,0,0.01789044,38.61475890699999,93.90760307197343
bootstrap_only,257704,warehouse_small_narrow_kiva,recurrent,3598,1.799,1,0,0,0,0.005065119,41.72411977300001,84.31859164999332
context_memory_B25,257704,warehouse_small_narrow_kiva,recurrent,3859,1.9295,1,10,25,0,0.09357908,46.07021288699996,92.22477660499862
context_no_reactivation_B25,257704,warehouse_small_narrow_kiva,recurrent,3864,1.932,1,11,25,0,0.124290601,47.462270019999984,93.14112718199613
exact_even_B25,257704,warehouse_small_narrow_kiva,recurrent,3875,1.9375,1,25,25,0,0.29515471000000004,47.181233118999984,93.62609894099296
exact_even_G4,257704,warehouse_small_narrow_kiva,recurrent,3545,1.7725,1,4,4,0,0.067314708,43.30196215500001,87.61714855802711
exact_even_G5,257704,warehouse_small_narrow_kiva,recurrent,3768,1.884,1,5,5,0,0.173581268,43.91648462599999,87.8077118700021
js_cap_G5,257704,warehouse_small_narrow_kiva,recurrent,3695,1.8475,1,5,5,0,0.025825527,45.29086208000002,86.9326792859938
random_G5,257704,warehouse_small_narrow_kiva,recurrent,3700,1.85,1,5,5,0,0.023222381,47.61775335299997,89.90438974800054
bootstrap_only,257704,warehouse_small_narrow_kiva,stationary,3254,1.627,1,0,0,0,0.004408415,53.938546882999994,95.70403511301265
context_memory_B25,257704,warehouse_small_narrow_kiva,stationary,3915,1.9575,1,5,25,0,0.017896027999999998,55.053939108999984,98.21754416901967
context_no_reactivation_B25,257704,warehouse_small_narrow_kiva,stationary,3892,1.946,1,6,25,0,0.030823792,49.13868747900002,93.08581936001428
exact_even_B25,257704,warehouse_small_narrow_kiva,stationary,3731,1.8655,1,25,25,0,0.167832445,52.028763397999995,97.41210492898244
exact_even_G4,257704,warehouse_small_narrow_kiva,stationary,3739,1.8695,1,4,4,0,0.019045572,52.95712054200001,95.51821673699305
exact_even_G5,257704,warehouse_small_narrow_kiva,stationary,3887,1.9435,1,5,5,0,0.17312329499999998,54.30696243300001,97.99409848899813
js_cap_G5,257704,warehouse_small_narrow_kiva,stationary,3902,1.951,1,5,5,0,0.027661331000000004,50.91968649899998,94.39719329500804
random_G5,257704,warehouse_small_narrow_kiva,stationary,3725,1.8625,1,5,5,0,0.023027004,51.82598745100002,93.38712501598638
bootstrap_only,294860,warehouse_small_narrow_kiva,abrupt,3634,1.817,1,0,0,0,0.005883199,40.239409844,94.20394989300985
context_memory_B25,294860,warehouse_small_narrow_kiva,abrupt,3845,1.9225,1,10,25,0,0.03880213799999999,39.73005880600001,95.97016848201747
context_no_reactivation_B25,294860,warehouse_small_narrow_kiva,abrupt,3927,1.9635,1,8,25,0,0.10567857,39.011413923,94.8883369830146
exact_even_B25,294860,warehouse_small_narrow_kiva,abrupt,3880,1.94,1,25,25,0,0.237480255,35.29503610299999,93.5824554010178
exact_even_G4,294860,warehouse_small_narrow_kiva,abrupt,3621,1.8105,1,4,4,0,0.21539858,38.341442104,92.90521470201202
exact_even_G5,294860,warehouse_small_narrow_kiva,abrupt,3819,1.9095,1,5,5,0,0.03926555599999999,40.52108535200001,96.18515269798809
js_cap_G5,294860,warehouse_small_narrow_kiva,abrupt,3729,1.8645,1,5,5,0,0.017349784,37.487024414,90.31153705902398
random_G5,294860,warehouse_small_narrow_kiva,abrupt,3771,1.8855,1,5,5,0,0.024518958,39.868495567999986,95.50304817201686
bootstrap_only,294860,warehouse_small_narrow_kiva,recurrent,3822,1.911,1,0,0,0,0.073644321,49.611820347000005,104.08236504398519
context_memory_B25,294860,warehouse_small_narrow_kiva,recurrent,3795,1.8975,1,7,25,0,0.092644142,51.422772535999975,107.46977791099926
context_no_reactivation_B25,294860,warehouse_small_narrow_kiva,recurrent,3780,1.89,1,7,25,0,0.24294557900000002,50.15803108899999,108.38767444298719
exact_even_B25,294860,warehouse_small_narrow_kiva,recurrent,3845,1.9225,1,25,25,0,0.5427797539999998,47.98303638299999,106.00773202098208
exact_even_G4,294860,warehouse_small_narrow_kiva,recurrent,3611,1.8055,1,4,4,0,0.022214026999999997,48.476342188000004,102.91051503299968
exact_even_G5,294860,warehouse_small_narrow_kiva,recurrent,3560,1.78,1,5,5,0,0.10802729900000001,52.00727837099999,107.48806476700702
js_cap_G5,294860,warehouse_small_narrow_kiva,recurrent,3893,1.9465,1,5,5,0,0.096932165,49.27973020300001,104.11022776601021
random_G5,294860,warehouse_small_narrow_kiva,recurrent,3721,1.8605,1,5,5,0,0.093686495,49.57754502099998,97.10724708199268
bootstrap_only,294860,warehouse_small_narrow_kiva,stationary,3730,1.865,1,0,0,0,0.073442545,51.76320819800002,93.9775827070116
context_memory_B25,294860,warehouse_small_narrow_kiva,stationary,3876,1.938,1,9,25,0,0.10052235200000001,51.102567036000025,94.2022705230047
context_no_reactivation_B25,294860,warehouse_small_narrow_kiva,stationary,3912,1.956,1,8,25,0,0.10606222099999998,49.9439193,94.410332355008
exact_even_B25,294860,warehouse_small_narrow_kiva,stationary,3930,1.965,1,25,25,0,0.283738524,50.093775365000006,97.58623265699134
exact_even_G4,294860,warehouse_small_narrow_kiva,stationary,3837,1.9185,1,4,4,0,0.087107005,52.141994581,93.31220184999984
exact_even_G5,294860,warehouse_small_narrow_kiva,stationary,3780,1.89,1,5,5,0,0.099152261,52.415582128,95.72569247198408
js_cap_G5,294860,warehouse_small_narrow_kiva,stationary,3930,1.965,1,5,5,0,0.020819389,48.437108069999994,84.49857667501783
random_G5,294860,warehouse_small_narrow_kiva,stationary,3918,1.959,1,5,5,0,0.08573497100000001,49.31775861099999,93.50744392699562
bootstrap_only,330180,warehouse_small_narrow_kiva,abrupt,3894,1.947,1,0,0,0,0.006344718,38.208827307,82.18297604098916
context_memory_B25,330180,warehouse_small_narrow_kiva,abrupt,3849,1.9245,1,9,25,0,0.090317089,40.43470261099999,86.97890293499222
context_no_reactivation_B25,330180,warehouse_small_narrow_kiva,abrupt,3905,1.9525,1,10,25,0,0.09516717100000001,38.93078494400001,86.01827657100512
exact_even_B25,330180,warehouse_small_narrow_kiva,abrupt,3831,1.9155,1,25,25,0,0.33760012899999997,40.317904037999995,88.50203690998023
exact_even_G4,330180,warehouse_small_narrow_kiva,abrupt,3646,1.823,1,4,4,0,0.08247178999999999,46.44638465100002,89.77144107597996
exact_even_G5,330180,warehouse_small_narrow_kiva,abrupt,3800,1.9,1,5,5,0,0.16878495,38.494570527000015,85.65260950900847
js_cap_G5,330180,warehouse_small_narrow_kiva,abrupt,3792,1.896,1,5,5,0,0.024737659999999998,49.414521541000006,95.99302128501586
random_G5,330180,warehouse_small_narrow_kiva,abrupt,3770,1.885,1,5,5,0,0.029075742000000005,40.90534993600001,88.10416099798749
bootstrap_only,330180,warehouse_small_narrow_kiva,recurrent,3686,1.843,1,0,0,0,0.004557638,46.22869976800002,87.2154954810103
context_memory_B25,330180,warehouse_small_narrow_kiva,recurrent,3899,1.9495,1,12,25,0,0.08994758800000001,49.49762888099998,95.01647683299961
context_no_reactivation_B25,330180,warehouse_small_narrow_kiva,recurrent,3844,1.922,1,9,25,0,0.053304131,45.3597547,93.51826783901197
exact_even_B25,330180,warehouse_small_narrow_kiva,recurrent,3790,1.895,1,25,25,0,0.3538209,46.01582268099999,95.6841378340032
exact_even_G4,330180,warehouse_small_narrow_kiva,recurrent,3674,1.837,1,4,4,0,0.017251481,45.202408915999996,89.50310384799377
exact_even_G5,330180,warehouse_small_narrow_kiva,recurrent,3833,1.9165,1,5,5,0,0.020999048,47.30715680999999,90.99658521299716
js_cap_G5,330180,warehouse_small_narrow_kiva,recurrent,3744,1.872,1,5,5,0,0.148943545,42.075668193999995,86.21923002801486
random_G5,330180,warehouse_small_narrow_kiva,recurrent,3811,1.9055,1,5,5,0,0.09989940900000001,42.770200904,87.62763871799689
bootstrap_only,330180,warehouse_small_narrow_kiva,stationary,2999,1.4995,1,0,0,0,0.003345107,44.426014834000014,77.50393641402479
context_memory_B25,330180,warehouse_small_narrow_kiva,stationary,3907,1.9535,1,10,25,0,0.141273276,46.842351091000005,83.40251603501383
context_no_reactivation_B25,330180,warehouse_small_narrow_kiva,stationary,3841,1.9205,1,9,25,0,0.038617635,46.880470288,84.51901697699213
exact_even_B25,330180,warehouse_small_narrow_kiva,stationary,3925,1.9625,1,25,25,0,0.30658869799999994,45.71438685299999,87.19185003600433
exact_even_G4,330180,warehouse_small_narrow_kiva,stationary,3713,1.8565,1,4,4,0,0.140066603,46.601537701,80.29071192801348
exact_even_G5,330180,warehouse_small_narrow_kiva,stationary,3864,1.932,1,5,5,0,0.025157131,48.92292544799997,80.7899460689805
js_cap_G5,330180,warehouse_small_narrow_kiva,stationary,3956,1.978,1,5,5,0,0.03159977,47.775656146999985,82.33085444101016
random_G5,330180,warehouse_small_narrow_kiva,stationary,3924,1.962,1,5,5,0,0.15477403099999998,47.95513406699999,80.09834528400097
bootstrap_only,362413,warehouse_small_narrow_kiva,abrupt,3855,1.9275,1,0,0,0,0.004540105,45.855343315999995,87.50083322401042
context_memory_B25,362413,warehouse_small_narrow_kiva,abrupt,3933,1.9665,1,9,25,0,0.04208494300000001,44.915981388,90.93218218101538
context_no_reactivation_B25,362413,warehouse_small_narrow_kiva,abrupt,3821,1.9105,1,8,25,0,0.033717248000000005,46.437927932,90.59381363898865
exact_even_B25,362413,warehouse_small_narrow_kiva,abrupt,3875,1.9375,1,25,25,0,0.277265478,44.180903146,93.20202664801036
exact_even_G4,362413,warehouse_small_narrow_kiva,abrupt,3665,1.8325,1,4,4,0,0.019444345000000002,44.672138699,84.7086766139837
exact_even_G5,362413,warehouse_small_narrow_kiva,abrupt,3907,1.9535,1,5,5,0,0.0208528,45.83646749900001,88.83216635900317
js_cap_G5,362413,warehouse_small_narrow_kiva,abrupt,3922,1.961,1,5,5,0,0.148881751,44.88301970300001,89.71617909200722
random_G5,362413,warehouse_small_narrow_kiva,abrupt,3884,1.942,1,5,5,0,0.018728843000000002,46.51036770499999,89.98547979502473
bootstrap_only,362413,warehouse_small_narrow_kiva,recurrent,3708,1.854,1,0,0,0,0.003812399,41.61408956700002,85.69688345701434
context_memory_B25,362413,warehouse_small_narrow_kiva,recurrent,3869,1.9345,1,10,25,0,0.07661649400000001,45.852191037999994,90.41008481598692
context_no_reactivation_B25,362413,warehouse_small_narrow_kiva,recurrent,3923,1.9615,1,10,25,0,0.174606204,47.723042796,95.89419891001307
exact_even_B25,362413,warehouse_small_narrow_kiva,recurrent,3902,1.951,1,25,25,0,0.22101485500000007,48.07061305100001,96.79122865298996
exact_even_G4,362413,warehouse_small_narrow_kiva,recurrent,3602,1.801,1,4,4,0,0.07780604599999999,41.75978875300001,86.79735728001106
exact_even_G5,362413,warehouse_small_narrow_kiva,recurrent,3850,1.925,1,5,5,0,0.022626357,43.62556058299999,88.697724002006
js_cap_G5,362413,warehouse_small_narrow_kiva,recurrent,3744,1.872,1,5,5,0,0.09225951199999999,43.78586119900001,88.80346692199237
random_G5,362413,warehouse_small_narrow_kiva,recurrent,3905,1.9525,1,5,5,0,0.024500383,39.411066911,83.97799296298763
bootstrap_only,362413,warehouse_small_narrow_kiva,stationary,3712,1.856,1,0,0,0,0.003623553,51.81790117700001,95.18168684400734
context_memory_B25,362413,warehouse_small_narrow_kiva,stationary,3838,1.919,1,5,25,0,0.007567552,52.08908985799997,94.0217854270013
context_no_reactivation_B25,362413,warehouse_small_narrow_kiva,stationary,3924,1.962,1,7,25,0,0.10642140000000001,52.40275139100003,100.20839818599052
exact_even_B25,362413,warehouse_small_narrow_kiva,stationary,3886,1.943,1,25,25,0,0.25013602200000007,52.85546057399999,102.09782993700355
exact_even_G4,362413,warehouse_small_narrow_kiva,stationary,3833,1.9165,1,4,4,0,0.153530421,53.28870216800002,97.5943949779903
exact_even_G5,362413,warehouse_small_narrow_kiva,stationary,3845,1.9225,1,5,5,0,0.097351985,53.50222468100001,93.78116650201264
js_cap_G5,362413,warehouse_small_narrow_kiva,stationary,3912,1.956,1,5,5,0,0.10156396000000001,52.52017207100002,95.98648675301229
random_G5,362413,warehouse_small_narrow_kiva,stationary,3903,1.9515,1,5,5,0,0.023608999999999998,53.811906253000004,98.11552169601782
bootstrap_only,371204,warehouse_small_narrow_kiva,abrupt,3612,1.806,1,0,0,0,0.012626634,42.048653817,90.51078928000061
context_memory_B25,371204,warehouse_small_narrow_kiva,abrupt,3854,1.927,1,11,25,0,0.16226493899999997,44.62895000499998,93.1965757519938
context_no_reactivation_B25,371204,warehouse_small_narrow_kiva,abrupt,3876,1.938,1,9,25,0,0.09568787499999999,41.811914287000015,92.47876239998732
exact_even_B25,371204,warehouse_small_narrow_kiva,abrupt,3967,1.9835,1,25,25,0,0.413191548,45.763431216000015,91.69321666599717
exact_even_G4,371204,warehouse_small_narrow_kiva,abrupt,3769,1.8845,1,4,4,0,0.08798178200000001,43.325315212000014,87.13283078299719
exact_even_G5,371204,warehouse_small_narrow_kiva,abrupt,3902,1.951,1,5,5,0,0.090077004,43.606805158000014,88.92177679101587
js_cap_G5,371204,warehouse_small_narrow_kiva,abrupt,3844,1.922,1,5,5,0,0.021693922,43.76588822200001,91.70366893400205
random_G5,371204,warehouse_small_narrow_kiva,abrupt,3910,1.955,1,5,5,0,0.09402250599999999,43.16651909200001,90.190530975
bootstrap_only,371204,warehouse_small_narrow_kiva,recurrent,3770,1.885,1,0,0,0,0.003124603,47.21761850300001,90.58882742599235
context_memory_B25,371204,warehouse_small_narrow_kiva,recurrent,3943,1.9715,1,8,25,0,0.089847054,43.57450116300003,89.21686779300217
context_no_reactivation_B25,371204,warehouse_small_narrow_kiva,recurrent,3798,1.899,1,8,25,0,0.100376621,44.53802998099998,92.30800480998005
exact_even_B25,371204,warehouse_small_narrow_kiva,recurrent,3908,1.954,1,25,25,0,0.361230696,42.59889955800003,93.52838431298733
exact_even_G4,371204,warehouse_small_narrow_kiva,recurrent,3639,1.8195,1,4,4,0,0.015440076,46.902289359000015,88.93582590800361
exact_even_G5,371204,warehouse_small_narrow_kiva,recurrent,3951,1.9755,1,5,5,0,0.01681837,45.68131004100002,89.72165678598685
js_cap_G5,371204,warehouse_small_narrow_kiva,recurrent,3915,1.9575,1,5,5,0,0.022707249,47.82853442699998,88.98883952401229
random_G5,371204,warehouse_small_narrow_kiva,recurrent,3902,1.951,1,5,5,0,0.023687235,45.88062153699999,89.98930740301148
bootstrap_only,371204,warehouse_small_narrow_kiva,stationary,3278,1.639,1,0,0,0,0.082150863,47.85002235200002,89.59660585800884
context_memory_B25,371204,warehouse_small_narrow_kiva,stationary,3883,1.9415,1,10,25,0,0.08327037,49.344203801999974,92.00241197698051
context_no_reactivation_B25,371204,warehouse_small_narrow_kiva,stationary,3919,1.9595,1,10,25,0,0.043972752000000004,48.61019550699998,94.28758858298534
exact_even_B25,371204,warehouse_small_narrow_kiva,stationary,3880,1.94,1,25,25,0,0.37769169499999994,49.57714042199999,96.60961597200367
exact_even_G4,371204,warehouse_small_narrow_kiva,stationary,3850,1.925,1,4,4,0,0.086773228,47.167280491,86.6984347460093
exact_even_G5,371204,warehouse_small_narrow_kiva,stationary,3882,1.941,1,5,5,0,0.025037283999999996,49.251267927000015,91.78735452299588
js_cap_G5,371204,warehouse_small_narrow_kiva,stationary,3892,1.946,1,5,5,0,0.23302441100000004,50.876377096999995,95.29362557298737
random_G5,371204,warehouse_small_narrow_kiva,stationary,3891,1.9455,1,5,5,0,0.166099517,50.484296785,91.01039338400005
bootstrap_only,381214,warehouse_small_narrow_kiva,abrupt,3793,1.8965,1,0,0,0,0.002991789,44.580352656,88.7179223879939
context_memory_B25,381214,warehouse_small_narrow_kiva,abrupt,3848,1.924,1,8,25,0,0.097895574,46.713431594999996,91.92202893499052
context_no_reactivation_B25,381214,warehouse_small_narrow_kiva,abrupt,3926,1.963,1,7,25,0,0.09489144099999999,46.74835538899998,93.89592077198904
exact_even_B25,381214,warehouse_small_narrow_kiva,abrupt,3849,1.9245,1,25,25,0,0.22154372099999997,44.09097109200002,90.90338465099921
exact_even_G4,381214,warehouse_small_narrow_kiva,abrupt,3673,1.8365,1,4,4,0,0.039654254,43.24759017199999,87.01286073797382
exact_even_G5,381214,warehouse_small_narrow_kiva,abrupt,3914,1.957,1,5,5,0,0.09581899999999999,45.08168189600001,90.92633911798475
js_cap_G5,381214,warehouse_small_narrow_kiva,abrupt,3557,1.7785,1,5,5,0,0.07473791399999999,40.142647076000024,83.27089625399094
random_G5,381214,warehouse_small_narrow_kiva,abrupt,3818,1.909,1,5,5,0,0.34352616300000005,42.94007745199999,87.18720329599455
bootstrap_only,381214,warehouse_small_narrow_kiva,recurrent,3738,1.869,1,0,0,0,0.004164057,42.836762281000034,87.6317616830056
context_memory_B25,381214,warehouse_small_narrow_kiva,recurrent,3929,1.9645,1,11,25,0,0.023694444000000002,43.58097115200001,89.43064657499781
context_no_reactivation_B25,381214,warehouse_small_narrow_kiva,recurrent,3921,1.9605,1,8,25,0,0.22081009,41.10765382000001,90.30722719201003
exact_even_B25,381214,warehouse_small_narrow_kiva,recurrent,3930,1.965,1,25,25,0,0.294749556,45.365949944000015,93.89554208400659
exact_even_G4,381214,warehouse_small_narrow_kiva,recurrent,3747,1.8735,1,4,4,0,0.14141298200000002,40.57057321700001,84.33314652301488
exact_even_G5,381214,warehouse_small_narrow_kiva,recurrent,3866,1.933,1,5,5,0,0.07541202600000001,42.365481024999994,85.19281075699837
js_cap_G5,381214,warehouse_small_narrow_kiva,recurrent,3888,1.944,1,5,5,0,0.150707339,43.292022572000036,88.07664241999737
random_G5,381214,warehouse_small_narrow_kiva,recurrent,3726,1.863,1,5,5,0,0.072924755,43.540336970999995,88.48629212801461
bootstrap_only,381214,warehouse_small_narrow_kiva,stationary,3904,1.952,1,0,0,0,0.003031683,48.89174910599999,91.00276215802296
context_memory_B25,381214,warehouse_small_narrow_kiva,stationary,3953,1.9765,1,6,25,0,0.022251269,50.44948863599999,94.41597893598373
context_no_reactivation_B25,381214,warehouse_small_narrow_kiva,stationary,3936,1.968,1,5,25,0,0.16703847000000002,46.88315622899999,94.598543738015
exact_even_B25,381214,warehouse_small_narrow_kiva,stationary,3926,1.963,1,25,25,0,0.309627528,47.19469743099999,98.29330320301233
exact_even_G4,381214,warehouse_small_narrow_kiva,stationary,3945,1.9725,1,4,4,0,0.09655949500000001,48.90457545200001,90.38791679497808
exact_even_G5,381214,warehouse_small_narrow_kiva,stationary,3920,1.96,1,5,5,0,0.026298753,45.021180621,87.97852012098883
js_cap_G5,381214,warehouse_small_narrow_kiva,stationary,3906,1.953,1,5,5,0,0.032770073999999996,50.51946908899998,96.2062801340071
random_G5,381214,warehouse_small_narrow_kiva,stationary,3955,1.9775,1,5,5,0,0.157865326,47.51045819200001,90.01102725800592
bootstrap_only,398397,warehouse_small_narrow_kiva,abrupt,3679,1.8395,1,0,0,0,0.077273838,50.549530541,103.00593742000638
context_memory_B25,398397,warehouse_small_narrow_kiva,abrupt,3838,1.919,1,11,25,0,0.022182911,52.31763032700002,109.08600512702833
context_no_reactivation_B25,398397,warehouse_small_narrow_kiva,abrupt,3918,1.959,1,10,25,0,0.196340372,52.769514582999975,110.51769043400418
exact_even_B25,398397,warehouse_small_narrow_kiva,abrupt,3885,1.9425,1,25,25,0,0.61849474,52.425323639999974,109.59609929600265
exact_even_G4,398397,warehouse_small_narrow_kiva,abrupt,3661,1.8305,1,4,4,0,0.166279488,51.485546656000004,104.80219089300954
exact_even_G5,398397,warehouse_small_narrow_kiva,abrupt,3716,1.858,1,5,5,0,0.09670844199999999,49.482324288000015,105.01610994999646
js_cap_G5,398397,warehouse_small_narrow_kiva,abrupt,3740,1.87,1,5,5,0,0.044846375,48.84786179099999,104.69710306997877
random_G5,398397,warehouse_small_narrow_kiva,abrupt,3803,1.9015,1,5,5,0,0.111322105,51.629801102,108.5868825679936
bootstrap_only,398397,warehouse_small_narrow_kiva,recurrent,3777,1.8885,1,0,0,0,0.071014812,47.49535100799999,89.72531942499336
context_memory_B25,398397,warehouse_small_narrow_kiva,recurrent,3894,1.947,1,11,25,0,0.09687833200000001,47.389685297999975,94.72014768701047
context_no_reactivation_B25,398397,warehouse_small_narrow_kiva,recurrent,3906,1.953,1,12,25,0,0.110497742,45.67091210100002,93.20327747502597
exact_even_B25,398397,warehouse_small_narrow_kiva,recurrent,3871,1.9355,1,25,25,0,0.35866443500000006,46.08762466899998,94.89894750001258
exact_even_G4,398397,warehouse_small_narrow_kiva,recurrent,3674,1.837,1,4,4,0,0.013607787,48.126427787999994,93.2126393270155
exact_even_G5,398397,warehouse_small_narrow_kiva,recurrent,3760,1.88,1,5,5,0,0.154741757,47.88375471000002,93.80191349002416
js_cap_G5,398397,warehouse_small_narrow_kiva,recurrent,3819,1.9095,1,5,5,0,0.149046362,46.18899931300001,90.08045619499171
random_G5,398397,warehouse_small_narrow_kiva,recurrent,3892,1.946,1,5,5,0,0.07974922000000001,47.406041073000004,89.41230904997792
bootstrap_only,398397,warehouse_small_narrow_kiva,stationary,3812,1.906,1,0,0,0,0.003404141,43.50224934299999,77.98759690500447
context_memory_B25,398397,warehouse_small_narrow_kiva,stationary,3899,1.9495,1,6,25,0,0.015014471,45.16702602899999,79.79758479900192
context_no_reactivation_B25,398397,warehouse_small_narrow_kiva,stationary,3901,1.9505,1,8,25,0,0.20928741900000003,44.90389810800002,83.2052579340234
exact_even_B25,398397,warehouse_small_narrow_kiva,stationary,3936,1.968,1,25,25,0,0.22020399799999996,46.72893491700001,87.61477074798313
exact_even_G4,398397,warehouse_small_narrow_kiva,stationary,3947,1.9735,1,4,4,0,0.068926352,43.923158341000004,77.00492136200774
exact_even_G5,398397,warehouse_small_narrow_kiva,stationary,3927,1.9635,1,5,5,0,0.07755906200000001,45.722996901,80.29683637898415
js_cap_G5,398397,warehouse_small_narrow_kiva,stationary,3946,1.973,1,5,5,0,0.07516602100000001,44.234976419,79.07571776598343
random_G5,398397,warehouse_small_narrow_kiva,stationary,3928,1.964,1,5,5,0,0.233178193,45.470448485999995,82.19740629699663
bootstrap_only,429853,warehouse_small_narrow_kiva,abrupt,3802,1.901,1,0,0,0,0.004527997,45.555134243999994,87.80404170500697
context_memory_B25,429853,warehouse_small_narrow_kiva,abrupt,3740,1.87,1,11,25,0,0.16382679,51.092259394999985,96.6909702240082
context_no_reactivation_B25,429853,warehouse_small_narrow_kiva,abrupt,3890,1.945,1,10,25,0,0.125004786,47.403709033,95.18491202202858
exact_even_B25,429853,warehouse_small_narrow_kiva,abrupt,3891,1.9455,1,25,25,0,0.14670174,45.49165555399998,94.80091469699983
exact_even_G4,429853,warehouse_small_narrow_kiva,abrupt,3668,1.834,1,4,4,0,0.015794619000000003,47.36982537500001,88.69108853198122
exact_even_G5,429853,warehouse_small_narrow_kiva,abrupt,3832,1.916,1,5,5,0,0.08875072799999999,44.78070782199998,85.57505335699534
js_cap_G5,429853,warehouse_small_narrow_kiva,abrupt,3695,1.8475,1,5,5,0,0.084656731,46.70116348699999,91.50915466199513
random_G5,429853,warehouse_small_narrow_kiva,abrupt,3871,1.9355,1,5,5,0,0.020830566000000002,51.96995022700002,92.29377455401118
bootstrap_only,429853,warehouse_small_narrow_kiva,recurrent,3767,1.8835,1,0,0,0,0.0039895,51.29717437700001,107.59616961301072
context_memory_B25,429853,warehouse_small_narrow_kiva,recurrent,3744,1.872,1,9,25,0,0.08698508399999999,47.94594012800004,99.09153803100344
context_no_reactivation_B25,429853,warehouse_small_narrow_kiva,recurrent,3941,1.9705,1,9,25,0,0.117011646,48.35222890599999,104.29172928698245
exact_even_B25,429853,warehouse_small_narrow_kiva,recurrent,3915,1.9575,1,25,25,0,0.32642769299999996,50.47260666,110.51961408398347
exact_even_G4,429853,warehouse_small_narrow_kiva,recurrent,3741,1.8705,1,4,4,0,0.023196554,49.986307171,104.1967659300135
exact_even_G5,429853,warehouse_small_narrow_kiva,recurrent,3944,1.972,1,5,5,0,0.025049833,50.004583406000016,105.60113644899684
js_cap_G5,429853,warehouse_small_narrow_kiva,recurrent,3805,1.9025,1,5,5,0,0.024795256,49.49033342400002,104.72503395800595
random_G5,429853,warehouse_small_narrow_kiva,recurrent,3873,1.9365,1,5,5,0,0.09769204100000001,51.25228676600002,102.37690907501383
bootstrap_only,429853,warehouse_small_narrow_kiva,stationary,3844,1.922,1,0,0,0,0.003008327,51.324754972999976,94.41058634201181
context_memory_B25,429853,warehouse_small_narrow_kiva,stationary,3917,1.9585,1,9,25,0,0.013242798,50.141006301000004,96.50966759599396
context_no_reactivation_B25,429853,warehouse_small_narrow_kiva,stationary,3786,1.893,1,9,25,0,0.11374778199999999,47.23180041499998,90.51755756200873
exact_even_B25,429853,warehouse_small_narrow_kiva,stationary,3708,1.854,1,25,25,0,0.31465365999999995,53.15252743399999,102.69359665899538
exact_even_G4,429853,warehouse_small_narrow_kiva,stationary,3603,1.8015,1,4,4,0,0.092709182,52.583324115999986,94.1730708690011
exact_even_G5,429853,warehouse_small_narrow_kiva,stationary,3858,1.929,1,5,5,0,0.089982052,51.178330917999986,93.2132204619993
js_cap_G5,429853,warehouse_small_narrow_kiva,stationary,3885,1.9425,1,5,5,0,0.023289213,49.62534321199998,93.30504886101699
random_G5,429853,warehouse_small_narrow_kiva,stationary,3585,1.7925,1,5,5,0,0.15795999000000002,47.810073763,89.68506346800132
bootstrap_only,461566,warehouse_small_narrow_kiva,abrupt,3825,1.9125,1,0,0,0,0.003798735,49.871141347000005,92.8193604160042
context_memory_B25,461566,warehouse_small_narrow_kiva,abrupt,3829,1.9145,1,11,25,0,0.097990028,47.17332689699997,95.01268642500509
context_no_reactivation_B25,461566,warehouse_small_narrow_kiva,abrupt,3901,1.9505,1,11,25,0,0.12914301199999997,47.32604776099999,94.79120733600575
exact_even_B25,461566,warehouse_small_narrow_kiva,abrupt,3876,1.938,1,25,25,0,0.178288398,48.27344593900001,97.00366127502639
exact_even_G4,461566,warehouse_small_narrow_kiva,abrupt,3593,1.7965,1,4,4,0,0.019371233,46.651637470999965,88.98152882300201
exact_even_G5,461566,warehouse_small_narrow_kiva,abrupt,3842,1.921,1,5,5,0,0.170300939,45.645957077000006,85.89553899300518
js_cap_G5,461566,warehouse_small_narrow_kiva,abrupt,3829,1.9145,1,5,5,0,0.024133630000000003,45.931106346,91.68221741399611
random_G5,461566,warehouse_small_narrow_kiva,abrupt,3716,1.858,1,5,5,0,0.14122228800000003,45.844400206,89.57255798997357
bootstrap_only,461566,warehouse_small_narrow_kiva,recurrent,3863,1.9315,1,0,0,0,0.002575481,50.97811167399998,105.18755460501416
context_memory_B25,461566,warehouse_small_narrow_kiva,recurrent,3834,1.917,1,9,25,0,0.24085370199999998,47.235618037,106.99281035800232
context_no_reactivation_B25,461566,warehouse_small_narrow_kiva,recurrent,3904,1.952,1,9,25,0,0.17290871,49.83246199299998,109.70230200601509
exact_even_B25,461566,warehouse_small_narrow_kiva,recurrent,3848,1.924,1,25,25,0,0.44671615,46.98751515499998,107.19051125098485
exact_even_G4,461566,warehouse_small_narrow_kiva,recurrent,3517,1.7585,1,4,4,0,0.08851653100000001,46.88742802400001,97.80361310500302
exact_even_G5,461566,warehouse_small_narrow_kiva,recurrent,3904,1.952,1,5,5,0,0.09386317500000001,49.433062721999995,99.58077795698773
js_cap_G5,461566,warehouse_small_narrow_kiva,recurrent,3844,1.922,1,5,5,0,0.024752738000000003,44.518375884,97.59524186700583
random_G5,461566,warehouse_small_narrow_kiva,recurrent,3944,1.972,1,5,5,0,0.024189233,48.20498539,103.70765164299519
bootstrap_only,461566,warehouse_small_narrow_kiva,stationary,3901,1.9505,1,0,0,0,0.006532099,45.99820132199999,91.10000572199351
context_memory_B25,461566,warehouse_small_narrow_kiva,stationary,3855,1.9275,1,8,25,0,0.009247452,47.67486083000001,93.12340019398835
context_no_reactivation_B25,461566,warehouse_small_narrow_kiva,stationary,3957,1.9785,1,8,25,0,0.10504989700000002,48.52121703999999,96.90065472800052
exact_even_B25,461566,warehouse_small_narrow_kiva,stationary,3928,1.964,1,25,25,0,0.377084201,48.130474001000024,98.89473393300432
exact_even_G4,461566,warehouse_small_narrow_kiva,stationary,3935,1.9675,1,4,4,0,0.019874279999999998,46.83599415299999,89.30063304197392
exact_even_G5,461566,warehouse_small_narrow_kiva,stationary,3943,1.9715,1,5,5,0,0.094505506,47.095662238999985,90.59444439498475
js_cap_G5,461566,warehouse_small_narrow_kiva,stationary,3951,1.9755,1,5,5,0,0.025145258000000004,46.40620422099999,86.20403995699598
random_G5,461566,warehouse_small_narrow_kiva,stationary,3937,1.9685,1,5,5,0,0.025274251000000005,46.526561853000004,88.81333475399879
bootstrap_only,491276,warehouse_small_narrow_kiva,abrupt,3638,1.819,1,0,0,0,0.0049386,47.16039699200001,89.0909204359923
context_memory_B25,491276,warehouse_small_narrow_kiva,abrupt,3787,1.8935,1,10,25,0,0.17689923600000002,44.97495992600002,92.59629104100168
context_no_reactivation_B25,491276,warehouse_small_narrow_kiva,abrupt,3826,1.913,1,10,25,0,0.11178495499999998,46.899023715000006,93.73834435100434
exact_even_B25,491276,warehouse_small_narrow_kiva,abrupt,3939,1.9695,1,25,25,0,0.3758994420000001,46.807301665999994,95.61774815100944
exact_even_G4,491276,warehouse_small_narrow_kiva,abrupt,3711,1.8555,1,4,4,0,0.074745326,44.502864809,86.87544833298307
exact_even_G5,491276,warehouse_small_narrow_kiva,abrupt,3865,1.9325,1,5,5,0,0.022486731,46.06612641600002,89.96378541199374
js_cap_G5,491276,warehouse_small_narrow_kiva,abrupt,3776,1.888,1,5,5,0,0.021724881,46.87169973500002,93.01244708301965
random_G5,491276,warehouse_small_narrow_kiva,abrupt,3870,1.935,1,5,5,0,0.02573777,48.975322205000005,93.50980635901215
bootstrap_only,491276,warehouse_small_narrow_kiva,recurrent,3822,1.911,1,0,0,0,0.003619613,48.290344620000006,96.50305298500462
context_memory_B25,491276,warehouse_small_narrow_kiva,recurrent,3851,1.9255,1,10,25,0,0.022309008000000005,49.387428832000005,98.12275888302247
context_no_reactivation_B25,491276,warehouse_small_narrow_kiva,recurrent,3819,1.9095,1,11,25,0,0.180371557,47.639423612999984,97.7055527579796
exact_even_B25,491276,warehouse_small_narrow_kiva,recurrent,3865,1.9325,1,25,25,0,0.232685194,46.758474629,95.30803088401444
exact_even_G4,491276,warehouse_small_narrow_kiva,recurrent,3589,1.7945,1,4,4,0,0.017996969,46.454887558999985,93.54525519101298
exact_even_G5,491276,warehouse_small_narrow_kiva,recurrent,3793,1.8965,1,5,5,0,0.019956273,46.20457252899999,92.3737006940064
js_cap_G5,491276,warehouse_small_narrow_kiva,recurrent,3637,1.8185,1,5,5,0,0.162177351,48.424190284000005,96.02641160000348
random_G5,491276,warehouse_small_narrow_kiva,recurrent,3822,1.911,1,5,5,0,0.018140085,47.01943901199997,94.62062549599796
bootstrap_only,491276,warehouse_small_narrow_kiva,stationary,3945,1.9725,1,0,0,0,0.002918864,49.41771863199999,91.68567728699418
context_memory_B25,491276,warehouse_small_narrow_kiva,stationary,3919,1.9595,1,8,25,0,0.090046355,49.60755504899999,93.39060495101148
context_no_reactivation_B25,491276,warehouse_small_narrow_kiva,stationary,3851,1.9255,1,9,25,0,0.11157470900000001,53.356434145,100.50408484399668
exact_even_B25,491276,warehouse_small_narrow_kiva,stationary,3912,1.956,1,25,25,0,0.38542132300000004,50.280367706000014,101.61262908898061
exact_even_G4,491276,warehouse_small_narrow_kiva,stationary,3883,1.9415,1,4,4,0,0.091432413,50.26741603600001,91.99684996798169
exact_even_G5,491276,warehouse_small_narrow_kiva,stationary,3817,1.9085,1,5,5,0,0.022035067999999998,52.76553615600002,96.79754746399703
js_cap_G5,491276,warehouse_small_narrow_kiva,stationary,3937,1.9685,1,5,5,0,0.020550003999999997,50.473847152,92.90069824300008
random_G5,491276,warehouse_small_narrow_kiva,stationary,3616,1.808,1,5,5,0,0.16745116999999998,49.44849555100001,93.18238821299747
bootstrap_only,500976,warehouse_small_narrow_kiva,abrupt,3678,1.839,1,0,0,0,0.006243291,54.01523326199999,105.10851586301578
context_memory_B25,500976,warehouse_small_narrow_kiva,abrupt,3922,1.961,1,11,25,0,0.117654822,51.56131443699999,107.10152712400304
context_no_reactivation_B25,500976,warehouse_small_narrow_kiva,abrupt,3875,1.9375,1,9,25,0,0.32027972399999993,55.261645859,111.70489627899951
exact_even_B25,500976,warehouse_small_narrow_kiva,abrupt,3919,1.9595,1,25,25,0,0.602637144,54.78853353199999,115.19426931199268
exact_even_G4,500976,warehouse_small_narrow_kiva,abrupt,3640,1.82,1,4,4,0,0.08917918,53.208299939,107.52009968200582
exact_even_G5,500976,warehouse_small_narrow_kiva,abrupt,3795,1.8975,1,5,5,0,0.166595665,52.142432194999984,106.48420010201517
js_cap_G5,500976,warehouse_small_narrow_kiva,abrupt,3718,1.859,1,5,5,0,0.168296843,52.840084807000004,109.41966335801408
random_G5,500976,warehouse_small_narrow_kiva,abrupt,3903,1.9515,1,5,5,0,0.029954286,52.858230415,108.70428376400378
bootstrap_only,500976,warehouse_small_narrow_kiva,recurrent,3800,1.9,1,0,0,0,0.074147265,49.609952907,100.90299421199597
context_memory_B25,500976,warehouse_small_narrow_kiva,recurrent,3861,1.9305,1,9,25,0,0.025025412,55.846849292,115.12354973598849
context_no_reactivation_B25,500976,warehouse_small_narrow_kiva,recurrent,3857,1.9285,1,8,25,0,0.182140511,52.146805486999995,110.80500971298898
exact_even_B25,500976,warehouse_small_narrow_kiva,recurrent,3911,1.9555,1,25,25,0,0.24817918900000002,51.307641454,112.80779076801264
exact_even_G4,500976,warehouse_small_narrow_kiva,recurrent,3620,1.81,1,4,4,0,0.096710847,54.03656300799999,110.78693529599695
exact_even_G5,500976,warehouse_small_narrow_kiva,recurrent,3855,1.9275,1,5,5,0,0.183458069,53.00847766399999,106.6999955829815
js_cap_G5,500976,warehouse_small_narrow_kiva,recurrent,3819,1.9095,1,5,5,0,0.09195708899999998,52.43362359599999,104.10733604300185
random_G5,500976,warehouse_small_narrow_kiva,recurrent,3712,1.856,1,5,5,0,0.09388093700000001,50.90653602200001,107.4056776179932
bootstrap_only,500976,warehouse_small_narrow_kiva,stationary,3168,1.584,1,0,0,0,0.003365514,44.790051115,78.08627055198303
context_memory_B25,500976,warehouse_small_narrow_kiva,stationary,3923,1.9615,1,7,25,0,0.088280525,51.34725659899999,87.9147512880154
context_no_reactivation_B25,500976,warehouse_small_narrow_kiva,stationary,3900,1.95,1,8,25,0,0.032131273,45.29542862300002,84.72451560699847
exact_even_B25,500976,warehouse_small_narrow_kiva,stationary,3925,1.9625,1,25,25,0,0.47383518199999997,47.466070206000005,85.30058307800209
exact_even_G4,500976,warehouse_small_narrow_kiva,stationary,3933,1.9665,1,4,4,0,0.019498124,49.204501544999985,85.92865412399988
exact_even_G5,500976,warehouse_small_narrow_kiva,stationary,3942,1.971,1,5,5,0,0.09782972,48.311249754000016,84.46679594999296
js_cap_G5,500976,warehouse_small_narrow_kiva,stationary,3914,1.957,1,5,5,0,0.027981318,47.27347734000001,85.10128026898019
random_G5,500976,warehouse_small_narrow_kiva,stationary,3820,1.91,1,5,5,0,0.09429382800000001,47.227904933000005,83.99880716198822
bootstrap_only,523055,warehouse_small_narrow_kiva,abrupt,3589,1.7945,1,0,0,0,0.060374989,47.478834753000015,91.10543807697832
context_memory_B25,523055,warehouse_small_narrow_kiva,abrupt,3909,1.9545,1,9,25,0,0.097608874,39.78199205999998,89.20485464500962
context_no_reactivation_B25,523055,warehouse_small_narrow_kiva,abrupt,3849,1.9245,1,9,25,0,0.227874907,43.639605043,92.09263786798692
exact_even_B25,523055,warehouse_small_narrow_kiva,abrupt,3917,1.9585,1,25,25,0,0.31029674500000004,46.74975766699999,94.3147995909967
exact_even_G4,523055,warehouse_small_narrow_kiva,abrupt,3708,1.854,1,4,4,0,0.029079366000000002,44.20901409799998,90.78437504198519
exact_even_G5,523055,warehouse_small_narrow_kiva,abrupt,3876,1.938,1,5,5,0,0.076306022,44.873641340999995,95.09346916800132
js_cap_G5,523055,warehouse_small_narrow_kiva,abrupt,3734,1.867,1,5,5,0,0.148506422,46.433674603000014,88.99024803499924
random_G5,523055,warehouse_small_narrow_kiva,abrupt,3852,1.926,1,5,5,0,0.016434898,48.35865579499999,91.28162057098234
bootstrap_only,523055,warehouse_small_narrow_kiva,recurrent,3779,1.8895,1,0,0,0,0.006604363,50.756633182000016,98.16780468000798
context_memory_B25,523055,warehouse_small_narrow_kiva,recurrent,3835,1.9175,1,10,25,0,0.17448465000000002,51.238195685,103.88767179599381
context_no_reactivation_B25,523055,warehouse_small_narrow_kiva,recurrent,3822,1.911,1,9,25,0,0.182264987,50.6390036,101.47011842802749
exact_even_B25,523055,warehouse_small_narrow_kiva,recurrent,3868,1.934,1,25,25,0,0.532609889,48.99502165400001,109.67513985201367
exact_even_G4,523055,warehouse_small_narrow_kiva,recurrent,3700,1.85,1,4,4,0,0.087492761,50.411497529000016,104.46538738900563
exact_even_G5,523055,warehouse_small_narrow_kiva,recurrent,3707,1.8535,1,5,5,0,0.09351411200000001,50.14370786,101.9944765130058
js_cap_G5,523055,warehouse_small_narrow_kiva,recurrent,3797,1.8985,1,5,5,0,0.034834973,50.794283639000014,100.87239800099633
random_G5,523055,warehouse_small_narrow_kiva,recurrent,3664,1.832,1,5,5,0,0.023275092,48.978129612,100.49047908899956
bootstrap_only,523055,warehouse_small_narrow_kiva,stationary,3895,1.9475,1,0,0,0,0.004919002,50.03476842400001,92.88130161698791
context_memory_B25,523055,warehouse_small_narrow_kiva,stationary,3945,1.9725,1,9,25,0,0.020478117,46.943257836999976,94.89282598401769
context_no_reactivation_B25,523055,warehouse_small_narrow_kiva,stationary,3933,1.9665,1,9,25,0,0.10142274500000001,46.297264076,86.59219060299802
exact_even_B25,523055,warehouse_small_narrow_kiva,stationary,3876,1.938,1,25,25,0,0.73002765,49.17318263,96.89364459298667
exact_even_G4,523055,warehouse_small_narrow_kiva,stationary,3840,1.92,1,4,4,0,0.016027378,46.899143376999994,91.67806253299932
exact_even_G5,523055,warehouse_small_narrow_kiva,stationary,3895,1.9475,1,5,5,0,0.023719994,47.72476583499999,94.4926323510008
js_cap_G5,523055,warehouse_small_narrow_kiva,stationary,3901,1.9505,1,5,5,0,0.027481485,48.502012429000004,94.57679511001334
random_G5,523055,warehouse_small_narrow_kiva,stationary,3847,1.9235,1,5,5,0,0.024282789000000003,46.275138018,88.4841491249972
bootstrap_only,526869,warehouse_small_narrow_kiva,abrupt,3864,1.932,1,0,0,0,0.016518997,52.836586968000006,106.37825875601266
context_memory_B25,526869,warehouse_small_narrow_kiva,abrupt,3884,1.942,1,9,25,0,0.10610865100000001,51.26196642999999,108.29864814100438
context_no_reactivation_B25,526869,warehouse_small_narrow_kiva,abrupt,3861,1.9305,1,11,25,0,0.32581779,51.86969105899998,106.5114641560067
exact_even_B25,526869,warehouse_small_narrow_kiva,abrupt,3894,1.947,1,25,25,0,0.43837774999999995,48.249153843,104.88167321999208
exact_even_G4,526869,warehouse_small_narrow_kiva,abrupt,3718,1.859,1,4,4,0,0.15532269799999998,48.42206271699998,105.21301615299308
exact_even_G5,526869,warehouse_small_narrow_kiva,abrupt,3951,1.9755,1,5,5,0,0.032864789000000005,51.898556336,106.0025462580088
js_cap_G5,526869,warehouse_small_narrow_kiva,abrupt,3642,1.821,1,5,5,0,0.091135409,51.89137580500002,104.09965413500322
random_G5,526869,warehouse_small_narrow_kiva,abrupt,3762,1.881,1,5,5,0,0.175459575,48.69800211399997,103.01754601497669
bootstrap_only,526869,warehouse_small_narrow_kiva,recurrent,3837,1.9185,1,0,0,0,0.003129638,45.21610981600002,88.13272846202017
context_memory_B25,526869,warehouse_small_narrow_kiva,recurrent,3861,1.9305,1,10,25,0,0.029140908,43.528955348000004,90.71133982701576
context_no_reactivation_B25,526869,warehouse_small_narrow_kiva,recurrent,3878,1.939,1,9,25,0,0.22427501,43.58220017199998,87.30297435601824
exact_even_B25,526869,warehouse_small_narrow_kiva,recurrent,3922,1.961,1,25,25,0,0.335684829,44.737185400000016,95.1924267950235
exact_even_G4,526869,warehouse_small_narrow_kiva,recurrent,3645,1.8225,1,4,4,0,0.07977391700000001,44.84978722899997,88.88101485802326
exact_even_G5,526869,warehouse_small_narrow_kiva,recurrent,3933,1.9665,1,5,5,0,0.15249976499999998,43.815510210999996,88.50739083401277
js_cap_G5,526869,warehouse_small_narrow_kiva,recurrent,3799,1.8995,1,5,5,0,0.113538386,41.668106328,89.97643897499074
random_G5,526869,warehouse_small_narrow_kiva,recurrent,3826,1.913,1,5,5,0,0.094439461,43.76691701300001,87.27933505899273
bootstrap_only,526869,warehouse_small_narrow_kiva,stationary,3935,1.9675,1,0,0,0,0.003694105,46.355489857999984,88.79246668002452
context_memory_B25,526869,warehouse_small_narrow_kiva,stationary,3955,1.9775,1,6,25,0,0.013503353,51.38310091600001,95.9891942809918
context_no_reactivation_B25,526869,warehouse_small_narrow_kiva,stationary,3955,1.9775,1,7,25,0,0.10469464699999999,46.30927971099999,92.49468450300628
exact_even_B25,526869,warehouse_small_narrow_kiva,stationary,3941,1.9705,1,25,25,0,0.661392165,49.149502855000016,95.90470762402401
exact_even_G4,526869,warehouse_small_narrow_kiva,stationary,3832,1.916,1,4,4,0,0.019872267,47.975743263,91.42456404899713
exact_even_G5,526869,warehouse_small_narrow_kiva,stationary,3943,1.9715,1,5,5,0,0.17435205800000003,51.63601448899998,92.89777167901048
js_cap_G5,526869,warehouse_small_narrow_kiva,stationary,3923,1.9615,1,5,5,0,0.093949411,51.46887774399999,92.91435985200224
random_G5,526869,warehouse_small_narrow_kiva,stationary,3948,1.974,1,5,5,0,0.024108751,51.36093057799998,95.5807121929829
bootstrap_only,534821,warehouse_small_narrow_kiva,abrupt,3588,1.794,1,0,0,0,0.003824412,38.63549895399999,88.98163836100139
context_memory_B25,534821,warehouse_small_narrow_kiva,abrupt,3823,1.9115,1,11,25,0,0.10018435800000002,35.107235755000005,90.47599424098735
context_no_reactivation_B25,534821,warehouse_small_narrow_kiva,abrupt,3885,1.9425,1,11,25,0,0.173748083,39.90556514500002,96.6851794969989
exact_even_B25,534821,warehouse_small_narrow_kiva,abrupt,3900,1.95,1,25,25,0,0.215128923,35.907645403000004,92.41817302099662
exact_even_G4,534821,warehouse_small_narrow_kiva,abrupt,3613,1.8065,1,4,4,0,0.016717040000000002,38.16362807299999,91.19846106600016
exact_even_G5,534821,warehouse_small_narrow_kiva,abrupt,3926,1.963,1,5,5,0,0.028657118999999998,40.313679485,94.98921815201174
js_cap_G5,534821,warehouse_small_narrow_kiva,abrupt,3750,1.875,1,5,5,0,0.207898942,40.63131804600001,92.67133302500588
random_G5,534821,warehouse_small_narrow_kiva,abrupt,3736,1.868,1,5,5,0,0.08720430200000001,39.667572447,91.68931668499135
bootstrap_only,534821,warehouse_small_narrow_kiva,recurrent,3778,1.889,1,0,0,0,0.068818113,49.64961594099998,102.2980891840125
context_memory_B25,534821,warehouse_small_narrow_kiva,recurrent,3866,1.933,1,10,25,0,0.041705155,48.245330516999985,106.4210256760125
context_no_reactivation_B25,534821,warehouse_small_narrow_kiva,recurrent,3907,1.9535,1,10,25,0,0.244868769,50.570780332999995,108.31884654398891
exact_even_B25,534821,warehouse_small_narrow_kiva,recurrent,3867,1.9335,1,25,25,0,0.45366131200000004,47.01682291200001,104.99637912301114
exact_even_G4,534821,warehouse_small_narrow_kiva,recurrent,3770,1.885,1,4,4,0,0.015446445,49.75436797499998,104.89059746597195
exact_even_G5,534821,warehouse_small_narrow_kiva,recurrent,3916,1.958,1,5,5,0,0.10177818899999999,51.53044781900001,105.70297112100525
js_cap_G5,534821,warehouse_small_narrow_kiva,recurrent,3834,1.917,1,5,5,0,0.09766460600000001,48.331237389,101.69471792099648
random_G5,534821,warehouse_small_narrow_kiva,recurrent,3859,1.9295,1,5,5,0,0.02065304,50.263254995,105.39029288699385
bootstrap_only,534821,warehouse_small_narrow_kiva,stationary,3938,1.969,1,0,0,0,0.005784119,53.12667668800001,94.30916737701045
context_memory_B25,534821,warehouse_small_narrow_kiva,stationary,3934,1.967,1,7,25,0,0.023893413999999998,52.46409423400002,94.91473173999111
context_no_reactivation_B25,534821,warehouse_small_narrow_kiva,stationary,3939,1.9695,1,8,25,0,0.027771618000000005,53.248873001,98.98128879099386
exact_even_B25,534821,warehouse_small_narrow_kiva,stationary,3939,1.9695,1,25,25,0,0.622074518,51.604803701,99.91823065601056
exact_even_G4,534821,warehouse_small_narrow_kiva,stationary,3966,1.983,1,4,4,0,0.022822870999999998,53.61185189999999,93.58767112498754
exact_even_G5,534821,warehouse_small_narrow_kiva,stationary,3939,1.9695,1,5,5,0,0.09074639500000001,51.88445508400002,95.40258800997981
js_cap_G5,534821,warehouse_small_narrow_kiva,stationary,3948,1.974,1,5,5,0,0.164231118,53.062037572999984,95.70496445399476
random_G5,534821,warehouse_small_narrow_kiva,stationary,3950,1.975,1,5,5,0,0.095304505,51.991274512000004,96.0906166479981
bootstrap_only,537643,warehouse_small_narrow_kiva,abrupt,3711,1.8555,1,0,0,0,0.00292168,53.938368365,108.3219272630231
context_memory_B25,537643,warehouse_small_narrow_kiva,abrupt,3942,1.971,1,10,25,0,0.028954201,51.94055311999998,109.01119665199076
context_no_reactivation_B25,537643,warehouse_small_narrow_kiva,abrupt,3920,1.96,1,10,25,0,0.114367637,52.868130649000015,110.60687861300539
exact_even_B25,537643,warehouse_small_narrow_kiva,abrupt,3892,1.946,1,25,25,0,0.44974391,53.25899544000001,114.97986161400331
exact_even_G4,537643,warehouse_small_narrow_kiva,abrupt,3586,1.793,1,4,4,0,0.019441003,51.36543584499999,105.07967476299382
exact_even_G5,537643,warehouse_small_narrow_kiva,abrupt,3900,1.95,1,5,5,0,0.095787989,53.45385120600001,108.21256081102183
js_cap_G5,537643,warehouse_small_narrow_kiva,abrupt,3927,1.9635,1,5,5,0,0.030018307,52.078227681999984,107.69509619101882
random_G5,537643,warehouse_small_narrow_kiva,abrupt,3919,1.9595,1,5,5,0,0.021680098000000002,52.78810261799999,105.91289578698343
bootstrap_only,537643,warehouse_small_narrow_kiva,recurrent,3624,1.812,1,0,0,0,0.004323807,45.65669972199999,89.00217649599654
context_memory_B25,537643,warehouse_small_narrow_kiva,recurrent,3941,1.9705,1,8,25,0,0.036527381,45.85247364099998,86.18605929802288
context_no_reactivation_B25,537643,warehouse_small_narrow_kiva,recurrent,3979,1.9895,1,10,25,0,0.15235294400000002,46.05435702799999,94.72679647701443
exact_even_B25,537643,warehouse_small_narrow_kiva,recurrent,3932,1.966,1,25,25,0,0.362029609,49.528807761,95.9329241180094
exact_even_G4,537643,warehouse_small_narrow_kiva,recurrent,3696,1.848,1,4,4,0,0.027023097,46.081031123,90.3835654980212
exact_even_G5,537643,warehouse_small_narrow_kiva,recurrent,3746,1.873,1,5,5,0,0.020733599000000002,49.812209427000006,95.38505729200551
js_cap_G5,537643,warehouse_small_narrow_kiva,recurrent,3908,1.954,1,5,5,0,0.017960795,46.17694262799999,89.70378543800325
random_G5,537643,warehouse_small_narrow_kiva,recurrent,3955,1.9775,1,5,5,0,0.022746412999999997,46.15101558300001,92.10161618699203
bootstrap_only,537643,warehouse_small_narrow_kiva,stationary,3957,1.9785,1,0,0,0,0.005327313,44.07425666300001,76.49573769900599
context_memory_B25,537643,warehouse_small_narrow_kiva,stationary,3833,1.9165,1,5,25,0,0.078798966,45.90123258700002,81.92130412699771
context_no_reactivation_B25,537643,warehouse_small_narrow_kiva,stationary,3933,1.9665,1,5,25,0,0.146588077,45.31247519,80.78890447798767
exact_even_B25,537643,warehouse_small_narrow_kiva,stationary,3940,1.97,1,25,25,0,0.284360903,44.49760186000001,83.7148417000135
exact_even_G4,537643,warehouse_small_narrow_kiva,stationary,3895,1.9475,1,4,4,0,0.018760209,44.95929411999999,82.19389667198993
exact_even_G5,537643,warehouse_small_narrow_kiva,stationary,3906,1.953,1,5,5,0,0.09171743300000001,46.535346510000004,80.69771665500593
js_cap_G5,537643,warehouse_small_narrow_kiva,stationary,3839,1.9195,1,5,5,0,0.067694024,47.756673621999994,81.49626680699294
random_G5,537643,warehouse_small_narrow_kiva,stationary,3934,1.967,1,5,5,0,0.0882634,42.105466514000014,77.20949389299494
bootstrap_only,541256,warehouse_small_narrow_kiva,abrupt,3528,1.764,1,0,0,0,0.006323431,42.758205068999985,89.19593570299912
context_memory_B25,541256,warehouse_small_narrow_kiva,abrupt,3809,1.9045,1,10,25,0,0.112279417,48.985809513999996,95.69605955100269
context_no_reactivation_B25,541256,warehouse_small_narrow_kiva,abrupt,3897,1.9485,1,9,25,0,0.08275748300000002,48.43657862599999,92.41043583201827
exact_even_B25,541256,warehouse_small_narrow_kiva,abrupt,3915,1.9575,1,25,25,0,0.320521438,48.367612426,97.39814597499208
exact_even_G4,541256,warehouse_small_narrow_kiva,abrupt,3795,1.8975,1,4,4,0,0.016774438,46.204081869999975,90.7969796450052
exact_even_G5,541256,warehouse_small_narrow_kiva,abrupt,3803,1.9015,1,5,5,0,0.081550046,42.08761190500002,88.57980126398616
js_cap_G5,541256,warehouse_small_narrow_kiva,abrupt,3514,1.757,1,5,5,0,0.016517925,41.45070486999999,84.90602867101552
random_G5,541256,warehouse_small_narrow_kiva,abrupt,3820,1.91,1,5,5,0,0.034390514,41.01394045099998,88.50320932801696
bootstrap_only,541256,warehouse_small_narrow_kiva,recurrent,3753,1.8765,1,0,0,0,0.004275564,45.585583596,85.030843104003
context_memory_B25,541256,warehouse_small_narrow_kiva,recurrent,3889,1.9445,1,9,25,0,0.093102659,44.60310262499999,90.512301707
context_no_reactivation_B25,541256,warehouse_small_narrow_kiva,recurrent,3906,1.953,1,9,25,0,0.179960978,45.513815991,93.0263473999803
exact_even_B25,541256,warehouse_small_narrow_kiva,recurrent,3921,1.9605,1,25,25,0,0.281448376,47.591539456,91.36294660001295
exact_even_G4,541256,warehouse_small_narrow_kiva,recurrent,3637,1.8185,1,4,4,0,0.01708025,43.350052337000015,87.30026784600341
exact_even_G5,541256,warehouse_small_narrow_kiva,recurrent,3891,1.9455,1,5,5,0,0.154408565,46.238912662,89.97979948099237
js_cap_G5,541256,warehouse_small_narrow_kiva,recurrent,3900,1.95,1,5,5,0,0.161917016,44.148437224,87.59174305200577
random_G5,541256,warehouse_small_narrow_kiva,recurrent,3793,1.8965,1,5,5,0,0.020444303,45.617362727000014,88.39953456301009
bootstrap_only,541256,warehouse_small_narrow_kiva,stationary,3059,1.5295,1,0,0,0,0.077334892,48.45942454599998,90.19632214299054
context_memory_B25,541256,warehouse_small_narrow_kiva,stationary,3754,1.877,1,8,25,0,0.08929162799999998,50.028644318,95.40070369598106
context_no_reactivation_B25,541256,warehouse_small_narrow_kiva,stationary,3891,1.9455,1,9,25,0,0.23978591299999996,51.77142248199999,98.40819883102085
exact_even_B25,541256,warehouse_small_narrow_kiva,stationary,3928,1.964,1,25,25,0,0.526371775,50.08535973299998,101.80947705899598
exact_even_G4,541256,warehouse_small_narrow_kiva,stationary,3852,1.926,1,4,4,0,0.026792332000000002,50.95888210699999,97.30902583600255
exact_even_G5,541256,warehouse_small_narrow_kiva,stationary,3912,1.956,1,5,5,0,0.091933647,51.78765575399998,96.72413919502287
js_cap_G5,541256,warehouse_small_narrow_kiva,stationary,3933,1.9665,1,5,5,0,0.092718612,50.47189235199998,93.20437730901176
random_G5,541256,warehouse_small_narrow_kiva,stationary,3931,1.9655,1,5,5,0,0.024396262999999998,48.92755887999997,90.52403010099079
bootstrap_only,552654,warehouse_small_narrow_kiva,abrupt,3683,1.8415,1,0,0,0,0.003473152,48.31827494999999,96.47551150000072
context_memory_B25,552654,warehouse_small_narrow_kiva,abrupt,3802,1.901,1,9,25,0,0.043896346,49.39880700499998,108.40271680301521
context_no_reactivation_B25,552654,warehouse_small_narrow_kiva,abrupt,3828,1.914,1,9,25,0,0.175082529,49.40493994400001,107.58747393201338
exact_even_B25,552654,warehouse_small_narrow_kiva,abrupt,3893,1.9465,1,25,25,0,0.31151622100000004,49.360735878,111.07616459397832
exact_even_G4,552654,warehouse_small_narrow_kiva,abrupt,3671,1.8355,1,4,4,0,0.22679682099999998,49.947945047000005,107.62145957001485
exact_even_G5,552654,warehouse_small_narrow_kiva,abrupt,3842,1.921,1,5,5,0,0.021914913999999997,51.21952934899997,107.50233399900026
js_cap_G5,552654,warehouse_small_narrow_kiva,abrupt,3843,1.9215,1,5,5,0,0.09514993100000001,51.538647749999996,105.59804651400191
random_G5,552654,warehouse_small_narrow_kiva,abrupt,3743,1.8715,1,5,5,0,0.09136148399999999,49.98021982700001,102.60181667699362
bootstrap_only,552654,warehouse_small_narrow_kiva,recurrent,3830,1.915,1,0,0,0,0.07624704,46.528075622000024,84.87027169100475
context_memory_B25,552654,warehouse_small_narrow_kiva,recurrent,3848,1.924,1,8,25,0,0.09043362399999999,41.38840765299998,88.89133075700374
context_no_reactivation_B25,552654,warehouse_small_narrow_kiva,recurrent,3813,1.9065,1,8,25,0,0.160923224,43.10391522000001,87.90801487199496
exact_even_B25,552654,warehouse_small_narrow_kiva,recurrent,3924,1.962,1,25,25,0,0.226893205,50.303680497999984,95.18602760400972
exact_even_G4,552654,warehouse_small_narrow_kiva,recurrent,3769,1.8845,1,4,4,0,0.0182103,48.785832715000005,92.62002954899799
exact_even_G5,552654,warehouse_small_narrow_kiva,recurrent,3895,1.9475,1,5,5,0,0.09385684700000001,42.61111020900001,85.81919979301165
js_cap_G5,552654,warehouse_small_narrow_kiva,recurrent,3777,1.8885,1,5,5,0,0.07920903099999999,42.948267017,86.73629846901167
random_G5,552654,warehouse_small_narrow_kiva,recurrent,3809,1.9045,1,5,5,0,0.152479893,41.610192402999985,84.80326168498141
bootstrap_only,552654,warehouse_small_narrow_kiva,stationary,3602,1.801,1,0,0,0,0.003870042,38.151644327,71.59800356600317
context_memory_B25,552654,warehouse_small_narrow_kiva,stationary,3923,1.9615,1,7,25,0,0.009093897,40.90565148499998,75.58983336298843
context_no_reactivation_B25,552654,warehouse_small_narrow_kiva,stationary,3853,1.9265,1,7,25,0,0.144025964,41.24144420400001,78.8271957669931
exact_even_B25,552654,warehouse_small_narrow_kiva,stationary,3930,1.965,1,25,25,0,0.168287769,40.64691823399999,79.3145785589877
exact_even_G4,552654,warehouse_small_narrow_kiva,stationary,3918,1.959,1,4,4,0,0.08278915099999999,41.17246039000002,77.88649297101074
exact_even_G5,552654,warehouse_small_narrow_kiva,stationary,3947,1.9735,1,5,5,0,0.20582842299999998,40.022317942,76.49623689800501
js_cap_G5,552654,warehouse_small_narrow_kiva,stationary,3783,1.8915,1,5,5,0,0.093510953,39.377637708,75.79217746297945
random_G5,552654,warehouse_small_narrow_kiva,stationary,3859,1.9295,1,5,5,0,0.09669211199999998,36.725063475999995,72.41272594698239
bootstrap_only,560584,warehouse_small_narrow_kiva,abrupt,3760,1.88,1,0,0,0,0.065164829,50.45825211100001,92.08712078700773
context_memory_B25,560584,warehouse_small_narrow_kiva,abrupt,3902,1.951,1,9,25,0,0.085189352,47.547838870999996,90.92528298101388
context_no_reactivation_B25,560584,warehouse_small_narrow_kiva,abrupt,3908,1.954,1,9,25,0,0.037783305,49.303415923999985,96.62107305700192
exact_even_B25,560584,warehouse_small_narrow_kiva,abrupt,3895,1.9475,1,25,25,0,0.493010638,49.130520378000014,96.8223468119977
exact_even_G4,560584,warehouse_small_narrow_kiva,abrupt,3735,1.8675,1,4,4,0,0.015895561,48.91353079299999,90.36681196498103
exact_even_G5,560584,warehouse_small_narrow_kiva,abrupt,3678,1.839,1,5,5,0,0.031092808000000003,45.791340578,89.29584021499613
js_cap_G5,560584,warehouse_small_narrow_kiva,abrupt,3699,1.8495,1,5,5,0,0.136642257,46.16112250499999,89.11144317200524
random_G5,560584,warehouse_small_narrow_kiva,abrupt,3790,1.895,1,5,5,0,0.022472969000000002,48.247661239,90.28292314498685
bootstrap_only,560584,warehouse_small_narrow_kiva,recurrent,3743,1.8715,1,0,0,0,0.073489713,48.803936923,89.92931858700467
context_memory_B25,560584,warehouse_small_narrow_kiva,recurrent,3801,1.9005,1,9,25,0,0.15880048000000002,46.85402370699997,91.16140716799418
context_no_reactivation_B25,560584,warehouse_small_narrow_kiva,recurrent,3759,1.8795,1,8,25,0,0.032902439,48.367683583,93.58411303497269
exact_even_B25,560584,warehouse_small_narrow_kiva,recurrent,3940,1.97,1,25,25,0,0.29449758000000004,48.73535566999999,94.98821286400198
exact_even_G4,560584,warehouse_small_narrow_kiva,recurrent,3713,1.8565,1,4,4,0,0.088415454,45.104348400999996,88.09566177500528
exact_even_G5,560584,warehouse_small_narrow_kiva,recurrent,3900,1.95,1,5,5,0,0.031600853000000005,43.00418483599998,86.80175924900686
js_cap_G5,560584,warehouse_small_narrow_kiva,recurrent,3764,1.882,1,5,5,0,0.09159268000000001,49.560270493,92.2814210060169
random_G5,560584,warehouse_small_narrow_kiva,recurrent,3795,1.8975,1,5,5,0,0.10309217600000001,47.039718408,90.80504057000508
bootstrap_only,560584,warehouse_small_narrow_kiva,stationary,3340,1.67,1,0,0,0,0.005085066,45.83403462099998,82.38447019600426
context_memory_B25,560584,warehouse_small_narrow_kiva,stationary,3939,1.9695,1,8,25,0,0.01935331,47.927582527,86.3897127440141
context_no_reactivation_B25,560584,warehouse_small_narrow_kiva,stationary,3844,1.922,1,8,25,0,0.10725280900000002,48.491356642999996,89.30967476899968
exact_even_B25,560584,warehouse_small_narrow_kiva,stationary,3949,1.9745,1,25,25,0,0.33878310300000003,47.50249349400002,90.40316955800517
exact_even_G4,560584,warehouse_small_narrow_kiva,stationary,3947,1.9735,1,4,4,0,0.018232060999999997,47.595883687000004,86.20178696099902
exact_even_G5,560584,warehouse_small_narrow_kiva,stationary,3871,1.9355,1,5,5,0,0.08796397,46.262564626,84.8789556339907
js_cap_G5,560584,warehouse_small_narrow_kiva,stationary,3927,1.9635,1,5,5,0,0.088755588,46.81142429600001,82.5968154569855
random_G5,560584,warehouse_small_narrow_kiva,stationary,3923,1.9615,1,5,5,0,0.02116941,46.99140636300002,83.51383606099989
bootstrap_only,583444,warehouse_small_narrow_kiva,abrupt,3853,1.9265,1,0,0,0,0.071172335,51.50615654700002,100.01010755597963
context_memory_B25,583444,warehouse_small_narrow_kiva,abrupt,3806,1.903,1,12,25,0,0.033416659,53.711262048,112.90581672001281
context_no_reactivation_B25,583444,warehouse_small_narrow_kiva,abrupt,3882,1.941,1,9,25,0,0.17456088999999997,49.34131089399998,104.01965518499492
exact_even_B25,583444,warehouse_small_narrow_kiva,abrupt,3802,1.901,1,25,25,0,0.37074449899999995,51.160978705999995,109.11453628598247
exact_even_G4,583444,warehouse_small_narrow_kiva,abrupt,3691,1.8455,1,4,4,0,0.019935719,49.62848116399999,103.80180023799767
exact_even_G5,583444,warehouse_small_narrow_kiva,abrupt,3854,1.927,1,5,5,0,0.092550593,49.45400863600001,100.90271351399133
js_cap_G5,583444,warehouse_small_narrow_kiva,abrupt,3842,1.921,1,5,5,0,0.09744964,51.683977422999995,112.39564637999865
random_G5,583444,warehouse_small_narrow_kiva,abrupt,3835,1.9175,1,5,5,0,0.024061795000000004,50.55498675100001,100.60159011199721
bootstrap_only,583444,warehouse_small_narrow_kiva,recurrent,3594,1.797,1,0,0,0,0.003467119,40.838189013000004,87.1013605829794
context_memory_B25,583444,warehouse_small_narrow_kiva,recurrent,3960,1.98,1,8,25,0,0.025756913000000003,47.285411484,94.38787568299449
context_no_reactivation_B25,583444,warehouse_small_narrow_kiva,recurrent,3864,1.932,1,9,25,0,0.104589157,40.790050288999986,91.50563615301508
exact_even_B25,583444,warehouse_small_narrow_kiva,recurrent,3972,1.986,1,25,25,0,0.232474345,49.05684925199997,99.49793422000948
exact_even_G4,583444,warehouse_small_narrow_kiva,recurrent,3723,1.8615,1,4,4,0,0.015664008,49.01673971400002,95.40458246399066
exact_even_G5,583444,warehouse_small_narrow_kiva,recurrent,3940,1.97,1,5,5,0,0.018349417,48.699371553000006,93.11006383798667
js_cap_G5,583444,warehouse_small_narrow_kiva,recurrent,3683,1.8415,1,5,5,0,0.030666565000000003,45.63278036899999,91.18084980099229
random_G5,583444,warehouse_small_narrow_kiva,recurrent,3941,1.9705,1,5,5,0,0.023386034,44.76483194399999,91.1006676859979
bootstrap_only,583444,warehouse_small_narrow_kiva,stationary,3505,1.7525,1,0,0,0,0.055607421,43.62738070899999,79.50180143999751
context_memory_B25,583444,warehouse_small_narrow_kiva,stationary,3897,1.9485,1,7,25,0,0.045254359999999993,45.040413310999995,80.20301654801005
context_no_reactivation_B25,583444,warehouse_small_narrow_kiva,stationary,3955,1.9775,1,8,25,0,0.104057968,46.21689864100001,82.78972511101165
exact_even_B25,583444,warehouse_small_narrow_kiva,stationary,3931,1.9655,1,25,25,0,0.41286844800000005,45.238639592,83.79962200898444
exact_even_G4,583444,warehouse_small_narrow_kiva,stationary,3912,1.956,1,4,4,0,0.019033998,47.306860982,82.70634431499639
exact_even_G5,583444,warehouse_small_narrow_kiva,stationary,3944,1.972,1,5,5,0,0.21947782999999998,45.785687566000014,78.58338215399999
js_cap_G5,583444,warehouse_small_narrow_kiva,stationary,3915,1.9575,1,5,5,0,0.07113519800000002,48.321353383,83.28422131002299
random_G5,583444,warehouse_small_narrow_kiva,stationary,3947,1.9735,1,5,5,0,0.105290254,46.08977542499999,81.31348837999394
bootstrap_only,585455,warehouse_small_narrow_kiva,abrupt,3638,1.819,1,0,0,0,0.003299189,50.503230290999994,105.60902575199725
context_memory_B25,585455,warehouse_small_narrow_kiva,abrupt,3811,1.9055,1,10,25,0,0.17085339899999996,49.98423454200002,106.60069951598416
context_no_reactivation_B25,585455,warehouse_small_narrow_kiva,abrupt,3918,1.959,1,10,25,0,0.24445741,52.89137784900001,110.19100277498364
exact_even_B25,585455,warehouse_small_narrow_kiva,abrupt,3908,1.954,1,25,25,0,0.5183181400000001,50.256664436,108.48469902499346
exact_even_G4,585455,warehouse_small_narrow_kiva,abrupt,3747,1.8735,1,4,4,0,0.088154354,50.162086462000005,102.28274373902241
exact_even_G5,585455,warehouse_small_narrow_kiva,abrupt,3902,1.951,1,5,5,0,0.16141564600000002,49.989353252000015,105.98048532300163
js_cap_G5,585455,warehouse_small_narrow_kiva,abrupt,3919,1.9595,1,5,5,0,0.22694959099999998,51.955179088000015,107.28979602101026
random_G5,585455,warehouse_small_narrow_kiva,abrupt,3808,1.904,1,5,5,0,0.019994397,49.44192105800003,105.8106158169976
bootstrap_only,585455,warehouse_small_narrow_kiva,recurrent,3809,1.9045,1,0,0,0,0.081088883,49.23307193900001,93.89701709200745
context_memory_B25,585455,warehouse_small_narrow_kiva,recurrent,3787,1.8935,1,7,25,0,0.079827616,48.31757763200001,93.79415917998995
context_no_reactivation_B25,585455,warehouse_small_narrow_kiva,recurrent,3904,1.952,1,7,25,0,0.09692352800000001,54.327442892000015,104.31011684300029
exact_even_B25,585455,warehouse_small_narrow_kiva,recurrent,3836,1.918,1,25,25,0,0.43317023999999993,46.44338348500001,96.1286999869917
exact_even_G4,585455,warehouse_small_narrow_kiva,recurrent,3634,1.817,1,4,4,0,0.07626147500000001,43.815679222999975,85.80651929299347
exact_even_G5,585455,warehouse_small_narrow_kiva,recurrent,3872,1.936,1,5,5,0,0.042704465999999996,52.40200573699999,96.3037448140094
js_cap_G5,585455,warehouse_small_narrow_kiva,recurrent,3851,1.9255,1,5,5,0,0.107251162,45.604265444,89.67285738201463
random_G5,585455,warehouse_small_narrow_kiva,recurrent,3823,1.9115,1,5,5,0,0.237934444,51.395643069000016,99.6996402980003
bootstrap_only,585455,warehouse_small_narrow_kiva,stationary,3863,1.9315,1,0,0,0,0.064065088,47.68784043199998,85.09160901900032
context_memory_B25,585455,warehouse_small_narrow_kiva,stationary,3926,1.963,1,5,25,0,0.006353872,42.737445326,78.12569983600406
context_no_reactivation_B25,585455,warehouse_small_narrow_kiva,stationary,3884,1.942,1,6,25,0,0.181198794,44.560556171,85.26891740798601
exact_even_B25,585455,warehouse_small_narrow_kiva,stationary,3919,1.9595,1,25,25,0,0.21956002700000005,44.144098095000004,81.90145540298545
exact_even_G4,585455,warehouse_small_narrow_kiva,stationary,3939,1.9695,1,4,4,0,0.017570925,43.73947612800001,80.79692904200056
exact_even_G5,585455,warehouse_small_narrow_kiva,stationary,3878,1.939,1,5,5,0,0.111881696,43.494951971999996,78.3930380360107
js_cap_G5,585455,warehouse_small_narrow_kiva,stationary,3924,1.962,1,5,5,0,0.024829713999999996,41.66881561000001,77.10424376098672
random_G5,585455,warehouse_small_narrow_kiva,stationary,3933,1.9665,1,5,5,0,0.087728701,46.67688424200001,82.18509269098286
bootstrap_only,598292,warehouse_small_narrow_kiva,abrupt,3871,1.9355,1,0,0,0,0.002855088,47.034022665999984,92.0873873840028
context_memory_B25,598292,warehouse_small_narrow_kiva,abrupt,3871,1.9355,1,11,25,0,0.121861278,43.53333409300001,90.89389514701907
context_no_reactivation_B25,598292,warehouse_small_narrow_kiva,abrupt,3912,1.956,1,11,25,0,0.13943057799999997,42.25767390699999,93.10636406298727
exact_even_B25,598292,warehouse_small_narrow_kiva,abrupt,3882,1.941,1,25,25,0,0.43249724199999995,47.039364778000014,95.38494200300192
exact_even_G4,598292,warehouse_small_narrow_kiva,abrupt,3520,1.76,1,4,4,0,0.082114861,41.56421867799999,88.18776350500411
exact_even_G5,598292,warehouse_small_narrow_kiva,abrupt,3880,1.94,1,5,5,0,0.07630477199999999,46.45435028099999,87.81802561000222
js_cap_G5,598292,warehouse_small_narrow_kiva,abrupt,3732,1.866,1,5,5,0,0.017453048999999998,46.736568852000005,94.28932684400934
random_G5,598292,warehouse_small_narrow_kiva,abrupt,3738,1.869,1,5,5,0,0.09703603699999999,46.87844451600001,92.56379257398658
bootstrap_only,598292,warehouse_small_narrow_kiva,recurrent,3830,1.915,1,0,0,0,0.016685964,43.75126695299998,87.20317139299004
context_memory_B25,598292,warehouse_small_narrow_kiva,recurrent,3915,1.9575,1,11,25,0,0.092277511,45.014567689,90.47927673300728
context_no_reactivation_B25,598292,warehouse_small_narrow_kiva,recurrent,3784,1.892,1,11,25,0,0.11462678999999999,45.158689409000004,91.8824779970164
exact_even_B25,598292,warehouse_small_narrow_kiva,recurrent,3873,1.9365,1,25,25,0,0.32111087000000005,44.41067582500001,92.37409448099788
exact_even_G4,598292,warehouse_small_narrow_kiva,recurrent,3678,1.839,1,4,4,0,0.086668831,43.79802446400001,87.82007661598618
exact_even_G5,598292,warehouse_small_narrow_kiva,recurrent,3776,1.888,1,5,5,0,0.07574647799999999,43.765245680999996,87.5252241769922
js_cap_G5,598292,warehouse_small_narrow_kiva,recurrent,3836,1.918,1,5,5,0,0.08916626600000001,44.597755412,89.4853246169805
random_G5,598292,warehouse_small_narrow_kiva,recurrent,3875,1.9375,1,5,5,0,0.07987067700000001,43.69733217499999,86.10246109799482
bootstrap_only,598292,warehouse_small_narrow_kiva,stationary,3923,1.9615,1,0,0,0,0.007659017,49.299685969,93.59638957498828
context_memory_B25,598292,warehouse_small_narrow_kiva,stationary,3774,1.887,1,4,25,0,0.08842898999999999,51.58226531500001,95.7767706779996
context_no_reactivation_B25,598292,warehouse_small_narrow_kiva,stationary,3815,1.9075,1,4,25,0,0.016110992,48.330804053,93.01145462298882
exact_even_B25,598292,warehouse_small_narrow_kiva,stationary,3790,1.895,1,25,25,0,0.45232383,50.521864179,99.6892830109864
exact_even_G4,598292,warehouse_small_narrow_kiva,stationary,3784,1.892,1,4,4,0,0.018439997,47.81606082999999,92.58200422601658
exact_even_G5,598292,warehouse_small_narrow_kiva,stationary,3738,1.869,1,5,5,0,0.09543947900000001,49.50596746500001,93.49375110000256
js_cap_G5,598292,warehouse_small_narrow_kiva,stationary,3873,1.9365,1,5,5,0,0.023245607,47.255128416999995,92.20612020700355
random_G5,598292,warehouse_small_narrow_kiva,stationary,3809,1.9045,1,5,5,0,0.09330187399999999,48.571499196999994,93.18661649498972
bootstrap_only,655067,warehouse_small_narrow_kiva,abrupt,3727,1.8635,1,0,0,0,0.008286722,49.58670499299999,104.08255650600768
context_memory_B25,655067,warehouse_small_narrow_kiva,abrupt,3906,1.953,1,8,25,0,0.10241160299999999,48.04966531099998,102.72811592498329
context_no_reactivation_B25,655067,warehouse_small_narrow_kiva,abrupt,3906,1.953,1,8,25,0,0.116490422,51.074267648999985,109.69923288997961
exact_even_B25,655067,warehouse_small_narrow_kiva,abrupt,3901,1.9505,1,25,25,0,0.30769003000000006,46.307109700999995,105.6222086029884
exact_even_G4,655067,warehouse_small_narrow_kiva,abrupt,3893,1.9465,1,4,4,0,0.09938046899999999,48.54601370700001,102.19906507100677
exact_even_G5,655067,warehouse_small_narrow_kiva,abrupt,3952,1.976,1,5,5,0,0.09349260300000001,48.80411888799999,106.0185215859965
js_cap_G5,655067,warehouse_small_narrow_kiva,abrupt,3856,1.928,1,5,5,0,0.027626814,47.979774391000014,103.7139539209893
random_G5,655067,warehouse_small_narrow_kiva,abrupt,3831,1.9155,1,5,5,0,0.093086103,49.768940141999984,106.58560109199607
bootstrap_only,655067,warehouse_small_narrow_kiva,recurrent,3914,1.957,1,0,0,0,0.00355907,39.738936387000024,86.68695630200091
context_memory_B25,655067,warehouse_small_narrow_kiva,recurrent,3888,1.944,1,8,25,0,0.08732404,39.361967356,88.21030376598355
context_no_reactivation_B25,655067,warehouse_small_narrow_kiva,recurrent,3887,1.9435,1,8,25,0,0.089137736,40.06234663300002,90.60680791598861
exact_even_B25,655067,warehouse_small_narrow_kiva,recurrent,3932,1.966,1,25,25,0,0.300890269,39.87728222399999,94.50467249299982
exact_even_G4,655067,warehouse_small_narrow_kiva,recurrent,3661,1.8305,1,4,4,0,0.019757363,38.749287769999974,88.01653382802033
exact_even_G5,655067,warehouse_small_narrow_kiva,recurrent,3812,1.906,1,5,5,0,0.02107517,39.738078664999996,88.8266911690007
js_cap_G5,655067,warehouse_small_narrow_kiva,recurrent,3907,1.9535,1,5,5,0,0.142119548,39.336409649,87.9290705259773
random_G5,655067,warehouse_small_narrow_kiva,recurrent,3775,1.8875,1,5,5,0,0.092582476,38.81216830800001,92.38155656997696
bootstrap_only,655067,warehouse_small_narrow_kiva,stationary,3899,1.9495,1,0,0,0,0.006248885,49.678833715999986,92.77515493199462
context_memory_B25,655067,warehouse_small_narrow_kiva,stationary,3880,1.94,1,7,25,0,0.08560289700000001,50.283565075000006,97.3926779050089
context_no_reactivation_B25,655067,warehouse_small_narrow_kiva,stationary,3895,1.9475,1,6,25,0,0.027219848999999997,49.283686735,96.89907084099832
exact_even_B25,655067,warehouse_small_narrow_kiva,stationary,3782,1.891,1,25,25,0,0.24918447900000001,46.87109894299999,97.88715030200547
exact_even_G4,655067,warehouse_small_narrow_kiva,stationary,3868,1.934,1,4,4,0,0.08666607100000001,48.908240834999994,95.30206463800278
exact_even_G5,655067,warehouse_small_narrow_kiva,stationary,3935,1.9675,1,5,5,0,0.160765555,49.08286790799998,94.79417136899428
js_cap_G5,655067,warehouse_small_narrow_kiva,stationary,3837,1.9185,1,5,5,0,0.170678974,48.35525530499999,93.40271681500599
random_G5,655067,warehouse_small_narrow_kiva,stationary,3746,1.873,1,5,5,0,0.16475654300000003,47.260301870999996,93.81161951299873
bootstrap_only,657283,warehouse_small_narrow_kiva,abrupt,3582,1.791,1,0,0,0,0.086123782,51.941818208000015,106.1109389649937
context_memory_B25,657283,warehouse_small_narrow_kiva,abrupt,3950,1.975,1,12,25,0,0.17917528299999996,52.262888433000015,109.50863632501569
context_no_reactivation_B25,657283,warehouse_small_narrow_kiva,abrupt,3915,1.9575,1,11,25,0,0.12069022800000001,53.63720894000002,110.58624330698512
exact_even_B25,657283,warehouse_small_narrow_kiva,abrupt,3906,1.953,1,25,25,0,0.44946627899999997,54.053812674000014,112.50378397598979
exact_even_G4,657283,warehouse_small_narrow_kiva,abrupt,3772,1.886,1,4,4,0,0.17357778000000001,51.12560499499999,103.40564220500528
exact_even_G5,657283,warehouse_small_narrow_kiva,abrupt,3897,1.9485,1,5,5,0,0.172291052,52.54642878899999,108.69170783099253
js_cap_G5,657283,warehouse_small_narrow_kiva,abrupt,3718,1.859,1,5,5,0,0.020295654,52.03841946200001,106.3201141070167
random_G5,657283,warehouse_small_narrow_kiva,abrupt,3895,1.9475,1,5,5,0,0.028515908,53.518531612000004,106.69309829699341
bootstrap_only,657283,warehouse_small_narrow_kiva,recurrent,3878,1.939,1,0,0,0,0.003413856,47.334017826,96.40421531401807
context_memory_B25,657283,warehouse_small_narrow_kiva,recurrent,3923,1.9615,1,10,25,0,0.159743425,50.28550596499999,106.8903862160223
context_no_reactivation_B25,657283,warehouse_small_narrow_kiva,recurrent,3872,1.936,1,8,25,0,0.178055468,51.170421623999964,107.5243935190083
exact_even_B25,657283,warehouse_small_narrow_kiva,recurrent,3923,1.9615,1,25,25,0,0.386238269,49.152785406999996,108.31763317901641
exact_even_G4,657283,warehouse_small_narrow_kiva,recurrent,3589,1.7945,1,4,4,0,0.023049309,48.85786148299999,101.57678968599066
exact_even_G5,657283,warehouse_small_narrow_kiva,recurrent,3751,1.8755,1,5,5,0,0.025032270000000002,48.012844396,102.29624752700329
js_cap_G5,657283,warehouse_small_narrow_kiva,recurrent,3893,1.9465,1,5,5,0,0.10192677100000001,52.317051953,106.79442850101623
random_G5,657283,warehouse_small_narrow_kiva,recurrent,3911,1.9555,1,5,5,0,0.024042318,49.007869287999995,101.09277114298311
bootstrap_only,657283,warehouse_small_narrow_kiva,stationary,3967,1.9835,1,0,0,0,0.006110438,49.91573014299998,92.61146313301288
context_memory_B25,657283,warehouse_small_narrow_kiva,stationary,3956,1.978,1,6,25,0,0.016768033,49.47759637699999,92.99993791300221
context_no_reactivation_B25,657283,warehouse_small_narrow_kiva,stationary,3967,1.9835,1,6,25,0,0.095418975,49.26936816199997,93.3185437110078
exact_even_B25,657283,warehouse_small_narrow_kiva,stationary,3952,1.976,1,25,25,0,0.3001961550000001,51.255978474000024,97.30151912901783
exact_even_G4,657283,warehouse_small_narrow_kiva,stationary,3957,1.9785,1,4,4,0,0.021008574000000002,49.12882199800001,90.10526404599659
exact_even_G5,657283,warehouse_small_narrow_kiva,stationary,3931,1.9655,1,5,5,0,0.09066487699999998,50.910681873,91.80475835199468
js_cap_G5,657283,warehouse_small_narrow_kiva,stationary,3964,1.982,1,5,5,0,0.021658339000000002,47.97585252899998,92.09026698599337
random_G5,657283,warehouse_small_narrow_kiva,stationary,3943,1.9715,1,5,5,0,0.105701806,48.67950187699999,90.68127205400378
bootstrap_only,664860,warehouse_small_narrow_kiva,abrupt,3781,1.8905,1,0,0,0,0.00881336,42.984637925999984,91.00359483700595
context_memory_B25,664860,warehouse_small_narrow_kiva,abrupt,3849,1.9245,1,10,25,0,0.074734209,41.13276504299999,91.92561544501223
context_no_reactivation_B25,664860,warehouse_small_narrow_kiva,abrupt,3860,1.93,1,10,25,0,0.031948357000000004,42.05315593400001,94.57473435997963
exact_even_B25,664860,warehouse_small_narrow_kiva,abrupt,3882,1.941,1,25,25,0,0.20240681200000002,40.854522274,95.633962641994
exact_even_G4,664860,warehouse_small_narrow_kiva,abrupt,3706,1.853,1,4,4,0,0.10598136400000001,40.045547313,90.19243364399881
exact_even_G5,664860,warehouse_small_narrow_kiva,abrupt,3947,1.9735,1,5,5,0,0.074886888,44.536793044,93.40246940599172
js_cap_G5,664860,warehouse_small_narrow_kiva,abrupt,3911,1.9555,1,5,5,0,0.23308085999999997,39.602388704,92.49951755302027
random_G5,664860,warehouse_small_narrow_kiva,abrupt,3833,1.9165,1,5,5,0,0.022508847,40.097546504,91.01194178499281
bootstrap_only,664860,warehouse_small_narrow_kiva,recurrent,3898,1.949,1,0,0,0,0.003020519,45.452837198000005,89.01971682001022
context_memory_B25,664860,warehouse_small_narrow_kiva,recurrent,3909,1.9545,1,10,25,0,0.11005804400000002,48.47643098699996,92.52257875399664
context_no_reactivation_B25,664860,warehouse_small_narrow_kiva,recurrent,3930,1.965,1,11,25,0,0.254946301,46.036549134999994,91.8054017359973
exact_even_B25,664860,warehouse_small_narrow_kiva,recurrent,3834,1.917,1,25,25,0,0.47545501000000007,44.697507555,93.12009774299804
exact_even_G4,664860,warehouse_small_narrow_kiva,recurrent,3824,1.912,1,4,4,0,0.13444780299999998,44.676531450999995,88.0940025219752
exact_even_G5,664860,warehouse_small_narrow_kiva,recurrent,3745,1.8725,1,5,5,0,0.253156763,47.56189041599998,92.01074682298349
js_cap_G5,664860,warehouse_small_narrow_kiva,recurrent,3862,1.931,1,5,5,0,0.081236204,44.86302615,89.19719048700063
random_G5,664860,warehouse_small_narrow_kiva,recurrent,3774,1.887,1,5,5,0,0.161031438,43.35818258699999,87.38892272298108
bootstrap_only,664860,warehouse_small_narrow_kiva,stationary,3645,1.8225,1,0,0,0,0.003251422,42.20305324199999,75.48846542500542
context_memory_B25,664860,warehouse_small_narrow_kiva,stationary,3922,1.961,1,9,25,0,0.08362315499999999,46.63769366,83.3909628620022
context_no_reactivation_B25,664860,warehouse_small_narrow_kiva,stationary,3875,1.9375,1,7,25,0,0.08970282300000001,43.45273110700001,79.79434199500247
exact_even_B25,664860,warehouse_small_narrow_kiva,stationary,3867,1.9335,1,25,25,0,0.3426161689999999,45.529866471,84.21234225900844
exact_even_G4,664860,warehouse_small_narrow_kiva,stationary,3882,1.941,1,4,4,0,0.086159221,46.748921429,80.8783666700183
exact_even_G5,664860,warehouse_small_narrow_kiva,stationary,3876,1.938,1,5,5,0,0.153792113,45.768886603,79.06482826502179
js_cap_G5,664860,warehouse_small_narrow_kiva,stationary,3857,1.9285,1,5,5,0,0.017892477,45.022467408999994,76.79225305101136
random_G5,664860,warehouse_small_narrow_kiva,stationary,3832,1.916,1,5,5,0,0.267795126,46.75997277799998,79.38857727102004
bootstrap_only,699809,warehouse_small_narrow_kiva,abrupt,3869,1.9345,1,0,0,0,0.003391987,38.529334760999994,85.59847169800196
context_memory_B25,699809,warehouse_small_narrow_kiva,abrupt,3888,1.944,1,11,25,0,0.10592175999999999,39.86682910700001,86.36448915599613
context_no_reactivation_B25,699809,warehouse_small_narrow_kiva,abrupt,3843,1.9215,1,10,25,0,0.23089778199999997,38.206743539000016,87.08060367201688
exact_even_B25,699809,warehouse_small_narrow_kiva,abrupt,3897,1.9485,1,25,25,0,0.277736818,37.26646170900001,86.21062137000263
exact_even_G4,699809,warehouse_small_narrow_kiva,abrupt,3728,1.864,1,4,4,0,0.08747202,38.736132694000005,84.191409852996
exact_even_G5,699809,warehouse_small_narrow_kiva,abrupt,3848,1.924,1,5,5,0,0.09745782099999999,39.93538208499999,87.06836113598547
js_cap_G5,699809,warehouse_small_narrow_kiva,abrupt,3694,1.847,1,5,5,0,0.085534664,39.191283309,83.90176649100613
random_G5,699809,warehouse_small_narrow_kiva,abrupt,3904,1.952,1,5,5,0,0.10193735000000001,38.56502454,85.49932340800297
bootstrap_only,699809,warehouse_small_narrow_kiva,recurrent,3762,1.881,1,0,0,0,0.005260273,47.12962986399998,90.32332231898909
context_memory_B25,699809,warehouse_small_narrow_kiva,recurrent,3767,1.8835,1,10,25,0,0.019727259,42.681663573,89.22004715597723
context_no_reactivation_B25,699809,warehouse_small_narrow_kiva,recurrent,3827,1.9135,1,10,25,0,0.177158331,45.164107985,90.49613428299199
exact_even_B25,699809,warehouse_small_narrow_kiva,recurrent,3881,1.9405,1,25,25,0,0.5712440349999999,45.854319573000005,94.11223001897451
exact_even_G4,699809,warehouse_small_narrow_kiva,recurrent,3642,1.821,1,4,4,0,0.016959254,44.927865948000004,90.63415790398722
exact_even_G5,699809,warehouse_small_narrow_kiva,recurrent,3735,1.8675,1,5,5,0,0.083302924,43.81716600500001,86.89366370000062
js_cap_G5,699809,warehouse_small_narrow_kiva,recurrent,3700,1.85,1,5,5,0,0.215982948,46.508414242000015,89.70740952799679
random_G5,699809,warehouse_small_narrow_kiva,recurrent,3749,1.8745,1,5,5,0,0.190570979,44.681925133000014,89.08634611099842
bootstrap_only,699809,warehouse_small_narrow_kiva,stationary,3918,1.959,1,0,0,0,0.003255157,44.37822859799999,81.8190352669917
context_memory_B25,699809,warehouse_small_narrow_kiva,stationary,3914,1.957,1,9,25,0,0.022183809999999998,44.63988220199998,83.62844191701151
context_no_reactivation_B25,699809,warehouse_small_narrow_kiva,stationary,3883,1.9415,1,9,25,0,0.032141831999999995,42.968567362,85.49602084400249
exact_even_B25,699809,warehouse_small_narrow_kiva,stationary,3910,1.955,1,25,25,0,0.418402865,42.41667738100001,81.77426915700198
exact_even_G4,699809,warehouse_small_narrow_kiva,stationary,3906,1.953,1,4,4,0,0.018608248999999997,44.660883274,81.28934238498914
exact_even_G5,699809,warehouse_small_narrow_kiva,stationary,3896,1.948,1,5,5,0,0.14790671700000002,44.407312596000025,82.50621115800459
js_cap_G5,699809,warehouse_small_narrow_kiva,stationary,3864,1.932,1,5,5,0,0.141553455,44.09219782700001,79.28031431901036
random_G5,699809,warehouse_small_narrow_kiva,stationary,3908,1.954,1,5,5,0,0.03216573,45.02623263999998,83.51395600201795
bootstrap_only,713041,warehouse_small_narrow_kiva,abrupt,3565,1.7825,1,0,0,0,0.004018337,44.153776172,87.21988646799582
context_memory_B25,713041,warehouse_small_narrow_kiva,abrupt,3871,1.9355,1,10,25,0,0.16991319200000002,47.011577773,91.67522739499691
context_no_reactivation_B25,713041,warehouse_small_narrow_kiva,abrupt,3886,1.943,1,9,25,0,0.09358527699999998,44.01732199999999,92.81819303601515
exact_even_B25,713041,warehouse_small_narrow_kiva,abrupt,3925,1.9625,1,25,25,0,0.36061773299999994,46.82360924400003,96.68147004500497
exact_even_G4,713041,warehouse_small_narrow_kiva,abrupt,3670,1.835,1,4,4,0,0.084285076,48.317002934,89.91677514501498
exact_even_G5,713041,warehouse_small_narrow_kiva,abrupt,3897,1.9485,1,5,5,0,0.023961295,44.740655669999995,90.10412193200318
js_cap_G5,713041,warehouse_small_narrow_kiva,abrupt,3791,1.8955,1,5,5,0,0.021138227999999995,45.76101947,90.09839413402369
random_G5,713041,warehouse_small_narrow_kiva,abrupt,3879,1.9395,1,5,5,0,0.089816785,46.32080940600001,89.39938131000963
bootstrap_only,713041,warehouse_small_narrow_kiva,recurrent,3819,1.9095,1,0,0,0,0.003802592,45.016157978,89.49984756100457
context_memory_B25,713041,warehouse_small_narrow_kiva,recurrent,3953,1.9765,1,8,25,0,0.032732938,45.13469410800001,90.7904261549993
context_no_reactivation_B25,713041,warehouse_small_narrow_kiva,recurrent,3908,1.954,1,9,25,0,0.121219152,47.336094351000014,90.11357487601344
exact_even_B25,713041,warehouse_small_narrow_kiva,recurrent,3929,1.9645,1,25,25,0,0.3747981640000001,45.391441228,91.6027404560009
exact_even_G4,713041,warehouse_small_narrow_kiva,recurrent,3587,1.7935,1,4,4,0,0.018671785,45.54536799499999,87.80555175201152
exact_even_G5,713041,warehouse_small_narrow_kiva,recurrent,3907,1.9535,1,5,5,0,0.137467508,44.92505098,87.59869725597673
js_cap_G5,713041,warehouse_small_narrow_kiva,recurrent,3848,1.924,1,5,5,0,0.021935798,45.51139174999997,89.61994077201234
random_G5,713041,warehouse_small_narrow_kiva,recurrent,3886,1.943,1,5,5,0,0.028095468000000002,45.02894152199999,86.48754297799314
bootstrap_only,713041,warehouse_small_narrow_kiva,stationary,3915,1.9575,1,0,0,0,0.002785439,47.120501558999976,85.92341276901425
context_memory_B25,713041,warehouse_small_narrow_kiva,stationary,3951,1.9755,1,6,25,0,0.1667957,44.745385289999994,89.17693457301357
context_no_reactivation_B25,713041,warehouse_small_narrow_kiva,stationary,3931,1.9655,1,7,25,0,0.10305920600000001,47.47955779299997,92.09870589800994
exact_even_B25,713041,warehouse_small_narrow_kiva,stationary,3933,1.9665,1,25,25,0,0.241742311,48.02229289300001,95.4915436829906
exact_even_G4,713041,warehouse_small_narrow_kiva,stationary,3948,1.974,1,4,4,0,0.08821575300000002,46.30903417799999,88.12458372901892
exact_even_G5,713041,warehouse_small_narrow_kiva,stationary,3940,1.97,1,5,5,0,0.16255440799999998,45.600796176000024,89.90659355398384
js_cap_G5,713041,warehouse_small_narrow_kiva,stationary,3930,1.965,1,5,5,0,0.097362401,45.940059634000015,90.49233290500706
random_G5,713041,warehouse_small_narrow_kiva,stationary,3949,1.9745,1,5,5,0,0.157720897,48.135293983,92.89997540300828
bootstrap_only,880565,warehouse_small_narrow_kiva,abrupt,3809,1.9045,1,0,0,0,0.004431675,55.26268457799998,106.77754690000438
context_memory_B25,880565,warehouse_small_narrow_kiva,abrupt,3911,1.9555,1,11,25,0,0.17218462699999998,53.220224436000024,107.99217306199716
context_no_reactivation_B25,880565,warehouse_small_narrow_kiva,abrupt,3841,1.9205,1,10,25,0,0.046430494999999995,52.099205827999995,107.62303388598957
exact_even_B25,880565,warehouse_small_narrow_kiva,abrupt,3873,1.9365,1,25,25,0,0.599828396,53.74125732399998,111.67388027400011
exact_even_G4,880565,warehouse_small_narrow_kiva,abrupt,3622,1.811,1,4,4,0,0.167011927,54.972136996,107.70858387000044
exact_even_G5,880565,warehouse_small_narrow_kiva,abrupt,3839,1.9195,1,5,5,0,0.23544356000000002,51.902606552000016,106.38038287399104
js_cap_G5,880565,warehouse_small_narrow_kiva,abrupt,3754,1.877,1,5,5,0,0.15844179799999997,53.51662634300001,110.10535154800164
random_G5,880565,warehouse_small_narrow_kiva,abrupt,3766,1.883,1,5,5,0,0.162512518,52.741559614000025,103.11366900699795
bootstrap_only,880565,warehouse_small_narrow_kiva,recurrent,3724,1.862,1,0,0,0,0.004828836,42.91843842599999,89.49647257302422
context_memory_B25,880565,warehouse_small_narrow_kiva,recurrent,3848,1.924,1,7,25,0,0.026052939,43.89292908500001,88.82569269699161
context_no_reactivation_B25,880565,warehouse_small_narrow_kiva,recurrent,3739,1.8695,1,7,25,0,0.09012633000000002,42.56832600300002,89.13575311697787
exact_even_B25,880565,warehouse_small_narrow_kiva,recurrent,3911,1.9555,1,25,25,0,0.42205713300000003,43.327399165999985,89.69774202798726
exact_even_G4,880565,warehouse_small_narrow_kiva,recurrent,3581,1.7905,1,4,4,0,0.085288373,45.730911758,91.17356725299032
exact_even_G5,880565,warehouse_small_narrow_kiva,recurrent,3798,1.899,1,5,5,0,0.144705612,48.60187436099999,93.27418880601181
js_cap_G5,880565,warehouse_small_narrow_kiva,recurrent,3827,1.9135,1,5,5,0,0.211733707,43.404234169000006,85.80711598400376
random_G5,880565,warehouse_small_narrow_kiva,recurrent,3641,1.8205,1,5,5,0,0.085973928,41.68708181199999,88.99433734000195
bootstrap_only,880565,warehouse_small_narrow_kiva,stationary,3962,1.981,1,0,0,0,0.003515354,46.758903932,86.70802909199847
context_memory_B25,880565,warehouse_small_narrow_kiva,stationary,3906,1.953,1,10,25,0,0.085057231,48.11753930199999,96.50130588898901
context_no_reactivation_B25,880565,warehouse_small_narrow_kiva,stationary,3964,1.982,1,9,25,0,0.177081229,46.400679936,92.47908598100184
exact_even_B25,880565,warehouse_small_narrow_kiva,stationary,3871,1.9355,1,25,25,0,0.385322473,47.70964922,98.89962499501416
exact_even_G4,880565,warehouse_small_narrow_kiva,stationary,3933,1.9665,1,4,4,0,0.087359504,48.69034439299999,91.99359996299609
exact_even_G5,880565,warehouse_small_narrow_kiva,stationary,3938,1.969,1,5,5,0,0.098918789,48.637206967999994,92.8259055110102
js_cap_G5,880565,warehouse_small_narrow_kiva,stationary,3739,1.8695,1,5,5,0,0.021325647,46.664836530000024,88.8007103279815
random_G5,880565,warehouse_small_narrow_kiva,stationary,3911,1.9555,1,5,5,0,0.098056175,47.367406672000016,90.47874359801062
bootstrap_only,907962,warehouse_small_narrow_kiva,abrupt,3649,1.8245,1,0,0,0,0.005699839,45.27219859500001,89.64330133100157
context_memory_B25,907962,warehouse_small_narrow_kiva,abrupt,3928,1.964,1,8,25,0,0.020975156,44.958820735,90.80435900000157
context_no_reactivation_B25,907962,warehouse_small_narrow_kiva,abrupt,3916,1.958,1,9,25,0,0.05140508399999999,45.34592908400001,94.81086581200361
exact_even_B25,907962,warehouse_small_narrow_kiva,abrupt,3898,1.949,1,25,25,0,0.16203205699999998,45.62260192400001,88.11520880000899
exact_even_G4,907962,warehouse_small_narrow_kiva,abrupt,3747,1.8735,1,4,4,0,0.07234529699999999,44.46641407500001,89.89146187400911
exact_even_G5,907962,warehouse_small_narrow_kiva,abrupt,3812,1.906,1,5,5,0,0.09902954799999998,44.41922586299999,90.16656910500024
js_cap_G5,907962,warehouse_small_narrow_kiva,abrupt,3705,1.8525,1,5,5,0,0.09483037700000001,47.343808744,91.4040264049836
random_G5,907962,warehouse_small_narrow_kiva,abrupt,3720,1.86,1,5,5,0,0.025750213000000004,46.132940382,89.37177291300031
bootstrap_only,907962,warehouse_small_narrow_kiva,recurrent,3572,1.786,1,0,0,0,0.003924926,42.77526093400001,93.4117799809901
context_memory_B25,907962,warehouse_small_narrow_kiva,recurrent,3919,1.9595,1,9,25,0,0.087849624,42.283827992000006,102.28121820298838
context_no_reactivation_B25,907962,warehouse_small_narrow_kiva,recurrent,3834,1.917,1,10,25,0,0.116071405,38.925284944,91.07597886098665
exact_even_B25,907962,warehouse_small_narrow_kiva,recurrent,3838,1.919,1,25,25,0,0.18009633600000002,40.43593156200001,97.6009627750027
exact_even_G4,907962,warehouse_small_narrow_kiva,recurrent,3592,1.796,1,4,4,0,0.087814434,39.27785979400001,93.29345397700672
exact_even_G5,907962,warehouse_small_narrow_kiva,recurrent,3862,1.931,1,5,5,0,0.093589073,43.92934014099999,100.32002374599688
js_cap_G5,907962,warehouse_small_narrow_kiva,recurrent,3773,1.8865,1,5,5,0,0.104569993,41.88569746499999,97.506875245017
random_G5,907962,warehouse_small_narrow_kiva,recurrent,3576,1.788,1,5,5,0,0.09743440499999999,43.497666564000006,95.09253780299332
bootstrap_only,907962,warehouse_small_narrow_kiva,stationary,3913,1.9565,1,0,0,0,0.006068648,42.60763283899999,75.8081766149844
context_memory_B25,907962,warehouse_small_narrow_kiva,stationary,3944,1.972,1,8,25,0,0.084067951,41.348107059,76.29594020999502
context_no_reactivation_B25,907962,warehouse_small_narrow_kiva,stationary,3930,1.965,1,8,25,0,0.035253663,40.011544668000006,76.47801476798486
exact_even_B25,907962,warehouse_small_narrow_kiva,stationary,3932,1.966,1,25,25,0,0.20434632199999994,40.66863068700002,79.8067238520016
exact_even_G4,907962,warehouse_small_narrow_kiva,stationary,3886,1.943,1,4,4,0,0.018521857,41.230201184999984,73.82866455998737
exact_even_G5,907962,warehouse_small_narrow_kiva,stationary,3947,1.9735,1,5,5,0,0.037931890999999995,41.360712246000006,75.90105968600255
js_cap_G5,907962,warehouse_small_narrow_kiva,stationary,3905,1.9525,1,5,5,0,0.087307251,39.760771262999995,75.59720270399703
random_G5,907962,warehouse_small_narrow_kiva,stationary,3906,1.953,1,5,5,0,0.15206879899999998,41.97168504699998,78.10421047001728
bootstrap_only,934561,warehouse_small_narrow_kiva,abrupt,3768,1.884,1,0,0,0,0.070787363,46.39275521400002,103.00640253099846
context_memory_B25,934561,warehouse_small_narrow_kiva,abrupt,3878,1.939,1,8,25,0,0.17798417200000002,47.44455249,104.17707709199749
context_no_reactivation_B25,934561,warehouse_small_narrow_kiva,abrupt,3839,1.9195,1,10,25,0,0.18930255699999998,48.655431994000004,106.49928892601747
exact_even_B25,934561,warehouse_small_narrow_kiva,abrupt,3927,1.9635,1,25,25,0,0.23129051900000006,48.28725188599999,113.80630883501726
exact_even_G4,934561,warehouse_small_narrow_kiva,abrupt,3599,1.7995,1,4,4,0,0.15530757299999998,46.678904428999985,102.40368832400418
exact_even_G5,934561,warehouse_small_narrow_kiva,abrupt,3888,1.944,1,5,5,0,0.090585529,45.59972676,100.91526879099547
js_cap_G5,934561,warehouse_small_narrow_kiva,abrupt,3708,1.854,1,5,5,0,0.15919472799999998,48.54064295300002,105.60534444398945
random_G5,934561,warehouse_small_narrow_kiva,abrupt,3923,1.9615,1,5,5,0,0.16121155700000003,45.330699171999996,101.02480302599724
bootstrap_only,934561,warehouse_small_narrow_kiva,recurrent,3779,1.8895,1,0,0,0,0.005265164,48.116069183000015,98.71226156398188
context_memory_B25,934561,warehouse_small_narrow_kiva,recurrent,3851,1.9255,1,6,25,0,0.159294271,48.17988112300001,102.62357134599006
context_no_reactivation_B25,934561,warehouse_small_narrow_kiva,recurrent,3803,1.9015,1,6,25,0,0.098971518,48.512529966000024,106.17880700700334
exact_even_B25,934561,warehouse_small_narrow_kiva,recurrent,3884,1.942,1,25,25,0,0.535802754,47.645028378000006,107.99720525500015
exact_even_G4,934561,warehouse_small_narrow_kiva,recurrent,3673,1.8365,1,4,4,0,0.16250954299999998,47.409426081000014,102.89134920699871
exact_even_G5,934561,warehouse_small_narrow_kiva,recurrent,3798,1.899,1,5,5,0,0.163514,52.53203581800001,107.29946990200551
js_cap_G5,934561,warehouse_small_narrow_kiva,recurrent,3879,1.9395,1,5,5,0,0.290226839,47.98305137299996,102.21361123799579
random_G5,934561,warehouse_small_narrow_kiva,recurrent,3645,1.8225,1,5,5,0,0.157829092,50.08978700800004,104.41685246000998
bootstrap_only,934561,warehouse_small_narrow_kiva,stationary,3876,1.938,1,0,0,0,0.00398014,50.715241899,95.5107009600033
context_memory_B25,934561,warehouse_small_narrow_kiva,stationary,3660,1.83,1,7,25,0,0.016935458,50.302954808999985,97.69093627700931
context_no_reactivation_B25,934561,warehouse_small_narrow_kiva,stationary,3788,1.894,1,5,25,0,0.08889327999999999,49.92038330600002,94.01743602001807
exact_even_B25,934561,warehouse_small_narrow_kiva,stationary,3577,1.7885,1,25,25,0,0.32998765199999996,47.278264991000015,96.29541426798096
exact_even_G4,934561,warehouse_small_narrow_kiva,stationary,3819,1.9095,1,4,4,0,0.09030415399999998,51.662110391999995,97.8807360510109
exact_even_G5,934561,warehouse_small_narrow_kiva,stationary,3813,1.9065,1,5,5,0,0.11964486299999999,49.245537165000016,93.58469118102221
js_cap_G5,934561,warehouse_small_narrow_kiva,stationary,3670,1.835,1,5,5,0,0.094356127,51.662116831000006,97.20794948801631
random_G5,934561,warehouse_small_narrow_kiva,stationary,3690,1.845,1,5,5,0,0.088342144,50.45247704499998,94.41840760299237
bootstrap_only,954705,warehouse_small_narrow_kiva,abrupt,3538,1.769,1,0,0,0,0.004215499,39.99394983999999,87.72258129299735
context_memory_B25,954705,warehouse_small_narrow_kiva,abrupt,3860,1.93,1,9,25,0,0.113946825,42.171071951,93.37957798800198
context_no_reactivation_B25,954705,warehouse_small_narrow_kiva,abrupt,3860,1.93,1,9,25,0,0.18526441300000002,40.93781466700002,89.80895129000419
exact_even_B25,954705,warehouse_small_narrow_kiva,abrupt,3838,1.919,1,25,25,0,0.421793628,41.303551757999976,89.4033324259799
exact_even_G4,954705,warehouse_small_narrow_kiva,abrupt,3660,1.83,1,4,4,0,0.017841087999999998,44.43388574799999,89.68011680699419
exact_even_G5,954705,warehouse_small_narrow_kiva,abrupt,3839,1.9195,1,5,5,0,0.019205698,40.835608125,88.71464294599718
js_cap_G5,954705,warehouse_small_narrow_kiva,abrupt,3719,1.8595,1,5,5,0,0.089111645,44.86582863000002,91.60179968099692
random_G5,954705,warehouse_small_narrow_kiva,abrupt,3865,1.9325,1,5,5,0,0.092942132,42.502659891999976,88.18324494297849
bootstrap_only,954705,warehouse_small_narrow_kiva,recurrent,3815,1.9075,1,0,0,0,0.003608145,53.11935668899997,109.79182758001843
context_memory_B25,954705,warehouse_small_narrow_kiva,recurrent,3879,1.9395,1,10,25,0,0.09006638599999998,49.798681432999985,103.6093280579953
context_no_reactivation_B25,954705,warehouse_small_narrow_kiva,recurrent,3845,1.9225,1,10,25,0,0.18299031699999996,50.909008280999984,110.99428832400008
exact_even_B25,954705,warehouse_small_narrow_kiva,recurrent,3864,1.932,1,25,25,0,0.24126780099999998,48.041748616000014,105.92141031599022
exact_even_G4,954705,warehouse_small_narrow_kiva,recurrent,3685,1.8425,1,4,4,0,0.225048294,49.779265584,105.0110629890114
exact_even_G5,954705,warehouse_small_narrow_kiva,recurrent,3929,1.9645,1,5,5,0,0.164171165,50.379222392999985,108.9245608819765
js_cap_G5,954705,warehouse_small_narrow_kiva,recurrent,3845,1.9225,1,5,5,0,0.087176358,48.05490989499999,95.60759941599099
random_G5,954705,warehouse_small_narrow_kiva,recurrent,3849,1.9245,1,5,5,0,0.230922909,48.02903822599997,107.60522715799743
bootstrap_only,954705,warehouse_small_narrow_kiva,stationary,3304,1.652,1,0,0,0,0.066571441,47.078538099,79.37512736499775
context_memory_B25,954705,warehouse_small_narrow_kiva,stationary,3776,1.888,1,10,25,0,0.016955524,43.926558325000016,82.40625279699452
context_no_reactivation_B25,954705,warehouse_small_narrow_kiva,stationary,3926,1.963,1,7,25,0,0.027540540000000002,45.71717675199999,84.42720456700772
exact_even_B25,954705,warehouse_small_narrow_kiva,stationary,3938,1.969,1,25,25,0,0.47257985699999994,44.084530242,85.81593620401691
exact_even_G4,954705,warehouse_small_narrow_kiva,stationary,3856,1.928,1,4,4,0,0.14106570300000001,42.79238690400001,78.11974491999717
exact_even_G5,954705,warehouse_small_narrow_kiva,stationary,3716,1.858,1,5,5,0,0.025329114000000003,48.78098971399999,83.0952341419761
js_cap_G5,954705,warehouse_small_narrow_kiva,stationary,3936,1.968,1,5,5,0,0.21021288900000004,45.705062117000004,80.88372058299137
random_G5,954705,warehouse_small_narrow_kiva,stationary,3669,1.8345,1,5,5,0,0.07836477800000001,41.89623654200001,79.91005441200105
bootstrap_only,962860,warehouse_small_narrow_kiva,abrupt,3558,1.779,1,0,0,0,0.005949568,48.802046694000026,101.69093855499523
context_memory_B25,962860,warehouse_small_narrow_kiva,abrupt,3835,1.9175,1,11,25,0,0.175926376,45.999264700999994,103.50168159400346
context_no_reactivation_B25,962860,warehouse_small_narrow_kiva,abrupt,3858,1.929,1,9,25,0,0.108414951,47.083915675000014,109.09442144498462
exact_even_B25,962860,warehouse_small_narrow_kiva,abrupt,3891,1.9455,1,25,25,0,0.37199153800000007,49.438012642,109.29871912300587
exact_even_G4,962860,warehouse_small_narrow_kiva,abrupt,3714,1.857,1,4,4,0,0.15616520800000003,47.17081925399999,101.77262925100513
exact_even_G5,962860,warehouse_small_narrow_kiva,abrupt,3863,1.9315,1,5,5,0,0.10173759,47.713516345999984,106.60104120901087
js_cap_G5,962860,warehouse_small_narrow_kiva,abrupt,3743,1.8715,1,5,5,0,0.054591751,51.719215561,107.79151779098902
random_G5,962860,warehouse_small_narrow_kiva,abrupt,3753,1.8765,1,5,5,0,0.027242163999999996,46.719778126,104.12138427200262
bootstrap_only,962860,warehouse_small_narrow_kiva,recurrent,3724,1.862,1,0,0,0,0.004597932,49.330598301000016,103.80156602800707
context_memory_B25,962860,warehouse_small_narrow_kiva,recurrent,3910,1.955,1,9,25,0,0.10645011400000001,49.659036813000014,107.09225509798853
context_no_reactivation_B25,962860,warehouse_small_narrow_kiva,recurrent,3830,1.915,1,8,25,0,0.247643054,49.135244191,105.91317487001652
exact_even_B25,962860,warehouse_small_narrow_kiva,recurrent,3905,1.9525,1,25,25,0,0.391096579,49.16405056700004,109.12397158599924
exact_even_G4,962860,warehouse_small_narrow_kiva,recurrent,3683,1.8415,1,4,4,0,0.023490091999999997,49.44945031200002,99.62570200700429
exact_even_G5,962860,warehouse_small_narrow_kiva,recurrent,3769,1.8845,1,5,5,0,0.022082435,48.898052697000004,94.80627529902267
js_cap_G5,962860,warehouse_small_narrow_kiva,recurrent,3802,1.901,1,5,5,0,0.100304527,48.84706365700001,103.69932775001507
random_G5,962860,warehouse_small_narrow_kiva,recurrent,3659,1.8295,1,5,5,0,0.01997125,46.77421671100001,102.20687811000971
bootstrap_only,962860,warehouse_small_narrow_kiva,stationary,3910,1.955,1,0,0,0,0.003561032,49.13446264400002,91.81433768602437
context_memory_B25,962860,warehouse_small_narrow_kiva,stationary,3663,1.8315,1,6,25,0,0.09787160700000001,51.28504924999998,95.21108815202024
context_no_reactivation_B25,962860,warehouse_small_narrow_kiva,stationary,3681,1.8405,1,5,25,0,0.093819761,49.46998955200001,94.81209617501008
exact_even_B25,962860,warehouse_small_narrow_kiva,stationary,3677,1.8385,1,25,25,0,0.4571819939999999,49.72773369900001,97.68684415300959
exact_even_G4,962860,warehouse_small_narrow_kiva,stationary,3532,1.766,1,4,4,0,0.08992835799999999,53.29598041099999,96.39566788100637
exact_even_G5,962860,warehouse_small_narrow_kiva,stationary,3637,1.8185,1,5,5,0,0.098253291,53.00303709800001,98.70480182100437
js_cap_G5,962860,warehouse_small_narrow_kiva,stationary,3665,1.8325,1,5,5,0,0.15477827,45.146197349000005,89.29115590901347
random_G5,962860,warehouse_small_narrow_kiva,stationary,3481,1.7405,1,5,5,0,0.023216366,45.869711069000026,88.12186632800149
