method,seed,map_id,workload,num_task_finished,throughput_per_timestep,mandatory_bootstrap_calls,post_bootstrap_publication_count,publication_budget,budget_violation_count,generator_seconds,simulator_seconds,elapsed_seconds
bootstrap_only,113743,warehouse_small_narrow_kiva,abrupt,4519,2.2595,1,0,0,0,0.002849045,70.38173861,136.41906656799256
context_memory_B25,113743,warehouse_small_narrow_kiva,abrupt,4686,2.343,1,4,25,0,0.019820001,67.93895137599998,138.38753731400357
context_no_reactivation_B25,113743,warehouse_small_narrow_kiva,abrupt,4714,2.357,1,4,25,0,0.090143447,72.73756711700003,139.1188135559787
exact_even_B25,113743,warehouse_small_narrow_kiva,abrupt,4744,2.372,1,25,25,0,0.5987646670000001,69.35117444700006,141.0056252820068
exact_even_G4,113743,warehouse_small_narrow_kiva,abrupt,4762,2.381,1,4,4,0,0.087863283,68.85150185799998,140.21670769900084
exact_even_G5,113743,warehouse_small_narrow_kiva,abrupt,4500,2.25,1,5,5,0,0.23643094200000003,69.34042976300003,140.6927880019939
js_cap_G5,113743,warehouse_small_narrow_kiva,abrupt,4224,2.112,1,5,5,0,0.024676847,68.10197991999999,133.80491893700673
random_G5,113743,warehouse_small_narrow_kiva,abrupt,4648,2.324,1,5,5,0,0.08839770500000002,69.282963175,139.50458161300048
bootstrap_only,113743,warehouse_small_narrow_kiva,recurrent,4194,2.097,1,0,0,0,0.050027645,23.505533071,48.404169385990826
context_memory_B25,113743,warehouse_small_narrow_kiva,recurrent,4605,2.3025,1,5,25,0,0.102121639,24.510838281000005,50.09868624099181
context_no_reactivation_B25,113743,warehouse_small_narrow_kiva,recurrent,4606,2.303,1,5,25,0,0.0218219,23.660522291,50.47493236500304
exact_even_B25,113743,warehouse_small_narrow_kiva,recurrent,4705,2.3525,1,25,25,0,0.25547764900000003,25.102425069000006,49.825596597016556
exact_even_G4,113743,warehouse_small_narrow_kiva,recurrent,4681,2.3405,1,4,4,0,0.014169066000000001,24.209260914,50.494846104993485
exact_even_G5,113743,warehouse_small_narrow_kiva,recurrent,4702,2.351,1,5,5,0,0.022123647,23.641877479999998,50.76276292899274
js_cap_G5,113743,warehouse_small_narrow_kiva,recurrent,4157,2.0785,1,5,5,0,0.08699368000000002,24.716778127999987,50.132769975985866
random_G5,113743,warehouse_small_narrow_kiva,recurrent,4522,2.261,1,5,5,0,0.068211688,23.822178999000005,49.834067254007095
bootstrap_only,113743,warehouse_small_narrow_kiva,stationary,3879,1.9395,1,0,0,0,0.005152551,68.682797559,125.30291366699385
context_memory_B25,113743,warehouse_small_narrow_kiva,stationary,3465,1.7325,1,3,25,0,0.038984525,65.201552944,120.60302193899406
context_no_reactivation_B25,113743,warehouse_small_narrow_kiva,stationary,3465,1.7325,1,3,25,0,0.08704177799999999,67.58390633,121.78272911300883
exact_even_B25,113743,warehouse_small_narrow_kiva,stationary,3555,1.7775,1,25,25,0,0.31249870799999996,67.728311481,123.19325447498704
exact_even_G4,113743,warehouse_small_narrow_kiva,stationary,3485,1.7425,1,4,4,0,0.08675076599999999,68.689254722,123.19976056998712
exact_even_G5,113743,warehouse_small_narrow_kiva,stationary,3480,1.74,1,5,5,0,0.088084872,68.42128402899999,122.50280515701161
js_cap_G5,113743,warehouse_small_narrow_kiva,stationary,3537,1.7685,1,5,5,0,0.092356733,66.64327907899998,118.79178379898076
random_G5,113743,warehouse_small_narrow_kiva,stationary,3634,1.817,1,5,5,0,0.023859299,71.29736990999999,123.11393575399416
bootstrap_only,115950,warehouse_small_narrow_kiva,abrupt,3640,1.82,1,0,0,0,0.067387645,57.313690104999985,119.8224999840022
context_memory_B25,115950,warehouse_small_narrow_kiva,abrupt,4539,2.2695,1,4,25,0,0.089936016,56.96875484400001,123.59393976599677
context_no_reactivation_B25,115950,warehouse_small_narrow_kiva,abrupt,4539,2.2695,1,4,25,0,0.08360311500000002,56.65685907899999,119.21264678199077
exact_even_B25,115950,warehouse_small_narrow_kiva,abrupt,4703,2.3515,1,25,25,0,0.344868247,61.436399781999995,129.8758404290129
exact_even_G4,115950,warehouse_small_narrow_kiva,abrupt,4366,2.183,1,4,4,0,0.033734348000000004,56.49025619199999,119.42388212902006
exact_even_G5,115950,warehouse_small_narrow_kiva,abrupt,4544,2.272,1,5,5,0,0.096436542,61.275532391999974,126.48946087100194
js_cap_G5,115950,warehouse_small_narrow_kiva,abrupt,3813,1.9065,1,5,5,0,0.019022204,60.24507894199999,126.29142706701532
random_G5,115950,warehouse_small_narrow_kiva,abrupt,4267,2.1335,1,5,5,0,0.019770563,61.812422547,131.90561967200483
bootstrap_only,115950,warehouse_small_narrow_kiva,recurrent,4900,2.45,1,0,0,0,0.005410012,66.14733607100003,136.30667734600138
context_memory_B25,115950,warehouse_small_narrow_kiva,recurrent,5077,2.5385,1,4,25,0,0.160267353,68.93168412000003,142.9026538110047
context_no_reactivation_B25,115950,warehouse_small_narrow_kiva,recurrent,5077,2.5385,1,4,25,0,0.088868163,67.377434164,139.3788566949952
exact_even_B25,115950,warehouse_small_narrow_kiva,recurrent,4896,2.448,1,25,25,0,0.445700903,66.247119012,137.79691153598833
exact_even_G4,115950,warehouse_small_narrow_kiva,recurrent,4871,2.4355,1,4,4,0,0.015945674,69.02132937599998,140.50429837300908
exact_even_G5,115950,warehouse_small_narrow_kiva,recurrent,4472,2.236,1,5,5,0,0.090592884,65.71152631599999,136.98335564899025
js_cap_G5,115950,warehouse_small_narrow_kiva,recurrent,5148,2.574,1,5,5,0,0.091794398,70.44728481499999,143.60015928102075
random_G5,115950,warehouse_small_narrow_kiva,recurrent,5179,2.5895,1,5,5,0,0.08753886900000002,67.671442466,135.601941601024
bootstrap_only,115950,warehouse_small_narrow_kiva,stationary,3553,1.7765,1,0,0,0,0.004577149,64.21537749899998,109.97678895000718
context_memory_B25,115950,warehouse_small_narrow_kiva,stationary,3949,1.9745,1,3,25,0,0.07901038300000002,65.50933986,113.00642377298209
context_no_reactivation_B25,115950,warehouse_small_narrow_kiva,stationary,3949,1.9745,1,3,25,0,0.014172819,70.376795182,128.99450187801267
exact_even_B25,115950,warehouse_small_narrow_kiva,stationary,3506,1.753,1,25,25,0,0.23346526899999995,71.32815115599999,125.89094344698242
exact_even_G4,115950,warehouse_small_narrow_kiva,stationary,3513,1.7565,1,4,4,0,0.019367838999999998,67.112386827,121.50482302400633
exact_even_G5,115950,warehouse_small_narrow_kiva,stationary,3532,1.766,1,5,5,0,0.022927725999999995,71.17596772599998,122.7848214500118
js_cap_G5,115950,warehouse_small_narrow_kiva,stationary,3461,1.7305,1,5,5,0,0.084345246,63.97684779699998,109.01404963998357
random_G5,115950,warehouse_small_narrow_kiva,stationary,3790,1.895,1,5,5,0,0.046018782999999994,62.79910478599999,107.38861901898053
bootstrap_only,130998,warehouse_small_narrow_kiva,abrupt,4001,2.0005,1,0,0,0,0.005730459,60.49529453799998,116.36594883399084
context_memory_B25,130998,warehouse_small_narrow_kiva,abrupt,4646,2.323,1,4,25,0,0.105005444,61.38764006200003,118.60234615701484
context_no_reactivation_B25,130998,warehouse_small_narrow_kiva,abrupt,4646,2.323,1,4,25,0,0.015047467000000002,62.543253358999976,120.70237285399344
exact_even_B25,130998,warehouse_small_narrow_kiva,abrupt,4768,2.384,1,25,25,0,0.17354421500000003,60.50907278500001,118.09641110899975
exact_even_G4,130998,warehouse_small_narrow_kiva,abrupt,5020,2.51,1,4,4,0,0.017240708,63.14296274200001,117.79193045099964
exact_even_G5,130998,warehouse_small_narrow_kiva,abrupt,4756,2.378,1,5,5,0,0.019833463000000003,62.51777509600003,115.36395794700366
js_cap_G5,130998,warehouse_small_narrow_kiva,abrupt,4918,2.459,1,5,5,0,0.031174260999999998,60.632415163999994,116.11118743798579
random_G5,130998,warehouse_small_narrow_kiva,abrupt,4486,2.243,1,5,5,0,0.015726925,61.7852972,114.3138873380085
bootstrap_only,130998,warehouse_small_narrow_kiva,recurrent,3870,1.935,1,0,0,0,0.004400135,66.56308784699998,134.8077450679848
context_memory_B25,130998,warehouse_small_narrow_kiva,recurrent,4051,2.0255,1,6,25,0,0.089840766,68.99359902300002,141.1175207089982
context_no_reactivation_B25,130998,warehouse_small_narrow_kiva,recurrent,4051,2.0255,1,6,25,0,0.033780993,70.01625063000003,142.3007112129999
exact_even_B25,130998,warehouse_small_narrow_kiva,recurrent,3961,1.9805,1,25,25,0,0.31449788200000006,69.918498545,142.7967282269965
exact_even_G4,130998,warehouse_small_narrow_kiva,recurrent,3692,1.846,1,4,4,0,0.018850137,71.116639568,141.79939947501407
exact_even_G5,130998,warehouse_small_narrow_kiva,recurrent,4291,2.1455,1,5,5,0,0.158212037,67.78137256800001,134.18576114301686
js_cap_G5,130998,warehouse_small_narrow_kiva,recurrent,3934,1.967,1,5,5,0,0.021079526999999997,69.676061085,137.51114709000103
random_G5,130998,warehouse_small_narrow_kiva,recurrent,4026,2.013,1,5,5,0,0.161636364,67.31063535199998,140.0008420169761
bootstrap_only,130998,warehouse_small_narrow_kiva,stationary,2856,1.428,1,0,0,0,0.003032738,21.526747431999993,40.85636306100059
context_memory_B25,130998,warehouse_small_narrow_kiva,stationary,2884,1.442,1,3,25,0,0.056314699,21.001797509,42.132835800002795
context_no_reactivation_B25,130998,warehouse_small_narrow_kiva,stationary,2884,1.442,1,3,25,0,0.011471064,22.377882129999985,41.704818952974165
exact_even_B25,130998,warehouse_small_narrow_kiva,stationary,3201,1.6005,1,25,25,0,0.06137320699999999,21.555402283999996,44.16183217399521
exact_even_G4,130998,warehouse_small_narrow_kiva,stationary,3080,1.54,1,4,4,0,0.016475666,20.873665304,40.19477956800256
exact_even_G5,130998,warehouse_small_narrow_kiva,stationary,3112,1.556,1,5,5,0,0.018625004999999997,22.37653918200001,41.0654054619954
js_cap_G5,130998,warehouse_small_narrow_kiva,stationary,3216,1.608,1,5,5,0,0.016866057,21.556397553999997,41.428909053996904
random_G5,130998,warehouse_small_narrow_kiva,stationary,3192,1.596,1,5,5,0,0.018644557,22.86801230400001,44.08581453899387
bootstrap_only,152753,warehouse_small_narrow_kiva,abrupt,3667,1.8335,1,0,0,0,0.004161227,58.511143641999986,115.62799015198834
context_memory_B25,152753,warehouse_small_narrow_kiva,abrupt,4245,2.1225,1,5,25,0,0.090527895,59.234871956000006,117.30324809599551
context_no_reactivation_B25,152753,warehouse_small_narrow_kiva,abrupt,4245,2.1225,1,5,25,0,0.14487414,60.10011956500002,118.66699217699352
exact_even_B25,152753,warehouse_small_narrow_kiva,abrupt,4454,2.227,1,25,25,0,0.35751718899999996,59.59939881000002,118.31719580898061
exact_even_G4,152753,warehouse_small_narrow_kiva,abrupt,4023,2.0115,1,4,4,0,0.01601167,58.16712539699999,114.99969777400838
exact_even_G5,152753,warehouse_small_narrow_kiva,abrupt,4013,2.0065,1,5,5,0,0.019955756,61.605171211999995,117.00189439000678
js_cap_G5,152753,warehouse_small_narrow_kiva,abrupt,4345,2.1725,1,5,5,0,0.203259929,59.34653992900001,112.49169632900157
random_G5,152753,warehouse_small_narrow_kiva,abrupt,4478,2.239,1,5,5,0,0.019830367999999998,60.907928483000006,116.00762499202392
bootstrap_only,152753,warehouse_small_narrow_kiva,recurrent,4529,2.2645,1,0,0,0,0.002889034,62.85348699000002,122.26671801999328
context_memory_B25,152753,warehouse_small_narrow_kiva,recurrent,5106,2.553,1,4,25,0,0.012637498,61.10399819800001,123.98513010700117
context_no_reactivation_B25,152753,warehouse_small_narrow_kiva,recurrent,5104,2.552,1,4,25,0,0.076960343,60.856528694,122.38782984900172
exact_even_B25,152753,warehouse_small_narrow_kiva,recurrent,4694,2.347,1,25,25,0,0.33418121700000003,57.79906203499999,121.50854578899452
exact_even_G4,152753,warehouse_small_narrow_kiva,recurrent,4603,2.3015,1,4,4,0,0.015585546000000002,60.25707932099999,118.09487578002154
exact_even_G5,152753,warehouse_small_narrow_kiva,recurrent,5024,2.512,1,5,5,0,0.024925502999999998,63.38177837900002,122.20214208899415
js_cap_G5,152753,warehouse_small_narrow_kiva,recurrent,4256,2.128,1,5,5,0,0.093881869,59.305692540000024,120.90798389300471
random_G5,152753,warehouse_small_narrow_kiva,recurrent,5016,2.508,1,5,5,0,0.05016563,58.050433827,119.10341147397412
bootstrap_only,152753,warehouse_small_narrow_kiva,stationary,3172,1.586,1,0,0,0,0.002848991,23.00368601199999,43.00682128799963
context_memory_B25,152753,warehouse_small_narrow_kiva,stationary,3649,1.8245,1,4,25,0,0.016730043000000003,23.927557350000004,44.39031270900159
context_no_reactivation_B25,152753,warehouse_small_narrow_kiva,stationary,3649,1.8245,1,4,25,0,0.057775163,23.30274152,44.010206740989815
exact_even_B25,152753,warehouse_small_narrow_kiva,stationary,3416,1.708,1,25,25,0,0.19103175899999997,23.225138882000003,44.89139391601202
exact_even_G4,152753,warehouse_small_narrow_kiva,stationary,3477,1.7385,1,4,4,0,0.06715955700000001,23.399647725999994,43.89870005697594
exact_even_G5,152753,warehouse_small_narrow_kiva,stationary,3325,1.6625,1,5,5,0,0.017282714,23.494083340999982,44.240366904996336
js_cap_G5,152753,warehouse_small_narrow_kiva,stationary,3446,1.723,1,5,5,0,0.019130901,23.08721609700001,44.44326063201879
random_G5,152753,warehouse_small_narrow_kiva,stationary,3442,1.721,1,5,5,0,0.017055045999999997,23.676898058000006,44.67169892601669
bootstrap_only,175381,warehouse_small_narrow_kiva,abrupt,3678,1.839,1,0,0,0,0.00310099,67.86001002699997,137.01660771502065
context_memory_B25,175381,warehouse_small_narrow_kiva,abrupt,3910,1.955,1,5,25,0,0.088353938,66.06445538799996,131.50101251300657
context_no_reactivation_B25,175381,warehouse_small_narrow_kiva,abrupt,3910,1.955,1,5,25,0,0.089126769,66.588191626,140.9083371910092
exact_even_B25,175381,warehouse_small_narrow_kiva,abrupt,4291,2.1455,1,25,25,0,0.31812573799999994,68.94744593600002,143.00585607098765
exact_even_G4,175381,warehouse_small_narrow_kiva,abrupt,3870,1.935,1,4,4,0,0.01934864,65.563297857,136.01124103198526
exact_even_G5,175381,warehouse_small_narrow_kiva,abrupt,4556,2.278,1,5,5,0,0.02031834,68.272200703,135.68639018200338
js_cap_G5,175381,warehouse_small_narrow_kiva,abrupt,4320,2.16,1,5,5,0,0.16241062699999997,71.29809078100004,141.90768540999852
random_G5,175381,warehouse_small_narrow_kiva,abrupt,4178,2.089,1,5,5,0,0.090540918,66.83815676499998,139.499834251008
bootstrap_only,175381,warehouse_small_narrow_kiva,recurrent,4512,2.256,1,0,0,0,0.004679978,62.32729914600001,115.60733824400813
context_memory_B25,175381,warehouse_small_narrow_kiva,recurrent,4719,2.3595,1,5,25,0,0.022184227,61.974634277999996,122.59271155201714
context_no_reactivation_B25,175381,warehouse_small_narrow_kiva,recurrent,4719,2.3595,1,5,25,0,0.081520009,63.13326119800001,119.0273582849768
exact_even_B25,175381,warehouse_small_narrow_kiva,recurrent,4942,2.471,1,25,25,0,0.191018349,65.348218242,124.10370568998042
exact_even_G4,175381,warehouse_small_narrow_kiva,recurrent,4521,2.2605,1,4,4,0,0.021804637,63.28138195,119.7841129010194
exact_even_G5,175381,warehouse_small_narrow_kiva,recurrent,5000,2.5,1,5,5,0,0.032284465,64.28979661400002,117.77252844997565
js_cap_G5,175381,warehouse_small_narrow_kiva,recurrent,4323,2.1615,1,5,5,0,0.08213944,61.93268351500001,119.78049303800799
random_G5,175381,warehouse_small_narrow_kiva,recurrent,4650,2.325,1,5,5,0,0.016627626,62.042281619,117.09109393597464
bootstrap_only,175381,warehouse_small_narrow_kiva,stationary,3060,1.53,1,0,0,0,0.006287735,63.55201075999996,118.19667852798011
context_memory_B25,175381,warehouse_small_narrow_kiva,stationary,3082,1.541,1,3,25,0,0.016297192,64.82128883000001,123.28945180500159
context_no_reactivation_B25,175381,warehouse_small_narrow_kiva,stationary,3082,1.541,1,3,25,0,0.01240883,65.77969225700001,120.62065517000156
exact_even_B25,175381,warehouse_small_narrow_kiva,stationary,3051,1.5255,1,25,25,0,0.31360769999999993,71.02342424500002,130.20370056899264
exact_even_G4,175381,warehouse_small_narrow_kiva,stationary,3047,1.5235,1,4,4,0,0.083296415,64.883437123,120.41014119199826
exact_even_G5,175381,warehouse_small_narrow_kiva,stationary,2908,1.454,1,5,5,0,0.021357130000000002,66.748962386,119.99677746900124
js_cap_G5,175381,warehouse_small_narrow_kiva,stationary,3081,1.5405,1,5,5,0,0.023039084,68.1721869,125.17882273401483
random_G5,175381,warehouse_small_narrow_kiva,stationary,3168,1.584,1,5,5,0,0.019955097999999998,66.44250932799997,120.20335511499434
bootstrap_only,190142,warehouse_small_narrow_kiva,abrupt,3812,1.906,1,0,0,0,0.00616088,69.20046204300004,133.39754123802413
context_memory_B25,190142,warehouse_small_narrow_kiva,abrupt,4258,2.129,1,5,25,0,0.022336904,68.481500729,140.41016397299245
context_no_reactivation_B25,190142,warehouse_small_narrow_kiva,abrupt,4258,2.129,1,5,25,0,0.08656137900000001,68.86629680200001,139.89271004198235
exact_even_B25,190142,warehouse_small_narrow_kiva,abrupt,4289,2.1445,1,25,25,0,0.29940923499999994,65.27410061400002,141.3985456409864
exact_even_G4,190142,warehouse_small_narrow_kiva,abrupt,4373,2.1865,1,4,4,0,0.021841821999999997,70.33408540199999,136.30814652700792
exact_even_G5,190142,warehouse_small_narrow_kiva,abrupt,3765,1.8825,1,5,5,0,0.019670183,65.07590129399999,132.61041355298948
js_cap_G5,190142,warehouse_small_narrow_kiva,abrupt,3599,1.7995,1,5,5,0,0.095556131,64.489227748,129.92024623401812
random_G5,190142,warehouse_small_narrow_kiva,abrupt,3702,1.851,1,5,5,0,0.090095576,64.12554899000001,137.78524165198905
bootstrap_only,190142,warehouse_small_narrow_kiva,recurrent,4882,2.441,1,0,0,0,0.004567833,63.7521083,116.70656208501896
context_memory_B25,190142,warehouse_small_narrow_kiva,recurrent,5125,2.5625,1,5,25,0,0.013958007000000001,61.97414646099998,118.4974231319793
context_no_reactivation_B25,190142,warehouse_small_narrow_kiva,recurrent,5175,2.5875,1,5,25,0,0.018872956,62.540624692999984,121.48260516099981
exact_even_B25,190142,warehouse_small_narrow_kiva,recurrent,4083,2.0415,1,25,25,0,0.08618630199999999,61.128865665000006,121.82698436800274
exact_even_G4,190142,warehouse_small_narrow_kiva,recurrent,4797,2.3985,1,4,4,0,0.15692248,62.26820738999998,118.52195138999377
exact_even_G5,190142,warehouse_small_narrow_kiva,recurrent,4923,2.4615,1,5,5,0,0.092449454,64.73822664700003,121.99533882498508
js_cap_G5,190142,warehouse_small_narrow_kiva,recurrent,3807,1.9035,1,5,5,0,0.022731581,60.229638602,115.41722712200135
random_G5,190142,warehouse_small_narrow_kiva,recurrent,5205,2.6025,1,5,5,0,0.024565342,65.696440944,122.1019503060088
bootstrap_only,190142,warehouse_small_narrow_kiva,stationary,3068,1.534,1,0,0,0,0.007706383,58.61935311000002,100.36932834199979
context_memory_B25,190142,warehouse_small_narrow_kiva,stationary,3422,1.711,1,4,25,0,0.040098087,57.091782533000014,102.58790606597904
context_no_reactivation_B25,190142,warehouse_small_narrow_kiva,stationary,3422,1.711,1,4,25,0,0.029545197999999998,60.21611732,102.52091406600084
exact_even_B25,190142,warehouse_small_narrow_kiva,stationary,3347,1.6735,1,25,25,0,0.154029339,58.38644384200001,105.81229439401068
exact_even_G4,190142,warehouse_small_narrow_kiva,stationary,3364,1.682,1,4,4,0,0.020831742,61.03300239900001,104.62477264599875
exact_even_G5,190142,warehouse_small_narrow_kiva,stationary,3542,1.771,1,5,5,0,0.019037142,59.26937509199998,105.41113256799872
js_cap_G5,190142,warehouse_small_narrow_kiva,stationary,3526,1.763,1,5,5,0,0.021503998999999996,59.849434844,104.79750143000274
random_G5,190142,warehouse_small_narrow_kiva,stationary,3228,1.614,1,5,5,0,0.096310886,60.83036438800001,105.58137194000301
bootstrap_only,204011,warehouse_small_narrow_kiva,abrupt,4598,2.299,1,0,0,0,0.061055412,63.22434310700002,114.39051843399648
context_memory_B25,204011,warehouse_small_narrow_kiva,abrupt,5003,2.5015,1,6,25,0,0.08945518499999999,61.883621745000006,120.08389355099644
context_no_reactivation_B25,204011,warehouse_small_narrow_kiva,abrupt,5030,2.515,1,5,25,0,0.023524116999999997,63.88701004500001,119.99369613401359
exact_even_B25,204011,warehouse_small_narrow_kiva,abrupt,4961,2.4805,1,25,25,0,0.30668432999999995,63.59998909300001,125.70349693699973
exact_even_G4,204011,warehouse_small_narrow_kiva,abrupt,4449,2.2245,1,4,4,0,0.015010866000000001,62.242632468,117.68760240499978
exact_even_G5,204011,warehouse_small_narrow_kiva,abrupt,4608,2.304,1,5,5,0,0.039184832,61.77781064399999,119.22658009201405
js_cap_G5,204011,warehouse_small_narrow_kiva,abrupt,5162,2.581,1,5,5,0,0.021060838999999998,64.04180674799998,115.73439479299122
random_G5,204011,warehouse_small_narrow_kiva,abrupt,5110,2.555,1,5,5,0,0.087656947,59.027928197,114.40201700798934
bootstrap_only,204011,warehouse_small_narrow_kiva,recurrent,4173,2.0865,1,0,0,0,0.006000229,60.744108869,114.27474871298182
context_memory_B25,204011,warehouse_small_narrow_kiva,recurrent,4391,2.1955,1,5,25,0,0.022802982,64.51667957299998,122.12995580100687
context_no_reactivation_B25,204011,warehouse_small_narrow_kiva,recurrent,4381,2.1905,1,4,25,0,0.018304704,58.89762110699998,118.1101996859943
exact_even_B25,204011,warehouse_small_narrow_kiva,recurrent,4950,2.475,1,25,25,0,0.22639708200000003,58.626017069,119.2807514629967
exact_even_G4,204011,warehouse_small_narrow_kiva,recurrent,4569,2.2845,1,4,4,0,0.106769577,60.98022270100002,118.02487148001092
exact_even_G5,204011,warehouse_small_narrow_kiva,recurrent,4912,2.456,1,5,5,0,0.020519771,65.04301418499999,119.09444839399657
js_cap_G5,204011,warehouse_small_narrow_kiva,recurrent,4188,2.094,1,5,5,0,0.143290611,59.06904470800002,117.68859034299385
random_G5,204011,warehouse_small_narrow_kiva,recurrent,4357,2.1785,1,5,5,0,0.137715614,60.256355557999996,116.99874684898532
bootstrap_only,204011,warehouse_small_narrow_kiva,stationary,3550,1.775,1,0,0,0,0.078276031,60.310129330999985,104.89316319601494
context_memory_B25,204011,warehouse_small_narrow_kiva,stationary,3578,1.789,1,3,25,0,0.086402975,63.472929611,110.90929637697991
context_no_reactivation_B25,204011,warehouse_small_narrow_kiva,stationary,3578,1.789,1,3,25,0,0.083984828,62.25946652999998,108.23408731998643
exact_even_B25,204011,warehouse_small_narrow_kiva,stationary,3430,1.715,1,25,25,0,0.24737202800000002,63.50752483299998,109.8681213259988
exact_even_G4,204011,warehouse_small_narrow_kiva,stationary,3630,1.815,1,4,4,0,0.084945608,62.66579258699998,107.21274292501039
exact_even_G5,204011,warehouse_small_narrow_kiva,stationary,3337,1.6685,1,5,5,0,0.144610759,62.27548759000002,104.08642220398178
js_cap_G5,204011,warehouse_small_narrow_kiva,stationary,3555,1.7775,1,5,5,0,0.032271431999999996,61.07306091500001,104.09591867399286
random_G5,204011,warehouse_small_narrow_kiva,stationary,3410,1.705,1,5,5,0,0.022555262,60.00180369899997,102.18837683901074
bootstrap_only,253714,warehouse_small_narrow_kiva,abrupt,4661,2.3305,1,0,0,0,0.003057197,62.25026578700001,117.68800692100194
context_memory_B25,253714,warehouse_small_narrow_kiva,abrupt,4933,2.4665,1,5,25,0,0.021336673,63.111719474,120.10499202201026
context_no_reactivation_B25,253714,warehouse_small_narrow_kiva,abrupt,4933,2.4665,1,5,25,0,0.025586309,64.06830229300002,119.40597658700426
exact_even_B25,253714,warehouse_small_narrow_kiva,abrupt,4744,2.372,1,25,25,0,0.330617122,58.842490981000026,119.09704988898011
exact_even_G4,253714,warehouse_small_narrow_kiva,abrupt,4950,2.475,1,4,4,0,0.07382556,64.186654328,117.48844422399998
exact_even_G5,253714,warehouse_small_narrow_kiva,abrupt,4733,2.3665,1,5,5,0,0.084171936,62.02381863000001,117.09554667701013
js_cap_G5,253714,warehouse_small_narrow_kiva,abrupt,3698,1.849,1,5,5,0,0.10412906999999998,61.12704679000001,116.37822383400635
random_G5,253714,warehouse_small_narrow_kiva,abrupt,4340,2.17,1,5,5,0,0.135668326,62.30697474299999,116.71079279799596
bootstrap_only,253714,warehouse_small_narrow_kiva,recurrent,4228,2.114,1,0,0,0,0.00305484,19.482344400000002,41.48479979200056
context_memory_B25,253714,warehouse_small_narrow_kiva,recurrent,4665,2.3325,1,4,25,0,0.093071926,20.251163066999997,44.12565077099134
context_no_reactivation_B25,253714,warehouse_small_narrow_kiva,recurrent,4677,2.3385,1,4,25,0,0.052429741,19.183376826999996,43.36890242798836
exact_even_B25,253714,warehouse_small_narrow_kiva,recurrent,4717,2.3585,1,25,25,0,0.10565078900000001,19.388720572999997,44.37322450100328
exact_even_G4,253714,warehouse_small_narrow_kiva,recurrent,4753,2.3765,1,4,4,0,0.060903279,20.301087598999995,42.263566417997936
exact_even_G5,253714,warehouse_small_narrow_kiva,recurrent,4672,2.336,1,5,5,0,0.016779697999999996,20.18111602099999,43.20078749998356
js_cap_G5,253714,warehouse_small_narrow_kiva,recurrent,4179,2.0895,1,5,5,0,0.020493586999999997,19.883959778999998,43.67923114600126
random_G5,253714,warehouse_small_narrow_kiva,recurrent,4569,2.2845,1,5,5,0,0.068644361,19.852172212999992,42.89334021299146
bootstrap_only,253714,warehouse_small_narrow_kiva,stationary,4334,2.167,1,0,0,0,0.011933812,62.166256045000004,107.4757003710256
context_memory_B25,253714,warehouse_small_narrow_kiva,stationary,4098,2.049,1,3,25,0,0.07601556400000001,64.95072169499998,108.11157531299978
context_no_reactivation_B25,253714,warehouse_small_narrow_kiva,stationary,4098,2.049,1,3,25,0,0.031121232999999998,65.36233402500004,111.19445046200417
exact_even_B25,253714,warehouse_small_narrow_kiva,stationary,4381,2.1905,1,25,25,0,0.08641607000000003,65.36099726099998,115.80596782101202
exact_even_G4,253714,warehouse_small_narrow_kiva,stationary,4114,2.057,1,4,4,0,0.016353674999999998,62.35664525700002,105.61110524198739
exact_even_G5,253714,warehouse_small_narrow_kiva,stationary,4255,2.1275,1,5,5,0,0.040893771999999995,61.05714817200002,106.17800745900604
js_cap_G5,253714,warehouse_small_narrow_kiva,stationary,4502,2.251,1,5,5,0,0.019029855,65.54581663299999,111.0255956420151
random_G5,253714,warehouse_small_narrow_kiva,stationary,4375,2.1875,1,5,5,0,0.08388496200000001,63.918649635000016,105.33472313999664
bootstrap_only,257578,warehouse_small_narrow_kiva,abrupt,5245,2.6225,1,0,0,0,0.0786111,67.75049203600001,141.92227564100176
context_memory_B25,257578,warehouse_small_narrow_kiva,abrupt,5177,2.5885,1,5,25,0,0.15766531,69.51260623100002,141.89087462198222
context_no_reactivation_B25,257578,warehouse_small_narrow_kiva,abrupt,5177,2.5885,1,5,25,0,0.023479618,71.45999450499998,146.71512234999682
exact_even_B25,257578,warehouse_small_narrow_kiva,abrupt,5426,2.713,1,25,25,0,0.30186631700000005,68.02599051499999,144.59059137199074
exact_even_G4,257578,warehouse_small_narrow_kiva,abrupt,5211,2.6055,1,4,4,0,0.085931943,65.93127501800002,136.29822190100094
exact_even_G5,257578,warehouse_small_narrow_kiva,abrupt,5334,2.667,1,5,5,0,0.021601564,69.16724995099997,141.70598977600457
js_cap_G5,257578,warehouse_small_narrow_kiva,abrupt,5170,2.585,1,5,5,0,0.155159272,68.28311945700001,135.88730514599592
random_G5,257578,warehouse_small_narrow_kiva,abrupt,5353,2.6765,1,5,5,0,0.155533873,69.525714404,138.5794854700216
bootstrap_only,257578,warehouse_small_narrow_kiva,recurrent,4837,2.4185,1,0,0,0,0.003466716,65.283684967,121.90297469199868
context_memory_B25,257578,warehouse_small_narrow_kiva,recurrent,5399,2.6995,1,4,25,0,0.08600698,62.624656139,121.61933178998879
context_no_reactivation_B25,257578,warehouse_small_narrow_kiva,recurrent,5399,2.6995,1,4,25,0,0.013875009,63.49461808999999,123.5225935690105
exact_even_B25,257578,warehouse_small_narrow_kiva,recurrent,4582,2.291,1,25,25,0,0.474404403,59.910410809999995,120.39792117397883
exact_even_G4,257578,warehouse_small_narrow_kiva,recurrent,5437,2.7185,1,4,4,0,0.017163957,66.76067758699998,126.78620186098851
exact_even_G5,257578,warehouse_small_narrow_kiva,recurrent,5289,2.6445,1,5,5,0,0.081109231,63.76202702599999,122.32728749100352
js_cap_G5,257578,warehouse_small_narrow_kiva,recurrent,4757,2.3785,1,5,5,0,0.146155428,66.70684282399999,121.4065172339906
random_G5,257578,warehouse_small_narrow_kiva,recurrent,5325,2.6625,1,5,5,0,0.08299039999999999,63.848166565,123.97546836797846
bootstrap_only,257578,warehouse_small_narrow_kiva,stationary,3323,1.6615,1,0,0,0,0.060222507,60.59484216099999,103.89314130300772
context_memory_B25,257578,warehouse_small_narrow_kiva,stationary,3310,1.655,1,3,25,0,0.014175698,61.409455645000016,107.81234494497767
context_no_reactivation_B25,257578,warehouse_small_narrow_kiva,stationary,3310,1.655,1,3,25,0,0.014963090999999998,60.02109708099995,108.70228190600756
exact_even_B25,257578,warehouse_small_narrow_kiva,stationary,3298,1.649,1,25,25,0,0.175013796,59.90749853099999,109.43712059102836
exact_even_G4,257578,warehouse_small_narrow_kiva,stationary,3285,1.6425,1,4,4,0,0.086466427,61.63449074000001,107.805885861977
exact_even_G5,257578,warehouse_small_narrow_kiva,stationary,3308,1.654,1,5,5,0,0.021502095000000002,59.97969846199998,104.0014625970216
js_cap_G5,257578,warehouse_small_narrow_kiva,stationary,3249,1.6245,1,5,5,0,0.023995245999999998,59.87265610199998,106.58700094599044
random_G5,257578,warehouse_small_narrow_kiva,stationary,3457,1.7285,1,5,5,0,0.021507191999999998,60.71556482800001,109.62484429898905
bootstrap_only,257704,warehouse_small_narrow_kiva,abrupt,4734,2.367,1,0,0,0,0.00413994,56.699844769999956,120.87281545400037
context_memory_B25,257704,warehouse_small_narrow_kiva,abrupt,5150,2.575,1,4,25,0,0.07840679400000002,63.28228743499999,129.1896754830086
context_no_reactivation_B25,257704,warehouse_small_narrow_kiva,abrupt,5150,2.575,1,4,25,0,0.020165897999999998,59.685822498000014,126.78033501998289
exact_even_B25,257704,warehouse_small_narrow_kiva,abrupt,4566,2.283,1,25,25,0,0.34909494399999996,62.26228677799999,122.06606000300962
exact_even_G4,257704,warehouse_small_narrow_kiva,abrupt,4904,2.452,1,4,4,0,0.093361689,61.181477554000026,125.69469363300595
exact_even_G5,257704,warehouse_small_narrow_kiva,abrupt,4546,2.273,1,5,5,0,0.10133601299999999,58.835976451999976,125.42525408798247
js_cap_G5,257704,warehouse_small_narrow_kiva,abrupt,4902,2.451,1,5,5,0,0.093577613,62.31953307999999,117.09074047702597
random_G5,257704,warehouse_small_narrow_kiva,abrupt,4616,2.308,1,5,5,0,0.050718675,61.614206583,128.31849586300086
bootstrap_only,257704,warehouse_small_narrow_kiva,recurrent,3955,1.9775,1,0,0,0,0.003227979,64.25375844999999,118.99931763199857
context_memory_B25,257704,warehouse_small_narrow_kiva,recurrent,3536,1.768,1,5,25,0,0.090973636,60.72595760800001,119.98766794300172
context_no_reactivation_B25,257704,warehouse_small_narrow_kiva,recurrent,3419,1.7095,1,4,25,0,0.08559730800000001,63.637520852,123.09736354200868
exact_even_B25,257704,warehouse_small_narrow_kiva,recurrent,4054,2.027,1,25,25,0,0.146969153,66.92750789199998,127.80728604597971
exact_even_G4,257704,warehouse_small_narrow_kiva,recurrent,3981,1.9905,1,4,4,0,0.018552091,65.93905468099999,123.29171706200577
exact_even_G5,257704,warehouse_small_narrow_kiva,recurrent,3616,1.808,1,5,5,0,0.089008188,63.529202478999984,118.40041318698786
js_cap_G5,257704,warehouse_small_narrow_kiva,recurrent,3646,1.823,1,5,5,0,0.016215016,62.10620513300002,119.50455727399094
random_G5,257704,warehouse_small_narrow_kiva,recurrent,3763,1.8815,1,5,5,0,0.026908788999999995,63.39073198799999,120.484208881011
bootstrap_only,257704,warehouse_small_narrow_kiva,stationary,3202,1.601,1,0,0,0,0.003943356,31.200753529,70.13447465602076
context_memory_B25,257704,warehouse_small_narrow_kiva,stationary,3737,1.8685,1,4,25,0,0.06798417300000001,28.463963005,61.07972962997155
context_no_reactivation_B25,257704,warehouse_small_narrow_kiva,stationary,3583,1.7915,1,4,25,0,0.013956725,35.146121081,81.6353332780127
exact_even_B25,257704,warehouse_small_narrow_kiva,stationary,3081,1.5405,1,25,25,0,0.22223802599999995,31.61860076799998,71.12170348898508
exact_even_G4,257704,warehouse_small_narrow_kiva,stationary,3416,1.708,1,4,4,0,0.013758211000000001,29.499932451999996,68.54240998401656
exact_even_G5,257704,warehouse_small_narrow_kiva,stationary,3334,1.667,1,5,5,0,0.13159799000000003,31.31936750500001,73.41670009001973
js_cap_G5,257704,warehouse_small_narrow_kiva,stationary,3476,1.738,1,5,5,0,0.078643897,34.016250926000005,79.5211145139765
random_G5,257704,warehouse_small_narrow_kiva,stationary,3345,1.6725,1,5,5,0,0.071284771,27.787772077999996,64.20732486699126
bootstrap_only,294860,warehouse_small_narrow_kiva,abrupt,4829,2.4145,1,0,0,0,0.004949514,59.82322766199999,126.78605853000772
context_memory_B25,294860,warehouse_small_narrow_kiva,abrupt,4976,2.488,1,4,25,0,0.07439050200000001,64.88136785300001,135.68485067100846
context_no_reactivation_B25,294860,warehouse_small_narrow_kiva,abrupt,4977,2.4885,1,4,25,0,0.018512431,61.84478574599998,131.81391099697794
exact_even_B25,294860,warehouse_small_narrow_kiva,abrupt,4638,2.319,1,25,25,0,0.270605144,64.44287087499998,137.38532284399844
exact_even_G4,294860,warehouse_small_narrow_kiva,abrupt,4934,2.467,1,4,4,0,0.014672158000000001,57.39440299499999,119.07497343898285
exact_even_G5,294860,warehouse_small_narrow_kiva,abrupt,4851,2.4255,1,5,5,0,0.018110283999999997,59.853450050999996,122.49523138598306
js_cap_G5,294860,warehouse_small_narrow_kiva,abrupt,4516,2.258,1,5,5,0,0.016212442,57.90348591600002,126.22629305100418
random_G5,294860,warehouse_small_narrow_kiva,abrupt,5088,2.544,1,5,5,0,0.08299536099999999,65.02078297599996,131.68028944500838
bootstrap_only,294860,warehouse_small_narrow_kiva,recurrent,4230,2.115,1,0,0,0,0.005752688,52.853178461999995,112.20998244400835
context_memory_B25,294860,warehouse_small_narrow_kiva,recurrent,4461,2.2305,1,5,25,0,0.017365415,50.25960404199998,119.61858023700188
context_no_reactivation_B25,294860,warehouse_small_narrow_kiva,recurrent,4461,2.2305,1,5,25,0,0.09787977800000001,45.98395221700004,106.68732038899907
exact_even_B25,294860,warehouse_small_narrow_kiva,recurrent,4314,2.157,1,25,25,0,0.3064051189999999,59.15616441900001,128.6167154360155
exact_even_G4,294860,warehouse_small_narrow_kiva,recurrent,4474,2.237,1,4,4,0,0.22086398699999998,54.85857104999999,118.89456641898141
exact_even_G5,294860,warehouse_small_narrow_kiva,recurrent,4569,2.2845,1,5,5,0,0.022282506,64.03802319499998,131.38658414100064
js_cap_G5,294860,warehouse_small_narrow_kiva,recurrent,4052,2.026,1,5,5,0,0.160450141,57.183876891,117.62224531898391
random_G5,294860,warehouse_small_narrow_kiva,recurrent,3848,1.924,1,5,5,0,0.09472741500000001,45.762367256,108.30909986700863
bootstrap_only,294860,warehouse_small_narrow_kiva,stationary,3019,1.5095,1,0,0,0,0.003787361,21.701389784,40.50388228200609
context_memory_B25,294860,warehouse_small_narrow_kiva,stationary,3376,1.688,1,4,25,0,0.065796786,23.153558116999996,44.40553672600072
context_no_reactivation_B25,294860,warehouse_small_narrow_kiva,stationary,3376,1.688,1,4,25,0,0.067531979,23.451664165999997,45.244850523013156
exact_even_B25,294860,warehouse_small_narrow_kiva,stationary,3010,1.505,1,25,25,0,0.12716841499999998,22.808503385999995,44.874383481015684
exact_even_G4,294860,warehouse_small_narrow_kiva,stationary,3298,1.649,1,4,4,0,0.013303908,22.787132067,43.036551469995175
exact_even_G5,294860,warehouse_small_narrow_kiva,stationary,3719,1.8595,1,5,5,0,0.018724677999999998,23.003798607000004,43.62699512499967
js_cap_G5,294860,warehouse_small_narrow_kiva,stationary,3089,1.5445,1,5,5,0,0.05849918,22.131566837000005,41.29515334300231
random_G5,294860,warehouse_small_narrow_kiva,stationary,3858,1.929,1,5,5,0,0.131971415,23.724960767999995,43.7807339639985
bootstrap_only,330180,warehouse_small_narrow_kiva,abrupt,3947,1.9735,1,0,0,0,0.004884839,55.67871811499999,115.79484115398373
context_memory_B25,330180,warehouse_small_narrow_kiva,abrupt,4526,2.263,1,5,25,0,0.028681024,58.67935879999999,120.87000288499985
context_no_reactivation_B25,330180,warehouse_small_narrow_kiva,abrupt,4526,2.263,1,5,25,0,0.020174389,56.891624439999994,121.29262849799125
exact_even_B25,330180,warehouse_small_narrow_kiva,abrupt,4716,2.358,1,25,25,0,0.16402822300000006,56.592625115,121.78989566900418
exact_even_G4,330180,warehouse_small_narrow_kiva,abrupt,4638,2.319,1,4,4,0,0.018841228999999998,56.50154278,115.7783334350097
exact_even_G5,330180,warehouse_small_narrow_kiva,abrupt,4679,2.3395,1,5,5,0,0.022390189,59.48156445200003,120.61004048399627
js_cap_G5,330180,warehouse_small_narrow_kiva,abrupt,3648,1.824,1,5,5,0,0.09385510700000001,55.9899871,111.79244863797794
random_G5,330180,warehouse_small_narrow_kiva,abrupt,4677,2.3385,1,5,5,0,0.106555473,56.88877667399999,116.48422068500076
bootstrap_only,330180,warehouse_small_narrow_kiva,recurrent,5170,2.585,1,0,0,0,0.007416844,66.46428770500002,121.09443033998832
context_memory_B25,330180,warehouse_small_narrow_kiva,recurrent,4995,2.4975,1,6,25,0,0.1424352,66.43365119999997,123.20446134998929
context_no_reactivation_B25,330180,warehouse_small_narrow_kiva,recurrent,5038,2.519,1,6,25,0,0.021845035999999998,60.559821372,116.59902606799733
exact_even_B25,330180,warehouse_small_narrow_kiva,recurrent,4845,2.4225,1,25,25,0,0.258248712,62.40869556199999,118.12092726898845
exact_even_G4,330180,warehouse_small_narrow_kiva,recurrent,5397,2.6985,1,4,4,0,0.08703472000000001,61.13227377899998,117.89309785500518
exact_even_G5,330180,warehouse_small_narrow_kiva,recurrent,4833,2.4165,1,5,5,0,0.025188491,65.14505388300002,122.01721704000374
js_cap_G5,330180,warehouse_small_narrow_kiva,recurrent,4805,2.4025,1,5,5,0,0.02781405,66.722559636,122.12346231398988
random_G5,330180,warehouse_small_narrow_kiva,recurrent,5342,2.671,1,5,5,0,0.086154383,67.387138537,124.47489210599451
bootstrap_only,330180,warehouse_small_narrow_kiva,stationary,2999,1.4995,1,0,0,0,0.079882693,57.082916831000006,100.40926128800493
context_memory_B25,330180,warehouse_small_narrow_kiva,stationary,3268,1.634,1,3,25,0,0.146782648,59.49847188100002,107.00611814300646
context_no_reactivation_B25,330180,warehouse_small_narrow_kiva,stationary,3268,1.634,1,3,25,0,0.07206688100000001,61.12893724599999,106.52531472497503
exact_even_B25,330180,warehouse_small_narrow_kiva,stationary,2987,1.4935,1,25,25,0,0.226546272,60.15507407999997,110.3147863909835
exact_even_G4,330180,warehouse_small_narrow_kiva,stationary,3602,1.801,1,4,4,0,0.228109477,62.58425155000001,106.61330085599911
exact_even_G5,330180,warehouse_small_narrow_kiva,stationary,3031,1.5155,1,5,5,0,0.15508817999999996,58.670792371999994,104.3127415360068
js_cap_G5,330180,warehouse_small_narrow_kiva,stationary,3744,1.872,1,5,5,0,0.01800804,59.551868402000004,103.58477781899273
random_G5,330180,warehouse_small_narrow_kiva,stationary,3415,1.7075,1,5,5,0,0.13373581,62.16152519199998,106.49476801400306
bootstrap_only,362413,warehouse_small_narrow_kiva,abrupt,4545,2.2725,1,0,0,0,0.006216619,68.912589028,139.07966185599798
context_memory_B25,362413,warehouse_small_narrow_kiva,abrupt,4670,2.335,1,4,25,0,0.22269235999999998,69.41072108500002,140.5953808290069
context_no_reactivation_B25,362413,warehouse_small_narrow_kiva,abrupt,4670,2.335,1,4,25,0,0.019586585,70.52058214300003,142.18144703900907
exact_even_B25,362413,warehouse_small_narrow_kiva,abrupt,5225,2.6125,1,25,25,0,0.4426865360000001,70.79359800000002,146.78931593400193
exact_even_G4,362413,warehouse_small_narrow_kiva,abrupt,5326,2.663,1,4,4,0,0.092373168,66.710653122,138.41538427601336
exact_even_G5,362413,warehouse_small_narrow_kiva,abrupt,4938,2.469,1,5,5,0,0.093971205,67.92134688600002,133.79674534898368
js_cap_G5,362413,warehouse_small_narrow_kiva,abrupt,3763,1.8815,1,5,5,0,0.176057905,68.034208712,134.30371570400894
random_G5,362413,warehouse_small_narrow_kiva,abrupt,4816,2.408,1,5,5,0,0.018380426,68.83774620099999,144.90103965898743
bootstrap_only,362413,warehouse_small_narrow_kiva,recurrent,3827,1.9135,1,0,0,0,0.003801784,59.547154332999995,120.27731690902147
context_memory_B25,362413,warehouse_small_narrow_kiva,recurrent,4034,2.017,1,4,25,0,0.014151691000000001,61.075816497000005,123.30295950599248
context_no_reactivation_B25,362413,warehouse_small_narrow_kiva,recurrent,4034,2.017,1,4,25,0,0.07268449700000001,58.056411239999996,125.21385434700642
exact_even_B25,362413,warehouse_small_narrow_kiva,recurrent,3990,1.995,1,25,25,0,0.36961717799999994,61.71846708900001,125.2880962319905
exact_even_G4,362413,warehouse_small_narrow_kiva,recurrent,3843,1.9215,1,4,4,0,0.079836263,61.743583357000006,119.91713932098355
exact_even_G5,362413,warehouse_small_narrow_kiva,recurrent,4022,2.011,1,5,5,0,0.072085219,60.768886318999996,121.842843602004
js_cap_G5,362413,warehouse_small_narrow_kiva,recurrent,3709,1.8545,1,5,5,0,0.024148962000000003,59.386655713999986,117.8129821040202
random_G5,362413,warehouse_small_narrow_kiva,recurrent,3894,1.947,1,5,5,0,0.203624216,60.728890413000016,127.33477032199153
bootstrap_only,362413,warehouse_small_narrow_kiva,stationary,3143,1.5715,1,0,0,0,0.005589016,65.98174930800003,120.99570707301609
context_memory_B25,362413,warehouse_small_narrow_kiva,stationary,2954,1.477,1,3,25,0,0.08394686999999999,65.84731168600001,123.10514922600123
context_no_reactivation_B25,362413,warehouse_small_narrow_kiva,stationary,2954,1.477,1,3,25,0,0.012491193,66.004379837,123.1066521180037
exact_even_B25,362413,warehouse_small_narrow_kiva,stationary,3135,1.5675,1,25,25,0,0.37841821999999997,65.428960471,128.99889864900615
exact_even_G4,362413,warehouse_small_narrow_kiva,stationary,3095,1.5475,1,4,4,0,0.018901623,68.30020188500002,122.02039348499966
exact_even_G5,362413,warehouse_small_narrow_kiva,stationary,3182,1.591,1,5,5,0,0.08757073500000001,67.99601679399998,126.00573962999624
js_cap_G5,362413,warehouse_small_narrow_kiva,stationary,3149,1.5745,1,5,5,0,0.021672646,67.60360913800001,122.22429174400168
random_G5,362413,warehouse_small_narrow_kiva,stationary,3168,1.584,1,5,5,0,0.09218858699999999,66.13362802600003,125.29956707102247
bootstrap_only,371204,warehouse_small_narrow_kiva,abrupt,4411,2.2055,1,0,0,0,0.003327624,62.57797459699998,117.3163936350029
context_memory_B25,371204,warehouse_small_narrow_kiva,abrupt,4573,2.2865,1,5,25,0,0.07749148800000001,62.40011678200003,118.81436527700862
context_no_reactivation_B25,371204,warehouse_small_narrow_kiva,abrupt,4573,2.2865,1,5,25,0,0.105082406,62.13718430200001,117.11277310899459
exact_even_B25,371204,warehouse_small_narrow_kiva,abrupt,4964,2.482,1,25,25,0,0.3213027420000001,64.19504079500001,120.07850549000432
exact_even_G4,371204,warehouse_small_narrow_kiva,abrupt,4617,2.3085,1,4,4,0,0.09380213400000001,64.31861959700001,118.30085102200974
exact_even_G5,371204,warehouse_small_narrow_kiva,abrupt,4494,2.247,1,5,5,0,0.020812802999999998,63.656741983999986,117.53102945699356
js_cap_G5,371204,warehouse_small_narrow_kiva,abrupt,4438,2.219,1,5,5,0,0.09501431700000001,63.46663308600003,116.2663444050122
random_G5,371204,warehouse_small_narrow_kiva,abrupt,4665,2.3325,1,5,5,0,0.15497601699999997,62.68269317999999,117.59471036298783
bootstrap_only,371204,warehouse_small_narrow_kiva,recurrent,4103,2.0515,1,0,0,0,0.004461889,70.602645037,132.89622089499608
context_memory_B25,371204,warehouse_small_narrow_kiva,recurrent,4886,2.443,1,6,25,0,0.091541696,68.911642367,142.31670530998963
context_no_reactivation_B25,371204,warehouse_small_narrow_kiva,recurrent,4773,2.3865,1,5,25,0,0.09794402,70.886357819,145.39763192800456
exact_even_B25,371204,warehouse_small_narrow_kiva,recurrent,4736,2.368,1,25,25,0,0.23926120100000006,69.91040239799997,143.20120387498173
exact_even_G4,371204,warehouse_small_narrow_kiva,recurrent,4728,2.364,1,4,4,0,0.022605824000000004,71.36478165899999,138.91651920200093
exact_even_G5,371204,warehouse_small_narrow_kiva,recurrent,4744,2.372,1,5,5,0,0.16184948,68.99605007100001,138.91206932501518
js_cap_G5,371204,warehouse_small_narrow_kiva,recurrent,4989,2.4945,1,5,5,0,0.023269766,73.90775941300002,142.8723395950219
random_G5,371204,warehouse_small_narrow_kiva,recurrent,5336,2.668,1,5,5,0,0.17371787900000002,70.79677339000003,139.81105295100133
bootstrap_only,371204,warehouse_small_narrow_kiva,stationary,3524,1.762,1,0,0,0,0.07438184,69.643747599,121.02052754198667
context_memory_B25,371204,warehouse_small_narrow_kiva,stationary,3217,1.6085,1,4,25,0,0.160549471,70.452397311,125.62677947297925
context_no_reactivation_B25,371204,warehouse_small_narrow_kiva,stationary,3217,1.6085,1,4,25,0,0.021789081999999998,67.858255132,123.99262577897753
exact_even_B25,371204,warehouse_small_narrow_kiva,stationary,3206,1.603,1,25,25,0,0.501947512,67.534831692,128.01109410400386
exact_even_G4,371204,warehouse_small_narrow_kiva,stationary,3217,1.6085,1,4,4,0,0.021834598,66.20155900900001,117.31287302001147
exact_even_G5,371204,warehouse_small_narrow_kiva,stationary,3442,1.721,1,5,5,0,0.09359914,72.113374315,126.62345651298529
js_cap_G5,371204,warehouse_small_narrow_kiva,stationary,3135,1.5675,1,5,5,0,0.023091785,67.55924754000002,122.67665395900258
random_G5,371204,warehouse_small_narrow_kiva,stationary,3361,1.6805,1,5,5,0,0.09694115900000001,68.25188740500002,121.5103287200036
bootstrap_only,381214,warehouse_small_narrow_kiva,abrupt,4526,2.263,1,0,0,0,0.003011528,60.098998144,119.89607653900748
context_memory_B25,381214,warehouse_small_narrow_kiva,abrupt,4921,2.4605,1,5,25,0,0.08646311000000001,62.694145670999994,125.11387770701549
context_no_reactivation_B25,381214,warehouse_small_narrow_kiva,abrupt,4921,2.4605,1,5,25,0,0.016952052,64.28002450999999,126.30500081399805
exact_even_B25,381214,warehouse_small_narrow_kiva,abrupt,4780,2.39,1,25,25,0,0.31945380300000004,60.80274701000002,127.38888358100667
exact_even_G4,381214,warehouse_small_narrow_kiva,abrupt,4861,2.4305,1,4,4,0,0.14534984299999998,61.756976580999996,122.61857178300852
exact_even_G5,381214,warehouse_small_narrow_kiva,abrupt,4577,2.2885,1,5,5,0,0.13469642899999998,61.75145381200001,120.69954208601848
js_cap_G5,381214,warehouse_small_narrow_kiva,abrupt,4304,2.152,1,5,5,0,0.033086168,62.00901237399999,119.57950056801201
random_G5,381214,warehouse_small_narrow_kiva,abrupt,4173,2.0865,1,5,5,0,0.016751674,59.511759302000016,119.77561129498645
bootstrap_only,381214,warehouse_small_narrow_kiva,recurrent,4797,2.3985,1,0,0,0,0.006512839,65.00555913899998,119.00018205100787
context_memory_B25,381214,warehouse_small_narrow_kiva,recurrent,5396,2.698,1,4,25,0,0.09471923299999999,63.732967187,122.8919792380184
context_no_reactivation_B25,381214,warehouse_small_narrow_kiva,recurrent,5396,2.698,1,4,25,0,0.015213686,62.15941275000001,115.6990983299911
exact_even_B25,381214,warehouse_small_narrow_kiva,recurrent,4862,2.431,1,25,25,0,0.28578371199999997,63.51794967900002,121.00129134199233
exact_even_G4,381214,warehouse_small_narrow_kiva,recurrent,4975,2.4875,1,4,4,0,0.015280897,63.94152330600002,120.37314566099667
exact_even_G5,381214,warehouse_small_narrow_kiva,recurrent,4925,2.4625,1,5,5,0,0.023457376000000002,64.102651231,119.79283715700149
js_cap_G5,381214,warehouse_small_narrow_kiva,recurrent,4147,2.0735,1,5,5,0,0.072470406,59.93847949799998,116.42809873100487
random_G5,381214,warehouse_small_narrow_kiva,recurrent,5113,2.5565,1,5,5,0,0.14407662999999998,60.62448964499998,114.9652267319907
bootstrap_only,381214,warehouse_small_narrow_kiva,stationary,3279,1.6395,1,0,0,0,0.003194832,23.63703677100001,43.91092413399019
context_memory_B25,381214,warehouse_small_narrow_kiva,stationary,3199,1.5995,1,3,25,0,0.011934152,23.660644968,45.71468704199651
context_no_reactivation_B25,381214,warehouse_small_narrow_kiva,stationary,3199,1.5995,1,3,25,0,0.013406506000000002,23.184361760999995,46.21694957400905
exact_even_B25,381214,warehouse_small_narrow_kiva,stationary,3454,1.727,1,25,25,0,0.12714184,23.71566015600001,47.394907196983695
exact_even_G4,381214,warehouse_small_narrow_kiva,stationary,3349,1.6745,1,4,4,0,0.064989922,23.283400574000005,43.06947706599021
exact_even_G5,381214,warehouse_small_narrow_kiva,stationary,3360,1.68,1,5,5,0,0.10735647200000001,23.162185169999997,43.416945748991566
js_cap_G5,381214,warehouse_small_narrow_kiva,stationary,3333,1.6665,1,5,5,0,0.019126804,22.492852703999997,43.8486265320098
random_G5,381214,warehouse_small_narrow_kiva,stationary,3750,1.875,1,5,5,0,0.136475974,23.372754764000007,44.805014148005284
bootstrap_only,398397,warehouse_small_narrow_kiva,abrupt,4167,2.0835,1,0,0,0,0.003072373,69.685765517,139.01079721399583
context_memory_B25,398397,warehouse_small_narrow_kiva,abrupt,4743,2.3715,1,4,25,0,0.085906588,71.48874084299997,146.50014911798644
context_no_reactivation_B25,398397,warehouse_small_narrow_kiva,abrupt,4743,2.3715,1,4,25,0,0.016051813,69.23252616,141.37457382000866
exact_even_B25,398397,warehouse_small_narrow_kiva,abrupt,4724,2.362,1,25,25,0,0.2238664,71.21546050000002,148.99571576100425
exact_even_G4,398397,warehouse_small_narrow_kiva,abrupt,4749,2.3745,1,4,4,0,0.163804981,68.02731026599997,135.1795787080191
exact_even_G5,398397,warehouse_small_narrow_kiva,abrupt,4622,2.311,1,5,5,0,0.095074702,69.366039909,143.71457225701306
js_cap_G5,398397,warehouse_small_narrow_kiva,abrupt,4025,2.0125,1,5,5,0,0.089312741,70.05432229000003,134.69932905602036
random_G5,398397,warehouse_small_narrow_kiva,abrupt,4430,2.215,1,5,5,0,0.08900374199999998,73.20088930200001,145.5122076270054
bootstrap_only,398397,warehouse_small_narrow_kiva,recurrent,4735,2.3675,1,0,0,0,0.004494952,57.94226482700002,115.87192798798787
context_memory_B25,398397,warehouse_small_narrow_kiva,recurrent,4470,2.235,1,5,25,0,0.06747086000000001,61.259519076,117.49672972800909
context_no_reactivation_B25,398397,warehouse_small_narrow_kiva,recurrent,4467,2.2335,1,4,25,0,0.017247662,59.043110436,114.78793655600748
exact_even_B25,398397,warehouse_small_narrow_kiva,recurrent,4957,2.4785,1,25,25,0,0.32727520700000007,63.47244197399997,120.47716630899231
exact_even_G4,398397,warehouse_small_narrow_kiva,recurrent,4872,2.436,1,4,4,0,0.018854725000000003,59.64444636200001,114.77571868899395
exact_even_G5,398397,warehouse_small_narrow_kiva,recurrent,4756,2.378,1,5,5,0,0.08405594000000002,61.563478605000014,119.22230847500032
js_cap_G5,398397,warehouse_small_narrow_kiva,recurrent,4709,2.3545,1,5,5,0,0.07822129500000001,59.009841426,113.4819040200091
random_G5,398397,warehouse_small_narrow_kiva,recurrent,4231,2.1155,1,5,5,0,0.15071464299999998,62.99481207799997,118.99839764201897
bootstrap_only,398397,warehouse_small_narrow_kiva,stationary,3137,1.5685,1,0,0,0,0.003680024,65.480540472,115.20467408598051
context_memory_B25,398397,warehouse_small_narrow_kiva,stationary,3316,1.658,1,3,25,0,0.013551472999999998,65.734384928,116.20208569802344
context_no_reactivation_B25,398397,warehouse_small_narrow_kiva,stationary,3316,1.658,1,3,25,0,0.084105873,64.72573619099998,116.98322534700856
exact_even_B25,398397,warehouse_small_narrow_kiva,stationary,3730,1.865,1,25,25,0,0.246658617,69.83019341,130.89445953600807
exact_even_G4,398397,warehouse_small_narrow_kiva,stationary,3359,1.6795,1,4,4,0,0.08275136400000001,69.489080014,123.0955264219956
exact_even_G5,398397,warehouse_small_narrow_kiva,stationary,3499,1.7495,1,5,5,0,0.089104383,63.98541477699998,116.41467480300344
js_cap_G5,398397,warehouse_small_narrow_kiva,stationary,3576,1.788,1,5,5,0,0.022656829,69.167617917,123.98430850499426
random_G5,398397,warehouse_small_narrow_kiva,stationary,3369,1.6845,1,5,5,0,0.16298094,63.864350828999996,117.58129012599238
bootstrap_only,429853,warehouse_small_narrow_kiva,abrupt,3626,1.813,1,0,0,0,0.072212383,56.845245908,112.77156995501718
context_memory_B25,429853,warehouse_small_narrow_kiva,abrupt,4402,2.201,1,6,25,0,0.022359753000000003,62.590483964000015,120.6725066669751
context_no_reactivation_B25,429853,warehouse_small_narrow_kiva,abrupt,4125,2.0625,1,5,25,0,0.177198539,57.93353128000001,117.41274089898798
exact_even_B25,429853,warehouse_small_narrow_kiva,abrupt,4174,2.087,1,25,25,0,0.30218834799999994,60.92922593900002,122.708193235012
exact_even_G4,429853,warehouse_small_narrow_kiva,abrupt,4112,2.056,1,4,4,0,0.128522243,61.61696750899999,121.00164984399453
exact_even_G5,429853,warehouse_small_narrow_kiva,abrupt,4028,2.014,1,5,5,0,0.09382204899999999,61.514223773000005,115.90955734302406
js_cap_G5,429853,warehouse_small_narrow_kiva,abrupt,4451,2.2255,1,5,5,0,0.017826335,63.311162585000005,119.80997029700666
random_G5,429853,warehouse_small_narrow_kiva,abrupt,4420,2.21,1,5,5,0,0.019926215,60.38052014399999,118.5175002340111
bootstrap_only,429853,warehouse_small_narrow_kiva,recurrent,4138,2.069,1,0,0,0,0.00320406,37.337732147,92.72897964401636
context_memory_B25,429853,warehouse_small_narrow_kiva,recurrent,5150,2.575,1,5,25,0,0.015179744,42.12230388399999,105.10692500398727
context_no_reactivation_B25,429853,warehouse_small_narrow_kiva,recurrent,5145,2.5725,1,5,25,0,0.141156191,39.55175892,102.89406272099586
exact_even_B25,429853,warehouse_small_narrow_kiva,recurrent,5408,2.704,1,25,25,0,0.318414958,35.78069914300001,97.01178889197763
exact_even_G4,429853,warehouse_small_narrow_kiva,recurrent,5240,2.62,1,4,4,0,0.018157967,42.55508343000001,98.2148246759898
exact_even_G5,429853,warehouse_small_narrow_kiva,recurrent,5534,2.767,1,5,5,0,0.091191208,35.027600004,94.28610735901748
js_cap_G5,429853,warehouse_small_narrow_kiva,recurrent,4927,2.4635,1,5,5,0,0.024383828000000003,38.43641675300001,94.22011612000642
random_G5,429853,warehouse_small_narrow_kiva,recurrent,5310,2.655,1,5,5,0,0.08019137900000001,42.63433293299999,106.81805912900018
bootstrap_only,429853,warehouse_small_narrow_kiva,stationary,2996,1.498,1,0,0,0,0.002958132,22.090214934000002,41.99792783200974
context_memory_B25,429853,warehouse_small_narrow_kiva,stationary,3237,1.6185,1,3,25,0,0.010641282,24.317835357000003,44.40672018399346
context_no_reactivation_B25,429853,warehouse_small_narrow_kiva,stationary,3237,1.6185,1,3,25,0,0.060474361,23.661718066999995,44.869997293979395
exact_even_B25,429853,warehouse_small_narrow_kiva,stationary,3088,1.544,1,25,25,0,0.072497115,22.716619231000003,45.77995590498904
exact_even_G4,429853,warehouse_small_narrow_kiva,stationary,2916,1.458,1,4,4,0,0.013902459999999998,21.625149797000002,41.29286059399601
exact_even_G5,429853,warehouse_small_narrow_kiva,stationary,3199,1.5995,1,5,5,0,0.019479068,23.539258083,44.379564216011204
js_cap_G5,429853,warehouse_small_narrow_kiva,stationary,3184,1.592,1,5,5,0,0.017092926,24.537272792000007,46.91773177598952
random_G5,429853,warehouse_small_narrow_kiva,stationary,2998,1.499,1,5,5,0,0.070441217,22.454401224000012,43.462435335008195
bootstrap_only,461566,warehouse_small_narrow_kiva,abrupt,4624,2.312,1,0,0,0,0.003286459,71.55942212400001,136.99289426099858
context_memory_B25,461566,warehouse_small_narrow_kiva,abrupt,4568,2.284,1,4,25,0,0.091786123,69.892821912,141.58842896099668
context_no_reactivation_B25,461566,warehouse_small_narrow_kiva,abrupt,4568,2.284,1,4,25,0,0.014580848000000002,71.56217182400003,142.89310665702214
exact_even_B25,461566,warehouse_small_narrow_kiva,abrupt,4947,2.4735,1,25,25,0,0.510167545,72.00558407800003,148.39960432698717
exact_even_G4,461566,warehouse_small_narrow_kiva,abrupt,4509,2.2545,1,4,4,0,0.026856107,70.89438311999999,137.40879194397712
exact_even_G5,461566,warehouse_small_narrow_kiva,abrupt,5171,2.5855,1,5,5,0,0.166306325,69.82120708599999,137.7193495760148
js_cap_G5,461566,warehouse_small_narrow_kiva,abrupt,4385,2.1925,1,5,5,0,0.096350387,71.56558955100002,144.78084468998713
random_G5,461566,warehouse_small_narrow_kiva,abrupt,4424,2.212,1,5,5,0,0.16665950699999998,70.44525169299996,139.52904978900915
bootstrap_only,461566,warehouse_small_narrow_kiva,recurrent,5143,2.5715,1,0,0,0,0.005354623,72.90445946400001,140.2025127459783
context_memory_B25,461566,warehouse_small_narrow_kiva,recurrent,4958,2.479,1,7,25,0,0.18280499,72.82856315900001,142.486854125018
context_no_reactivation_B25,461566,warehouse_small_narrow_kiva,recurrent,4899,2.4495,1,6,25,0,0.021954475999999997,72.03858460600001,144.70915577100823
exact_even_B25,461566,warehouse_small_narrow_kiva,recurrent,5151,2.5755,1,25,25,0,0.4477826220000001,70.63770676800002,142.9116520169773
exact_even_G4,461566,warehouse_small_narrow_kiva,recurrent,4901,2.4505,1,4,4,0,0.019538989,70.22246328799999,139.19707059900975
exact_even_G5,461566,warehouse_small_narrow_kiva,recurrent,5307,2.6535,1,5,5,0,0.024231109,70.27726737300002,140.4008657579834
js_cap_G5,461566,warehouse_small_narrow_kiva,recurrent,4888,2.444,1,5,5,0,0.09115092799999999,70.015466318,136.02070976799587
random_G5,461566,warehouse_small_narrow_kiva,recurrent,5502,2.751,1,5,5,0,0.09629594,71.86760900100002,140.10223899799166
bootstrap_only,461566,warehouse_small_narrow_kiva,stationary,3456,1.728,1,0,0,0,0.00432823,22.419049937999997,43.21794440699159
context_memory_B25,461566,warehouse_small_narrow_kiva,stationary,3560,1.78,1,3,25,0,0.05295854299999999,23.49402048500001,46.017130770982476
context_no_reactivation_B25,461566,warehouse_small_narrow_kiva,stationary,3560,1.78,1,3,25,0,0.012372623999999999,24.919000818,47.20623132001492
exact_even_B25,461566,warehouse_small_narrow_kiva,stationary,3475,1.7375,1,25,25,0,0.28096545799999995,23.484989247000005,46.89116975700017
exact_even_G4,461566,warehouse_small_narrow_kiva,stationary,3802,1.901,1,4,4,0,0.06059185,22.943147567999997,43.68234435500926
exact_even_G5,461566,warehouse_small_narrow_kiva,stationary,3563,1.7815,1,5,5,0,0.015066333000000001,23.47088203100001,44.97775885599549
js_cap_G5,461566,warehouse_small_narrow_kiva,stationary,3483,1.7415,1,5,5,0,0.015877331,23.504306635999995,45.02293571701739
random_G5,461566,warehouse_small_narrow_kiva,stationary,3801,1.9005,1,5,5,0,0.070710078,23.53616881999999,44.57931708000251
bootstrap_only,491276,warehouse_small_narrow_kiva,abrupt,4535,2.2675,1,0,0,0,0.004792627,71.88286891499999,139.1110279300192
context_memory_B25,491276,warehouse_small_narrow_kiva,abrupt,4574,2.287,1,5,25,0,0.021395574,73.68933539700001,145.69979448302183
context_no_reactivation_B25,491276,warehouse_small_narrow_kiva,abrupt,4574,2.287,1,5,25,0,0.095046964,67.94279384400002,139.60114178300137
exact_even_B25,491276,warehouse_small_narrow_kiva,abrupt,4948,2.474,1,25,25,0,0.29478325399999994,68.43725293100002,144.60109940101393
exact_even_G4,491276,warehouse_small_narrow_kiva,abrupt,4656,2.328,1,4,4,0,0.028072925000000002,69.78192047700001,138.01954466398456
exact_even_G5,491276,warehouse_small_narrow_kiva,abrupt,4883,2.4415,1,5,5,0,0.090893483,70.48040772200002,143.40098674298497
js_cap_G5,491276,warehouse_small_narrow_kiva,abrupt,4269,2.1345,1,5,5,0,0.093229626,65.573964434,132.90402887697564
random_G5,491276,warehouse_small_narrow_kiva,abrupt,3808,1.904,1,5,5,0,0.021717459,68.84310692599998,140.29783942797803
bootstrap_only,491276,warehouse_small_narrow_kiva,recurrent,4052,2.026,1,0,0,0,0.068325175,57.45091249899999,113.98993242898723
context_memory_B25,491276,warehouse_small_narrow_kiva,recurrent,4450,2.225,1,4,25,0,0.019840742,57.404292629000004,117.8193219039822
context_no_reactivation_B25,491276,warehouse_small_narrow_kiva,recurrent,4450,2.225,1,4,25,0,0.15411744800000002,57.768405588999975,118.2048123019922
exact_even_B25,491276,warehouse_small_narrow_kiva,recurrent,4804,2.402,1,25,25,0,0.21939910199999998,57.94754532700002,120.29320543000358
exact_even_G4,491276,warehouse_small_narrow_kiva,recurrent,4459,2.2295,1,4,4,0,0.08112263500000001,58.73210420299999,115.60581614199327
exact_even_G5,491276,warehouse_small_narrow_kiva,recurrent,4603,2.3015,1,5,5,0,0.09583301399999998,59.561218020999995,119.26807657102472
js_cap_G5,491276,warehouse_small_narrow_kiva,recurrent,4505,2.2525,1,5,5,0,0.016215761,59.33721753299999,115.81772957698558
random_G5,491276,warehouse_small_narrow_kiva,recurrent,4191,2.0955,1,5,5,0,0.08074007300000001,56.553221148000006,113.87027510500047
bootstrap_only,491276,warehouse_small_narrow_kiva,stationary,3279,1.6395,1,0,0,0,0.004944914,66.094761936,117.90038730102242
context_memory_B25,491276,warehouse_small_narrow_kiva,stationary,3280,1.64,1,3,25,0,0.09240740299999999,66.31479025000002,123.67638135899324
context_no_reactivation_B25,491276,warehouse_small_narrow_kiva,stationary,3280,1.64,1,3,25,0,0.015310602,65.340396147,123.31535957800224
exact_even_B25,491276,warehouse_small_narrow_kiva,stationary,3272,1.636,1,25,25,0,0.311076613,64.782381242,123.62613920099102
exact_even_G4,491276,warehouse_small_narrow_kiva,stationary,3333,1.6665,1,4,4,0,0.08964038299999999,66.35414378899999,118.99466811699676
exact_even_G5,491276,warehouse_small_narrow_kiva,stationary,3544,1.772,1,5,5,0,0.22969116399999998,65.98411397899999,123.0262200999714
js_cap_G5,491276,warehouse_small_narrow_kiva,stationary,3466,1.733,1,5,5,0,0.162726699,66.98982289899999,122.00057487501181
random_G5,491276,warehouse_small_narrow_kiva,stationary,3544,1.772,1,5,5,0,0.093427602,70.003240351,126.09205271600513
bootstrap_only,500976,warehouse_small_narrow_kiva,abrupt,4378,2.189,1,0,0,0,0.002688796,23.177407491,45.378748445014935
context_memory_B25,500976,warehouse_small_narrow_kiva,abrupt,4688,2.344,1,5,25,0,0.064871897,23.958625614000013,49.63410911700339
context_no_reactivation_B25,500976,warehouse_small_narrow_kiva,abrupt,4688,2.344,1,5,25,0,0.020680938000000003,24.496974701000006,49.38946375899832
exact_even_B25,500976,warehouse_small_narrow_kiva,abrupt,5067,2.5335,1,25,25,0,0.12319677400000001,24.989157297,52.52763876799145
exact_even_G4,500976,warehouse_small_narrow_kiva,abrupt,4726,2.363,1,4,4,0,0.016113175,23.633389503,48.47900962497806
exact_even_G5,500976,warehouse_small_narrow_kiva,abrupt,4694,2.347,1,5,5,0,0.022082604999999998,25.405015941000013,49.80865220702253
js_cap_G5,500976,warehouse_small_narrow_kiva,abrupt,4091,2.0455,1,5,5,0,0.061468595,24.481376984999994,48.325922550982796
random_G5,500976,warehouse_small_narrow_kiva,abrupt,4033,2.0165,1,5,5,0,0.017626238,23.11199198,49.0089260530076
bootstrap_only,500976,warehouse_small_narrow_kiva,recurrent,4670,2.335,1,0,0,0,0.073497051,70.42991712,141.79664673400111
context_memory_B25,500976,warehouse_small_narrow_kiva,recurrent,4867,2.4335,1,6,25,0,0.15321262000000002,72.10768925399996,143.68848708600854
context_no_reactivation_B25,500976,warehouse_small_narrow_kiva,recurrent,4895,2.4475,1,6,25,0,0.09741469,73.62786184100001,143.9226768510125
exact_even_B25,500976,warehouse_small_narrow_kiva,recurrent,5186,2.593,1,25,25,0,0.527907232,69.465055594,142.50849796799594
exact_even_G4,500976,warehouse_small_narrow_kiva,recurrent,4800,2.4,1,4,4,0,0.160243322,67.77065225800001,141.01309852901613
exact_even_G5,500976,warehouse_small_narrow_kiva,recurrent,4770,2.385,1,5,5,0,0.020269727,72.62017685800001,139.61287346002064
js_cap_G5,500976,warehouse_small_narrow_kiva,recurrent,4396,2.198,1,5,5,0,0.025792209,67.94486928999997,138.10407468202175
random_G5,500976,warehouse_small_narrow_kiva,recurrent,4971,2.4855,1,5,5,0,0.023483235,71.064314038,139.2191428009828
bootstrap_only,500976,warehouse_small_narrow_kiva,stationary,2945,1.4725,1,0,0,0,0.004620704,63.37334581500001,107.72195383501821
context_memory_B25,500976,warehouse_small_narrow_kiva,stationary,3204,1.602,1,4,25,0,0.017798823,65.54769532700003,112.20994085000711
context_no_reactivation_B25,500976,warehouse_small_narrow_kiva,stationary,3204,1.602,1,4,25,0,0.218795342,63.88677403599998,109.72218193599838
exact_even_B25,500976,warehouse_small_narrow_kiva,stationary,3162,1.581,1,25,25,0,0.30384064499999996,64.08803773200002,110.92895391501952
exact_even_G4,500976,warehouse_small_narrow_kiva,stationary,2984,1.492,1,4,4,0,0.020151297999999998,56.522172219999995,101.0150514980196
exact_even_G5,500976,warehouse_small_narrow_kiva,stationary,3361,1.6805,1,5,5,0,0.019261610999999998,59.663106126,106.22754047298804
js_cap_G5,500976,warehouse_small_narrow_kiva,stationary,3176,1.588,1,5,5,0,0.01558239,58.387621835000004,101.59114824500284
random_G5,500976,warehouse_small_narrow_kiva,stationary,3418,1.709,1,5,5,0,0.08129656199999999,63.978419148999976,110.2252205759869
bootstrap_only,523055,warehouse_small_narrow_kiva,abrupt,4575,2.2875,1,0,0,0,0.00490075,60.24129001899999,113.61384329601424
context_memory_B25,523055,warehouse_small_narrow_kiva,abrupt,4658,2.329,1,5,25,0,0.016497033,58.21990936999998,116.77152491299785
context_no_reactivation_B25,523055,warehouse_small_narrow_kiva,abrupt,4680,2.34,1,5,25,0,0.018121744000000002,60.349325346,119.30768000599346
exact_even_B25,523055,warehouse_small_narrow_kiva,abrupt,4831,2.4155,1,25,25,0,0.3045200579999999,60.395323929000014,125.69853299000533
exact_even_G4,523055,warehouse_small_narrow_kiva,abrupt,4919,2.4595,1,4,4,0,0.027571144000000002,58.216896495,116.01776533899829
exact_even_G5,523055,warehouse_small_narrow_kiva,abrupt,4647,2.3235,1,5,5,0,0.016412805,60.063828485999984,116.4258876949898
js_cap_G5,523055,warehouse_small_narrow_kiva,abrupt,3856,1.928,1,5,5,0,0.183924421,60.11877544500001,118.22947128402302
random_G5,523055,warehouse_small_narrow_kiva,abrupt,4519,2.2595,1,5,5,0,0.07831246,58.302711171999995,117.02516805901541
bootstrap_only,523055,warehouse_small_narrow_kiva,recurrent,4535,2.2675,1,0,0,0,0.006209032,71.20177898800002,139.58466688799672
context_memory_B25,523055,warehouse_small_narrow_kiva,recurrent,4484,2.242,1,5,25,0,0.158704428,69.74921491799998,144.6897636060021
context_no_reactivation_B25,523055,warehouse_small_narrow_kiva,recurrent,4477,2.2385,1,5,25,0,0.093855655,73.79688320999999,144.19828901797882
exact_even_B25,523055,warehouse_small_narrow_kiva,recurrent,4570,2.285,1,25,25,0,0.38058936499999985,69.01128659000001,138.01036236301297
exact_even_G4,523055,warehouse_small_narrow_kiva,recurrent,4344,2.172,1,4,4,0,0.017330723000000003,69.580601652,134.7890215110092
exact_even_G5,523055,warehouse_small_narrow_kiva,recurrent,4354,2.177,1,5,5,0,0.23082154200000002,70.912624309,141.60743106898735
js_cap_G5,523055,warehouse_small_narrow_kiva,recurrent,4402,2.201,1,5,5,0,0.091527682,64.980107414,135.78387953300262
random_G5,523055,warehouse_small_narrow_kiva,recurrent,4261,2.1305,1,5,5,0,0.10132775900000002,68.70278717400001,133.67950670499704
bootstrap_only,523055,warehouse_small_narrow_kiva,stationary,2952,1.476,1,0,0,0,0.004116564,66.789383193,121.19668914898648
context_memory_B25,523055,warehouse_small_narrow_kiva,stationary,3044,1.522,1,3,25,0,0.01246381,68.13642272199998,121.20131619900349
context_no_reactivation_B25,523055,warehouse_small_narrow_kiva,stationary,3044,1.522,1,3,25,0,0.090301106,69.16991116300002,126.51301505998708
exact_even_B25,523055,warehouse_small_narrow_kiva,stationary,3164,1.582,1,25,25,0,0.5111268859999999,68.30268628600001,128.10466478398303
exact_even_G4,523055,warehouse_small_narrow_kiva,stationary,3078,1.539,1,4,4,0,0.165461419,67.64766461899998,121.69419592499617
exact_even_G5,523055,warehouse_small_narrow_kiva,stationary,3131,1.5655,1,5,5,0,0.024821684999999996,65.43441278899999,119.70892907300731
js_cap_G5,523055,warehouse_small_narrow_kiva,stationary,3094,1.547,1,5,5,0,0.191108139,65.68885719800001,120.80166444700444
random_G5,523055,warehouse_small_narrow_kiva,stationary,3092,1.546,1,5,5,0,0.23646623599999997,68.53702312199998,122.29045611800393
bootstrap_only,526869,warehouse_small_narrow_kiva,abrupt,4380,2.19,1,0,0,0,0.005409162,67.38359700199999,136.69790244102478
context_memory_B25,526869,warehouse_small_narrow_kiva,abrupt,4704,2.352,1,6,25,0,0.027397281000000002,68.03250813500001,140.7044666610018
context_no_reactivation_B25,526869,warehouse_small_narrow_kiva,abrupt,4704,2.352,1,6,25,0,0.099486911,68.618655534,138.18180167800165
exact_even_B25,526869,warehouse_small_narrow_kiva,abrupt,4893,2.4465,1,25,25,0,0.241805666,67.582196788,139.2266383980168
exact_even_G4,526869,warehouse_small_narrow_kiva,abrupt,4447,2.2235,1,4,4,0,0.084978139,66.63581013800001,136.4029481690086
exact_even_G5,526869,warehouse_small_narrow_kiva,abrupt,4832,2.416,1,5,5,0,0.10377008399999998,67.99990653900001,138.80503297701944
js_cap_G5,526869,warehouse_small_narrow_kiva,abrupt,3921,1.9605,1,5,5,0,0.01741367,63.997131788,133.29099217499606
random_G5,526869,warehouse_small_narrow_kiva,abrupt,4005,2.0025,1,5,5,0,0.225274346,65.95464219800002,136.10339169498184
bootstrap_only,526869,warehouse_small_narrow_kiva,recurrent,4059,2.0295,1,0,0,0,0.003419165,62.640761651999995,116.97502552700462
context_memory_B25,526869,warehouse_small_narrow_kiva,recurrent,5141,2.5705,1,5,25,0,0.083328104,64.23721227300001,121.60202277300414
context_no_reactivation_B25,526869,warehouse_small_narrow_kiva,recurrent,5141,2.5705,1,5,25,0,0.021833212000000005,63.36355277200001,120.18165283100097
exact_even_B25,526869,warehouse_small_narrow_kiva,recurrent,4586,2.293,1,25,25,0,0.332388535,61.639869557000004,116.08016387198586
exact_even_G4,526869,warehouse_small_narrow_kiva,recurrent,4554,2.277,1,4,4,0,0.020360581,62.426940450000004,119.93756846198812
exact_even_G5,526869,warehouse_small_narrow_kiva,recurrent,5245,2.6225,1,5,5,0,0.129078321,60.719946085000004,115.01656723101041
js_cap_G5,526869,warehouse_small_narrow_kiva,recurrent,4338,2.169,1,5,5,0,0.151090075,61.614953019999994,116.98072915300145
random_G5,526869,warehouse_small_narrow_kiva,recurrent,4279,2.1395,1,5,5,0,0.200155662,63.061922829,118.20562756698928
bootstrap_only,526869,warehouse_small_narrow_kiva,stationary,3894,1.947,1,0,0,0,0.004901678,23.103892521999995,42.10491490698769
context_memory_B25,526869,warehouse_small_narrow_kiva,stationary,3831,1.9155,1,3,25,0,0.011432707,24.127984071999997,45.108440365002025
context_no_reactivation_B25,526869,warehouse_small_narrow_kiva,stationary,3831,1.9155,1,3,25,0,0.013203343,23.985329009,44.195885100984015
exact_even_B25,526869,warehouse_small_narrow_kiva,stationary,3551,1.7755,1,25,25,0,0.070461321,23.278067229999987,45.28310872399015
exact_even_G4,526869,warehouse_small_narrow_kiva,stationary,3884,1.942,1,4,4,0,0.057545200000000005,23.16755257399999,42.57151376901311
exact_even_G5,526869,warehouse_small_narrow_kiva,stationary,4054,2.027,1,5,5,0,0.060657827,23.450119144999995,43.77812941998127
js_cap_G5,526869,warehouse_small_narrow_kiva,stationary,4106,2.053,1,5,5,0,0.018593496,23.95620146100001,43.29684614998405
random_G5,526869,warehouse_small_narrow_kiva,stationary,3925,1.9625,1,5,5,0,0.06055046099999999,23.263016419,42.81835704401601
bootstrap_only,534821,warehouse_small_narrow_kiva,abrupt,5168,2.584,1,0,0,0,0.003283933,61.106016110000006,127.6909605700057
context_memory_B25,534821,warehouse_small_narrow_kiva,abrupt,5133,2.5665,1,6,25,0,0.083102686,58.46633199000002,123.60544638001011
context_no_reactivation_B25,534821,warehouse_small_narrow_kiva,abrupt,5133,2.5665,1,6,25,0,0.09758876200000001,62.007981937,130.38311448998866
exact_even_B25,534821,warehouse_small_narrow_kiva,abrupt,5283,2.6415,1,25,25,0,0.4031382529999999,62.936843347,129.96921135101002
exact_even_G4,534821,warehouse_small_narrow_kiva,abrupt,5258,2.629,1,4,4,0,0.092166814,56.680672395999984,122.00053179098177
exact_even_G5,534821,warehouse_small_narrow_kiva,abrupt,4996,2.498,1,5,5,0,0.020634634000000002,58.95733157300001,124.17656690598233
js_cap_G5,534821,warehouse_small_narrow_kiva,abrupt,4495,2.2475,1,5,5,0,0.09282928,62.588370729000005,128.1023508310027
random_G5,534821,warehouse_small_narrow_kiva,abrupt,5044,2.522,1,5,5,0,0.138853862,62.43720957500001,128.20080482799676
bootstrap_only,534821,warehouse_small_narrow_kiva,recurrent,4958,2.479,1,0,0,0,0.004974713,21.973509923999995,45.43513460300164
context_memory_B25,534821,warehouse_small_narrow_kiva,recurrent,5187,2.5935,1,4,25,0,0.013942112000000001,24.124775131999993,50.90792173700174
context_no_reactivation_B25,534821,warehouse_small_narrow_kiva,recurrent,5261,2.6305,1,4,25,0,0.056564425,25.077385589000006,51.113948521000566
exact_even_B25,534821,warehouse_small_narrow_kiva,recurrent,5266,2.633,1,25,25,0,0.203157048,25.130198483999997,51.80777671301621
exact_even_G4,534821,warehouse_small_narrow_kiva,recurrent,4979,2.4895,1,4,4,0,0.013903099,24.001678597999998,50.97409606000292
exact_even_G5,534821,warehouse_small_narrow_kiva,recurrent,4819,2.4095,1,5,5,0,0.017907727999999998,24.50634538,48.73480940199806
js_cap_G5,534821,warehouse_small_narrow_kiva,recurrent,4825,2.4125,1,5,5,0,0.015409916000000001,25.082990443999996,53.67976975100464
random_G5,534821,warehouse_small_narrow_kiva,recurrent,5294,2.647,1,5,5,0,0.017255478,24.243103708000007,51.69531086500501
bootstrap_only,534821,warehouse_small_narrow_kiva,stationary,3803,1.9015,1,0,0,0,0.003355085,23.785205432999994,42.92770232100156
context_memory_B25,534821,warehouse_small_narrow_kiva,stationary,3600,1.8,1,4,25,0,0.009676967,23.79475793800001,43.6166255279968
context_no_reactivation_B25,534821,warehouse_small_narrow_kiva,stationary,3719,1.8595,1,3,25,0,0.011465815,23.657617226,43.67947825099691
exact_even_B25,534821,warehouse_small_narrow_kiva,stationary,3686,1.843,1,25,25,0,0.17962250500000002,23.686772995999995,43.72226125802263
exact_even_G4,534821,warehouse_small_narrow_kiva,stationary,3810,1.905,1,4,4,0,0.057784796,23.581673753,42.73670855301316
exact_even_G5,534821,warehouse_small_narrow_kiva,stationary,3907,1.9535,1,5,5,0,0.015446197,24.004920569000006,45.575758325023344
js_cap_G5,534821,warehouse_small_narrow_kiva,stationary,3482,1.741,1,5,5,0,0.069247163,23.552220303000002,43.99346166101168
random_G5,534821,warehouse_small_narrow_kiva,stationary,3477,1.7385,1,5,5,0,0.016309088,24.07297396499999,46.58489256101893
bootstrap_only,537643,warehouse_small_narrow_kiva,abrupt,4414,2.207,1,0,0,0,0.047360798,23.69670771600001,48.721164628019324
context_memory_B25,537643,warehouse_small_narrow_kiva,abrupt,4977,2.4885,1,5,25,0,0.060114788,24.178088469,49.163681532023475
context_no_reactivation_B25,537643,warehouse_small_narrow_kiva,abrupt,4977,2.4885,1,5,25,0,0.020696606000000003,23.906849165000004,49.59552743399399
exact_even_B25,537643,warehouse_small_narrow_kiva,abrupt,4995,2.4975,1,25,25,0,0.118167443,25.002831467000014,51.92518792199553
exact_even_G4,537643,warehouse_small_narrow_kiva,abrupt,4792,2.396,1,4,4,0,0.014662071,23.32858039300001,47.44130427198252
exact_even_G5,537643,warehouse_small_narrow_kiva,abrupt,4840,2.42,1,5,5,0,0.018815658,24.583701900999998,49.98174801800633
js_cap_G5,537643,warehouse_small_narrow_kiva,abrupt,4442,2.221,1,5,5,0,0.062237888000000005,25.103197117,51.3327542640036
random_G5,537643,warehouse_small_narrow_kiva,abrupt,4970,2.485,1,5,5,0,0.069068237,24.170299299000007,50.319046677992446
bootstrap_only,537643,warehouse_small_narrow_kiva,recurrent,4241,2.1205,1,0,0,0,0.003650077,62.16002966799999,118.70773788000224
context_memory_B25,537643,warehouse_small_narrow_kiva,recurrent,5191,2.5955,1,5,25,0,0.08410471,63.041205635,122.68667219701456
context_no_reactivation_B25,537643,warehouse_small_narrow_kiva,recurrent,5149,2.5745,1,4,25,0,0.018896886,62.083518497,120.98115222298657
exact_even_B25,537643,warehouse_small_narrow_kiva,recurrent,5001,2.5005,1,25,25,0,0.34087685700000003,66.182840269,124.76906543798395
exact_even_G4,537643,warehouse_small_narrow_kiva,recurrent,5015,2.5075,1,4,4,0,0.071492969,61.938886397000005,119.40249222097918
exact_even_G5,537643,warehouse_small_narrow_kiva,recurrent,4903,2.4515,1,5,5,0,0.10346759300000001,65.440056922,120.6122651049809
js_cap_G5,537643,warehouse_small_narrow_kiva,recurrent,5104,2.552,1,5,5,0,0.168367908,60.981547045999996,119.12423786800355
random_G5,537643,warehouse_small_narrow_kiva,recurrent,4981,2.4905,1,5,5,0,0.07629503500000001,61.443715911000005,119.66319098498207
bootstrap_only,537643,warehouse_small_narrow_kiva,stationary,3038,1.519,1,0,0,0,0.060861722,59.72137355299999,104.61680274800165
context_memory_B25,537643,warehouse_small_narrow_kiva,stationary,3201,1.6005,1,3,25,0,0.07977468800000001,59.144228895000005,107.19784505001735
context_no_reactivation_B25,537643,warehouse_small_narrow_kiva,stationary,3201,1.6005,1,3,25,0,0.016718771,58.926171557,106.52740831201663
exact_even_B25,537643,warehouse_small_narrow_kiva,stationary,3290,1.645,1,25,25,0,0.194957019,59.39832188299999,107.92096335001406
exact_even_G4,537643,warehouse_small_narrow_kiva,stationary,3148,1.574,1,4,4,0,0.030416097,58.97923833199999,108.09019188099774
exact_even_G5,537643,warehouse_small_narrow_kiva,stationary,3293,1.6465,1,5,5,0,0.17802544099999998,61.014486027,108.8968758280098
js_cap_G5,537643,warehouse_small_narrow_kiva,stationary,3661,1.8305,1,5,5,0,0.270556837,59.78169368599999,107.60660643401206
random_G5,537643,warehouse_small_narrow_kiva,stationary,3362,1.681,1,5,5,0,0.017441063,58.85602083800003,103.22460809000768
bootstrap_only,541256,warehouse_small_narrow_kiva,abrupt,4651,2.3255,1,0,0,0,0.05639808,59.80673585100002,112.30735316697974
context_memory_B25,541256,warehouse_small_narrow_kiva,abrupt,4609,2.3045,1,5,25,0,0.08760847000000001,61.81202526400002,117.81877157100826
context_no_reactivation_B25,541256,warehouse_small_narrow_kiva,abrupt,4609,2.3045,1,5,25,0,0.146488923,62.450139323000016,119.10282400000142
exact_even_B25,541256,warehouse_small_narrow_kiva,abrupt,4588,2.294,1,25,25,0,0.365727149,63.13928607600002,120.46930301300017
exact_even_G4,541256,warehouse_small_narrow_kiva,abrupt,4674,2.337,1,4,4,0,0.017255333,64.765561988,122.82138984199264
exact_even_G5,541256,warehouse_small_narrow_kiva,abrupt,4146,2.073,1,5,5,0,0.020618413,60.85990292600001,111.80623343097977
js_cap_G5,541256,warehouse_small_narrow_kiva,abrupt,4199,2.0995,1,5,5,0,0.017163824,60.621634881000006,116.5905346290092
random_G5,541256,warehouse_small_narrow_kiva,abrupt,3829,1.9145,1,5,5,0,0.100220793,62.700619296999996,113.5226854700013
bootstrap_only,541256,warehouse_small_narrow_kiva,recurrent,4420,2.21,1,0,0,0,0.003129842,73.34784879200002,143.10389656797634
context_memory_B25,541256,warehouse_small_narrow_kiva,recurrent,5206,2.603,1,4,25,0,0.018794662,71.05035902099999,139.39549784600968
context_no_reactivation_B25,541256,warehouse_small_narrow_kiva,recurrent,5265,2.6325,1,4,25,0,0.160851009,70.17840953,139.81543244599015
exact_even_B25,541256,warehouse_small_narrow_kiva,recurrent,4860,2.43,1,25,25,0,0.662303947,71.12191576100003,149.7124651040067
exact_even_G4,541256,warehouse_small_narrow_kiva,recurrent,4923,2.4615,1,4,4,0,0.021320689999999996,70.609949688,146.81388468199293
exact_even_G5,541256,warehouse_small_narrow_kiva,recurrent,4482,2.241,1,5,5,0,0.09524482100000001,68.51980869000002,136.41979208000703
js_cap_G5,541256,warehouse_small_narrow_kiva,recurrent,4108,2.054,1,5,5,0,0.020776365,71.56557072499997,140.9980637060071
random_G5,541256,warehouse_small_narrow_kiva,recurrent,5255,2.6275,1,5,5,0,0.096220044,73.625427797,140.11772164999275
bootstrap_only,541256,warehouse_small_narrow_kiva,stationary,3100,1.55,1,0,0,0,0.005771626,67.52437289600003,120.39916288500535
context_memory_B25,541256,warehouse_small_narrow_kiva,stationary,3249,1.6245,1,3,25,0,0.01422458,65.91251244300003,121.11014129599789
context_no_reactivation_B25,541256,warehouse_small_narrow_kiva,stationary,3249,1.6245,1,3,25,0,0.012730472,67.68439914700001,122.19262447502115
exact_even_B25,541256,warehouse_small_narrow_kiva,stationary,3379,1.6895,1,25,25,0,0.170381546,69.373718101,130.2935551230039
exact_even_G4,541256,warehouse_small_narrow_kiva,stationary,3306,1.653,1,4,4,0,0.086432857,64.422123026,118.58992079700693
exact_even_G5,541256,warehouse_small_narrow_kiva,stationary,3403,1.7015,1,5,5,0,0.161305346,68.654217767,124.9100312210212
js_cap_G5,541256,warehouse_small_narrow_kiva,stationary,3454,1.727,1,5,5,0,0.088461423,68.50983016600001,123.12099213097827
random_G5,541256,warehouse_small_narrow_kiva,stationary,3056,1.528,1,5,5,0,0.019048391999999997,66.882308768,122.69827503198758
bootstrap_only,552654,warehouse_small_narrow_kiva,abrupt,4331,2.1655,1,0,0,0,0.003493923,23.44920748,49.97295332700014
context_memory_B25,552654,warehouse_small_narrow_kiva,abrupt,4097,2.0485,1,4,25,0,0.016356945999999997,23.672057290000016,48.7031548259838
context_no_reactivation_B25,552654,warehouse_small_narrow_kiva,abrupt,4097,2.0485,1,4,25,0,0.014736579999999999,23.105540552000008,51.10200285099563
exact_even_B25,552654,warehouse_small_narrow_kiva,abrupt,4709,2.3545,1,25,25,0,0.27302753899999993,23.176760472000012,50.20505169502576
exact_even_G4,552654,warehouse_small_narrow_kiva,abrupt,4643,2.3215,1,4,4,0,0.014178396,24.758113429999998,47.05323295498965
exact_even_G5,552654,warehouse_small_narrow_kiva,abrupt,4238,2.119,1,5,5,0,0.021620497,23.951183137999998,48.650906968978234
js_cap_G5,552654,warehouse_small_narrow_kiva,abrupt,3628,1.814,1,5,5,0,0.123587402,22.437412192,48.36601842899108
random_G5,552654,warehouse_small_narrow_kiva,abrupt,4523,2.2615,1,5,5,0,0.09214518300000002,24.76421317099999,48.20067515599658
bootstrap_only,552654,warehouse_small_narrow_kiva,recurrent,5230,2.615,1,0,0,0,0.005730444,71.12214835299997,142.99721483400208
context_memory_B25,552654,warehouse_small_narrow_kiva,recurrent,5243,2.6215,1,4,25,0,0.021005295,71.352457629,139.18672807700932
context_no_reactivation_B25,552654,warehouse_small_narrow_kiva,recurrent,5243,2.6215,1,4,25,0,0.020248253,71.70417589199998,143.91845370800002
exact_even_B25,552654,warehouse_small_narrow_kiva,recurrent,5191,2.5955,1,25,25,0,0.37998679500000004,69.15858379400001,145.10431823998806
exact_even_G4,552654,warehouse_small_narrow_kiva,recurrent,5072,2.536,1,4,4,0,0.083565886,72.006359622,143.41069370499463
exact_even_G5,552654,warehouse_small_narrow_kiva,recurrent,5083,2.5415,1,5,5,0,0.08807310100000001,72.67112629799999,145.20401543099433
js_cap_G5,552654,warehouse_small_narrow_kiva,recurrent,4176,2.088,1,5,5,0,0.031912582,69.464523473,141.39800099699642
random_G5,552654,warehouse_small_narrow_kiva,recurrent,5138,2.569,1,5,5,0,0.095577404,69.08958217599998,139.5031082489877
bootstrap_only,552654,warehouse_small_narrow_kiva,stationary,3341,1.6705,1,0,0,0,0.008259626,54.229850364000015,101.00687222499982
context_memory_B25,552654,warehouse_small_narrow_kiva,stationary,3404,1.702,1,5,25,0,0.074364744,55.646352314,105.02110034500947
context_no_reactivation_B25,552654,warehouse_small_narrow_kiva,stationary,4164,2.082,1,4,25,0,0.22441941599999998,59.01768036799999,106.98420427000383
exact_even_B25,552654,warehouse_small_narrow_kiva,stationary,3292,1.646,1,25,25,0,0.13739135100000002,58.56502093500004,111.79823826698703
exact_even_G4,552654,warehouse_small_narrow_kiva,stationary,4046,2.023,1,4,4,0,0.017756782,61.198341398000004,105.20750426399172
exact_even_G5,552654,warehouse_small_narrow_kiva,stationary,3743,1.8715,1,5,5,0,0.041374589,57.755588491000026,105.10358006000752
js_cap_G5,552654,warehouse_small_narrow_kiva,stationary,3938,1.969,1,5,5,0,0.07910973800000001,57.88350775000001,107.82315117699909
random_G5,552654,warehouse_small_narrow_kiva,stationary,3324,1.662,1,5,5,0,0.023963229000000003,55.681715054,105.12414728401927
bootstrap_only,560584,warehouse_small_narrow_kiva,abrupt,5183,2.5915,1,0,0,0,0.076188581,71.052384248,135.8017444020079
context_memory_B25,560584,warehouse_small_narrow_kiva,abrupt,4974,2.487,1,4,25,0,0.083546148,71.283155086,145.78877127499436
context_no_reactivation_B25,560584,warehouse_small_narrow_kiva,abrupt,4974,2.487,1,4,25,0,0.022763875000000003,73.924749848,144.79599464702187
exact_even_B25,560584,warehouse_small_narrow_kiva,abrupt,4742,2.371,1,25,25,0,0.304457129,74.15118304799998,151.09802598602255
exact_even_G4,560584,warehouse_small_narrow_kiva,abrupt,5123,2.5615,1,4,4,0,0.164362304,72.52703482700002,141.11602329299785
exact_even_G5,560584,warehouse_small_narrow_kiva,abrupt,4620,2.31,1,5,5,0,0.024129086,70.80878975000002,142.71029440601706
js_cap_G5,560584,warehouse_small_narrow_kiva,abrupt,4286,2.143,1,5,5,0,0.09312342,68.73718286,137.40463061400806
random_G5,560584,warehouse_small_narrow_kiva,abrupt,4420,2.21,1,5,5,0,0.020147579000000002,70.40821457699997,141.41564224101603
bootstrap_only,560584,warehouse_small_narrow_kiva,recurrent,4537,2.2685,1,0,0,0,0.005324898,67.58531325899999,135.30130349399406
context_memory_B25,560584,warehouse_small_narrow_kiva,recurrent,4753,2.3765,1,4,25,0,0.08112787499999999,69.63617714800002,135.9937319100136
context_no_reactivation_B25,560584,warehouse_small_narrow_kiva,recurrent,4753,2.3765,1,4,25,0,0.021122392,68.20241785599995,140.87792174899369
exact_even_B25,560584,warehouse_small_narrow_kiva,recurrent,4317,2.1585,1,25,25,0,0.313590543,65.511391114,141.31315466400702
exact_even_G4,560584,warehouse_small_narrow_kiva,recurrent,4554,2.277,1,4,4,0,0.018424896,69.98839687,141.59696952300146
exact_even_G5,560584,warehouse_small_narrow_kiva,recurrent,4352,2.176,1,5,5,0,0.170658007,71.93716501500002,140.00817985800677
js_cap_G5,560584,warehouse_small_narrow_kiva,recurrent,4425,2.2125,1,5,5,0,0.09116696500000002,67.75567793199998,135.50618330499856
random_G5,560584,warehouse_small_narrow_kiva,recurrent,3731,1.8655,1,5,5,0,0.029939069000000002,69.186429152,136.79253073901054
bootstrap_only,560584,warehouse_small_narrow_kiva,stationary,3030,1.515,1,0,0,0,0.062645852,60.825253911000026,103.11028249000083
context_memory_B25,560584,warehouse_small_narrow_kiva,stationary,3138,1.569,1,3,25,0,0.013951589,60.50989840599997,107.48442312001134
context_no_reactivation_B25,560584,warehouse_small_narrow_kiva,stationary,3138,1.569,1,3,25,0,0.076654987,60.80326732699999,107.59695998800453
exact_even_B25,560584,warehouse_small_narrow_kiva,stationary,3078,1.539,1,25,25,0,0.256418711,60.212110408,108.88075593000394
exact_even_G4,560584,warehouse_small_narrow_kiva,stationary,3101,1.5505,1,4,4,0,0.021146477999999996,58.365050501000006,105.09156182099832
exact_even_G5,560584,warehouse_small_narrow_kiva,stationary,3417,1.7085,1,5,5,0,0.077987244,61.10947012799998,106.49580930700176
js_cap_G5,560584,warehouse_small_narrow_kiva,stationary,3261,1.6305,1,5,5,0,0.14868261500000002,63.44349954499998,108.51724902100977
random_G5,560584,warehouse_small_narrow_kiva,stationary,3377,1.6885,1,5,5,0,0.103996659,57.47783754599998,106.77007274600328
bootstrap_only,583444,warehouse_small_narrow_kiva,abrupt,5052,2.526,1,0,0,0,0.003539894,69.64261236499998,136.929188590002
context_memory_B25,583444,warehouse_small_narrow_kiva,abrupt,4755,2.3775,1,5,25,0,0.021391159,69.12145758799998,139.57364355301252
context_no_reactivation_B25,583444,warehouse_small_narrow_kiva,abrupt,4784,2.392,1,5,25,0,0.026400691,74.32717903600002,140.39894201399875
exact_even_B25,583444,warehouse_small_narrow_kiva,abrupt,4674,2.337,1,25,25,0,0.4648807120000001,73.86134221500001,147.11519739500363
exact_even_G4,583444,warehouse_small_narrow_kiva,abrupt,4238,2.119,1,4,4,0,0.234387577,70.576152514,137.40809516099398
exact_even_G5,583444,warehouse_small_narrow_kiva,abrupt,4610,2.305,1,5,5,0,0.15673927599999998,72.04585091400001,145.28651499500847
js_cap_G5,583444,warehouse_small_narrow_kiva,abrupt,4678,2.339,1,5,5,0,0.15469107799999998,73.96784417399996,140.8099510250031
random_G5,583444,warehouse_small_narrow_kiva,abrupt,5014,2.507,1,5,5,0,0.097485401,70.518314926,141.4974281800096
bootstrap_only,583444,warehouse_small_narrow_kiva,recurrent,5097,2.5485,1,0,0,0,0.005938633,60.95215810000001,113.03444876699359
context_memory_B25,583444,warehouse_small_narrow_kiva,recurrent,5170,2.585,1,4,25,0,0.062612164,59.66005535599998,118.80159516399726
context_no_reactivation_B25,583444,warehouse_small_narrow_kiva,recurrent,5170,2.585,1,4,25,0,0.15395449199999997,61.326598730000015,118.8081762889924
exact_even_B25,583444,warehouse_small_narrow_kiva,recurrent,4881,2.4405,1,25,25,0,0.15364416599999994,62.51080639099998,118.9941587060166
exact_even_G4,583444,warehouse_small_narrow_kiva,recurrent,4675,2.3375,1,4,4,0,0.018138079,61.89971211500002,118.28408190901973
exact_even_G5,583444,warehouse_small_narrow_kiva,recurrent,5091,2.5455,1,5,5,0,0.133158848,61.73310692900001,117.0071051059931
js_cap_G5,583444,warehouse_small_narrow_kiva,recurrent,4729,2.3645,1,5,5,0,0.09048573,59.04412042100001,116.10465547599597
random_G5,583444,warehouse_small_narrow_kiva,recurrent,4532,2.266,1,5,5,0,0.08416686500000001,59.086182631999996,114.40889679500833
bootstrap_only,583444,warehouse_small_narrow_kiva,stationary,3773,1.8865,1,0,0,0,0.003171943,66.73382734499997,119.09096825201414
context_memory_B25,583444,warehouse_small_narrow_kiva,stationary,3701,1.8505,1,3,25,0,0.016400906,67.05955785399999,124.09349826100515
context_no_reactivation_B25,583444,warehouse_small_narrow_kiva,stationary,3701,1.8505,1,3,25,0,0.016146892,66.15207854100001,127.28703868199955
exact_even_B25,583444,warehouse_small_narrow_kiva,stationary,3689,1.8445,1,25,25,0,0.234783494,65.61654916100001,126.80461392601137
exact_even_G4,583444,warehouse_small_narrow_kiva,stationary,3457,1.7285,1,4,4,0,0.017479937,64.31649946699996,119.49991320399567
exact_even_G5,583444,warehouse_small_narrow_kiva,stationary,3646,1.823,1,5,5,0,0.09505844199999998,66.30861700500004,121.59358162200078
js_cap_G5,583444,warehouse_small_narrow_kiva,stationary,3717,1.8585,1,5,5,0,0.024579411000000002,67.39335618099999,120.09240886301268
random_G5,583444,warehouse_small_narrow_kiva,stationary,3693,1.8465,1,5,5,0,0.017874153,64.97523212599998,121.10468058902188
bootstrap_only,585455,warehouse_small_narrow_kiva,abrupt,4687,2.3435,1,0,0,0,0.00270255,33.364564067,88.17036391299916
context_memory_B25,585455,warehouse_small_narrow_kiva,abrupt,4787,2.3935,1,5,25,0,0.022337789,35.247808362,92.09152857601293
context_no_reactivation_B25,585455,warehouse_small_narrow_kiva,abrupt,4787,2.3935,1,5,25,0,0.021379137,36.088261749000004,93.37969007200445
exact_even_B25,585455,warehouse_small_narrow_kiva,abrupt,5036,2.518,1,25,25,0,0.26754541,36.31850368100002,91.61596610501874
exact_even_G4,585455,warehouse_small_narrow_kiva,abrupt,4932,2.466,1,4,4,0,0.074903809,35.24316646999999,91.22711991099641
exact_even_G5,585455,warehouse_small_narrow_kiva,abrupt,4962,2.481,1,5,5,0,0.06711104,33.089244625000006,88.14471267000772
js_cap_G5,585455,warehouse_small_narrow_kiva,abrupt,4781,2.3905,1,5,5,0,0.016223828,32.71286457000001,89.12736700000823
random_G5,585455,warehouse_small_narrow_kiva,abrupt,5060,2.53,1,5,5,0,0.08985683,33.47307859399998,91.59755136299646
bootstrap_only,585455,warehouse_small_narrow_kiva,recurrent,4453,2.2265,1,0,0,0,0.004562715,75.44348169,136.01076368501526
context_memory_B25,585455,warehouse_small_narrow_kiva,recurrent,4616,2.308,1,5,25,0,0.160122217,74.02393946599997,147.69494733199826
context_no_reactivation_B25,585455,warehouse_small_narrow_kiva,recurrent,4677,2.3385,1,5,25,0,0.09197739,74.19623979299999,143.39101281101466
exact_even_B25,585455,warehouse_small_narrow_kiva,recurrent,4653,2.3265,1,25,25,0,0.524327659,72.68264047599997,151.1920469799952
exact_even_G4,585455,warehouse_small_narrow_kiva,recurrent,4298,2.149,1,4,4,0,0.0235708,70.16822988199999,140.30252983700484
exact_even_G5,585455,warehouse_small_narrow_kiva,recurrent,3956,1.978,1,5,5,0,0.09342417,73.17150157700002,140.5008057039813
js_cap_G5,585455,warehouse_small_narrow_kiva,recurrent,4514,2.257,1,5,5,0,0.021552541,71.461665158,144.89435552697978
random_G5,585455,warehouse_small_narrow_kiva,recurrent,4325,2.1625,1,5,5,0,0.168348047,74.77022173099998,146.52406964299735
bootstrap_only,585455,warehouse_small_narrow_kiva,stationary,3715,1.8575,1,0,0,0,0.005061686,61.16194383199999,102.00655878399266
context_memory_B25,585455,warehouse_small_narrow_kiva,stationary,3591,1.7955,1,3,25,0,0.015809959,59.27985149199999,101.88756428900524
context_no_reactivation_B25,585455,warehouse_small_narrow_kiva,stationary,3591,1.7955,1,3,25,0,0.02436805,60.509138487999984,101.09180984800332
exact_even_B25,585455,warehouse_small_narrow_kiva,stationary,3685,1.8425,1,25,25,0,0.3433967220000001,60.579340847,107.18984449500567
exact_even_G4,585455,warehouse_small_narrow_kiva,stationary,3670,1.835,1,4,4,0,0.015888069,58.30745435299999,101.31277534598485
exact_even_G5,585455,warehouse_small_narrow_kiva,stationary,3683,1.8415,1,5,5,0,0.018547227,62.176417216000004,104.50500514998566
js_cap_G5,585455,warehouse_small_narrow_kiva,stationary,3884,1.942,1,5,5,0,0.022456393999999998,59.92928544399997,101.68026529799681
random_G5,585455,warehouse_small_narrow_kiva,stationary,3709,1.8545,1,5,5,0,0.018745846000000004,61.65220833,103.18578903499292
bootstrap_only,598292,warehouse_small_narrow_kiva,abrupt,5127,2.5635,1,0,0,0,0.005274497,62.405070672999976,119.07706262799911
context_memory_B25,598292,warehouse_small_narrow_kiva,abrupt,5046,2.523,1,4,25,0,0.08215196699999999,63.5536033,119.49486759101273
context_no_reactivation_B25,598292,warehouse_small_narrow_kiva,abrupt,5046,2.523,1,4,25,0,0.017195387,63.52630048000002,118.71839637798257
exact_even_B25,598292,warehouse_small_narrow_kiva,abrupt,5327,2.6635,1,25,25,0,0.27362842600000004,64.478810807,123.72075859797769
exact_even_G4,598292,warehouse_small_narrow_kiva,abrupt,4861,2.4305,1,4,4,0,0.015181979000000002,61.627430274,118.18229999401956
exact_even_G5,598292,warehouse_small_narrow_kiva,abrupt,5200,2.6,1,5,5,0,0.16024098400000003,60.72508345600002,117.18263568700058
js_cap_G5,598292,warehouse_small_narrow_kiva,abrupt,4888,2.444,1,5,5,0,0.078936879,60.081436082999986,117.68322647101013
random_G5,598292,warehouse_small_narrow_kiva,abrupt,4710,2.355,1,5,5,0,0.020263134999999998,62.003231389999975,117.48925075199804
bootstrap_only,598292,warehouse_small_narrow_kiva,recurrent,4677,2.3385,1,0,0,0,0.003647684,68.00658348299996,135.72360371402465
context_memory_B25,598292,warehouse_small_narrow_kiva,recurrent,5162,2.581,1,5,25,0,0.016622517,68.58884442799999,137.1111474490026
context_no_reactivation_B25,598292,warehouse_small_narrow_kiva,recurrent,5174,2.587,1,5,25,0,0.09103567700000001,68.93265162600001,142.41603826300707
exact_even_B25,598292,warehouse_small_narrow_kiva,recurrent,5416,2.708,1,25,25,0,0.389577077,71.89550611300002,144.30701769702137
exact_even_G4,598292,warehouse_small_narrow_kiva,recurrent,5009,2.5045,1,4,4,0,0.08947608,69.387350175,134.99847117101308
exact_even_G5,598292,warehouse_small_narrow_kiva,recurrent,5020,2.51,1,5,5,0,0.091296106,71.79874803499999,143.90466904599452
js_cap_G5,598292,warehouse_small_narrow_kiva,recurrent,5003,2.5015,1,5,5,0,0.023400741,71.237547059,142.58466079700156
random_G5,598292,warehouse_small_narrow_kiva,recurrent,5166,2.583,1,5,5,0,0.163137995,71.03453260400002,141.12179394101258
bootstrap_only,598292,warehouse_small_narrow_kiva,stationary,3631,1.8155,1,0,0,0,0.003116428,23.33756587300002,42.91011128999526
context_memory_B25,598292,warehouse_small_narrow_kiva,stationary,3525,1.7625,1,3,25,0,0.013079766,22.572411681,44.436289826990105
context_no_reactivation_B25,598292,warehouse_small_narrow_kiva,stationary,3525,1.7625,1,3,25,0,0.013343467000000001,22.920786566000007,45.58518614800414
exact_even_B25,598292,warehouse_small_narrow_kiva,stationary,3504,1.752,1,25,25,0,0.13060875999999996,22.970529845,45.25837163598044
exact_even_G4,598292,warehouse_small_narrow_kiva,stationary,3517,1.7585,1,4,4,0,0.013999595,22.589756667,42.793764172995
exact_even_G5,598292,warehouse_small_narrow_kiva,stationary,3661,1.8305,1,5,5,0,0.07320886,23.362958870999993,44.63545849401271
js_cap_G5,598292,warehouse_small_narrow_kiva,stationary,3522,1.761,1,5,5,0,0.017933549,22.626470864999987,43.221183911984554
random_G5,598292,warehouse_small_narrow_kiva,stationary,3520,1.76,1,5,5,0,0.022132427,23.622996057,44.81337616601377
bootstrap_only,655067,warehouse_small_narrow_kiva,abrupt,3950,1.975,1,0,0,0,0.005052915,25.026197234999998,49.603254964982625
context_memory_B25,655067,warehouse_small_narrow_kiva,abrupt,4862,2.431,1,5,25,0,0.060991057,25.140928329999987,50.41368416498881
context_no_reactivation_B25,655067,warehouse_small_narrow_kiva,abrupt,4862,2.431,1,5,25,0,0.069589686,24.333721384,51.98977271799231
exact_even_B25,655067,warehouse_small_narrow_kiva,abrupt,4894,2.447,1,25,25,0,0.126935431,25.622564230000005,52.28674027201487
exact_even_G4,655067,warehouse_small_narrow_kiva,abrupt,4510,2.255,1,4,4,0,0.015294128,23.885506216999993,49.43020643599448
exact_even_G5,655067,warehouse_small_narrow_kiva,abrupt,4374,2.187,1,5,5,0,0.05988343000000001,24.267575851000004,49.949582989997
js_cap_G5,655067,warehouse_small_narrow_kiva,abrupt,4599,2.2995,1,5,5,0,0.019337373999999997,23.37655628600002,51.41621240999666
random_G5,655067,warehouse_small_narrow_kiva,abrupt,4776,2.388,1,5,5,0,0.017960333000000002,25.54526684600001,51.1155617100012
bootstrap_only,655067,warehouse_small_narrow_kiva,recurrent,4416,2.208,1,0,0,0,0.003707071,59.67783264700003,113.60963696299586
context_memory_B25,655067,warehouse_small_narrow_kiva,recurrent,4682,2.341,1,4,25,0,0.016156473999999997,60.701707968,118.4762522430101
context_no_reactivation_B25,655067,warehouse_small_narrow_kiva,recurrent,4682,2.341,1,4,25,0,0.016902929,63.75208357000001,121.7131950740004
exact_even_B25,655067,warehouse_small_narrow_kiva,recurrent,4927,2.4635,1,25,25,0,0.143093235,60.003100955,121.8867947240069
exact_even_G4,655067,warehouse_small_narrow_kiva,recurrent,4783,2.3915,1,4,4,0,0.044231895,62.010251235999995,121.12416467498406
exact_even_G5,655067,warehouse_small_narrow_kiva,recurrent,4388,2.194,1,5,5,0,0.085778971,61.20856806,118.60178920099861
js_cap_G5,655067,warehouse_small_narrow_kiva,recurrent,4551,2.2755,1,5,5,0,0.089534007,64.54256489400004,122.99732207498164
random_G5,655067,warehouse_small_narrow_kiva,recurrent,4531,2.2655,1,5,5,0,0.017978528,57.743481547,116.99216889802483
bootstrap_only,655067,warehouse_small_narrow_kiva,stationary,3530,1.765,1,0,0,0,0.005456102,64.06869862599999,122.50309200497577
context_memory_B25,655067,warehouse_small_narrow_kiva,stationary,3555,1.7775,1,4,25,0,0.019199320000000002,65.26764988599999,127.10790192199056
context_no_reactivation_B25,655067,warehouse_small_narrow_kiva,stationary,3555,1.7775,1,4,25,0,0.018063125,65.863204459,126.87963277800009
exact_even_B25,655067,warehouse_small_narrow_kiva,stationary,3517,1.7585,1,25,25,0,0.367222001,66.14443234200002,128.48036410001805
exact_even_G4,655067,warehouse_small_narrow_kiva,stationary,3302,1.651,1,4,4,0,0.019385879,63.90876016199999,122.90328646099078
exact_even_G5,655067,warehouse_small_narrow_kiva,stationary,3540,1.77,1,5,5,0,0.22781665299999995,68.77466375099999,125.99401284000487
js_cap_G5,655067,warehouse_small_narrow_kiva,stationary,3478,1.739,1,5,5,0,0.16056546400000002,64.95783232500001,122.90817705899826
random_G5,655067,warehouse_small_narrow_kiva,stationary,3512,1.756,1,5,5,0,0.085456954,68.791491282,122.30679613401298
bootstrap_only,657283,warehouse_small_narrow_kiva,abrupt,4122,2.061,1,0,0,0,0.005769909,66.99995084500003,138.1722428459907
context_memory_B25,657283,warehouse_small_narrow_kiva,abrupt,4299,2.1495,1,6,25,0,0.162873568,67.63095932400002,139.12138328599394
context_no_reactivation_B25,657283,warehouse_small_narrow_kiva,abrupt,4297,2.1485,1,5,25,0,0.089997797,67.61836892400001,140.10713022999698
exact_even_B25,657283,warehouse_small_narrow_kiva,abrupt,5045,2.5225,1,25,25,0,0.23334399099999997,67.66049743900001,140.3236979060166
exact_even_G4,657283,warehouse_small_narrow_kiva,abrupt,4408,2.204,1,4,4,0,0.08944424700000002,65.98460209599999,136.0207962889981
exact_even_G5,657283,warehouse_small_narrow_kiva,abrupt,3827,1.9135,1,5,5,0,0.09359063199999999,64.641858447,138.4218180369935
js_cap_G5,657283,warehouse_small_narrow_kiva,abrupt,4102,2.051,1,5,5,0,0.020102817000000002,67.81992047799999,133.1982741370157
random_G5,657283,warehouse_small_narrow_kiva,abrupt,4438,2.219,1,5,5,0,0.08974077600000001,64.14457478199999,128.89582740099286
bootstrap_only,657283,warehouse_small_narrow_kiva,recurrent,4876,2.438,1,0,0,0,0.052240109,22.980648414999994,49.308950766018825
context_memory_B25,657283,warehouse_small_narrow_kiva,recurrent,4800,2.4,1,5,25,0,0.019170430000000002,23.924056493,49.79351973399753
context_no_reactivation_B25,657283,warehouse_small_narrow_kiva,recurrent,4783,2.3915,1,5,25,0,0.084879226,23.050020093999997,48.56511701698764
exact_even_B25,657283,warehouse_small_narrow_kiva,recurrent,4410,2.205,1,25,25,0,0.170402502,24.202159505000008,50.542868095013546
exact_even_G4,657283,warehouse_small_narrow_kiva,recurrent,4407,2.2035,1,4,4,0,0.013749993000000002,23.027985082000008,47.98089900199557
exact_even_G5,657283,warehouse_small_narrow_kiva,recurrent,4391,2.1955,1,5,5,0,0.018852071,23.386541813000004,47.912427458999446
js_cap_G5,657283,warehouse_small_narrow_kiva,recurrent,4429,2.2145,1,5,5,0,0.017653366,23.668003498000008,49.70626488799462
random_G5,657283,warehouse_small_narrow_kiva,recurrent,4408,2.204,1,5,5,0,0.109226627,24.140107552999996,50.88152696000179
bootstrap_only,657283,warehouse_small_narrow_kiva,stationary,3113,1.5565,1,0,0,0,0.054941133,24.003916918999998,43.46705488700536
context_memory_B25,657283,warehouse_small_narrow_kiva,stationary,3652,1.826,1,4,25,0,0.01791219,23.101573596000005,43.18803816000582
context_no_reactivation_B25,657283,warehouse_small_narrow_kiva,stationary,3652,1.826,1,4,25,0,0.013609214,23.987621859999997,45.01013747300021
exact_even_B25,657283,warehouse_small_narrow_kiva,stationary,3685,1.8425,1,25,25,0,0.119181202,24.386717641999994,47.575152567005716
exact_even_G4,657283,warehouse_small_narrow_kiva,stationary,3736,1.868,1,4,4,0,0.014304718000000001,22.780191263999995,43.28781780798454
exact_even_G5,657283,warehouse_small_narrow_kiva,stationary,3967,1.9835,1,5,5,0,0.019309646,23.656370332000005,43.535490427020704
js_cap_G5,657283,warehouse_small_narrow_kiva,stationary,3939,1.9695,1,5,5,0,0.11803791699999999,23.823048273,43.78887641601614
random_G5,657283,warehouse_small_narrow_kiva,stationary,3818,1.909,1,5,5,0,0.019418932,23.491726063,42.024559610988945
bootstrap_only,664860,warehouse_small_narrow_kiva,abrupt,4520,2.26,1,0,0,0,0.004915378,64.33297999499999,125.15511479700217
context_memory_B25,664860,warehouse_small_narrow_kiva,abrupt,4799,2.3995,1,5,25,0,0.14712561300000002,62.05049202400002,122.17368034599349
context_no_reactivation_B25,664860,warehouse_small_narrow_kiva,abrupt,4799,2.3995,1,5,25,0,0.083103759,65.83034576300001,128.49666355599766
exact_even_B25,664860,warehouse_small_narrow_kiva,abrupt,5201,2.6005,1,25,25,0,0.303270838,64.032540801,132.89906856100424
exact_even_G4,664860,warehouse_small_narrow_kiva,abrupt,4760,2.38,1,4,4,0,0.09282685399999999,59.17281970999999,121.37508472599438
exact_even_G5,664860,warehouse_small_narrow_kiva,abrupt,4531,2.2655,1,5,5,0,0.225611708,62.903519677999995,124.7713230769732
js_cap_G5,664860,warehouse_small_narrow_kiva,abrupt,4056,2.028,1,5,5,0,0.08142302600000001,62.740793384000014,123.18341354400036
random_G5,664860,warehouse_small_narrow_kiva,abrupt,4337,2.1685,1,5,5,0,0.17426168800000003,59.418191534,121.10640244599199
bootstrap_only,664860,warehouse_small_narrow_kiva,recurrent,5103,2.5515,1,0,0,0,0.003262987,65.21245377599999,120.02344921501935
context_memory_B25,664860,warehouse_small_narrow_kiva,recurrent,4856,2.428,1,5,25,0,0.14605715,66.52149299700001,125.98892759101
context_no_reactivation_B25,664860,warehouse_small_narrow_kiva,recurrent,4880,2.44,1,5,25,0,0.08174058299999999,67.748510816,126.29366578400368
exact_even_B25,664860,warehouse_small_narrow_kiva,recurrent,4954,2.477,1,25,25,0,0.37906806099999996,67.781758471,131.80943054400268
exact_even_G4,664860,warehouse_small_narrow_kiva,recurrent,4763,2.3815,1,4,4,0,0.105394241,63.032625731999985,120.78741452901158
exact_even_G5,664860,warehouse_small_narrow_kiva,recurrent,5092,2.546,1,5,5,0,0.09292874200000001,69.542329844,129.12472295502084
js_cap_G5,664860,warehouse_small_narrow_kiva,recurrent,4698,2.349,1,5,5,0,0.105594038,63.82252686499997,119.90329463800299
random_G5,664860,warehouse_small_narrow_kiva,recurrent,4644,2.322,1,5,5,0,0.020547118,66.31398922400001,123.8953017659951
bootstrap_only,664860,warehouse_small_narrow_kiva,stationary,3227,1.6135,1,0,0,0,0.071074215,68.274071363,122.1008743569837
context_memory_B25,664860,warehouse_small_narrow_kiva,stationary,3260,1.63,1,4,25,0,0.015883652,63.14913036599998,115.70103826001287
context_no_reactivation_B25,664860,warehouse_small_narrow_kiva,stationary,3260,1.63,1,4,25,0,0.016394137,67.59135032,119.30806077099987
exact_even_B25,664860,warehouse_small_narrow_kiva,stationary,3218,1.609,1,25,25,0,0.30758160999999995,66.98746010299999,124.59907040401595
exact_even_G4,664860,warehouse_small_narrow_kiva,stationary,3180,1.59,1,4,4,0,0.15669966100000002,69.73062992099997,120.69118369900389
exact_even_G5,664860,warehouse_small_narrow_kiva,stationary,3183,1.5915,1,5,5,0,0.092153548,68.150224062,121.60541282600025
js_cap_G5,664860,warehouse_small_narrow_kiva,stationary,3066,1.533,1,5,5,0,0.022760357000000002,69.643189312,123.81667579102213
random_G5,664860,warehouse_small_narrow_kiva,stationary,3225,1.6125,1,5,5,0,0.020854985,69.05374631799998,121.71474359999411
bootstrap_only,699809,warehouse_small_narrow_kiva,abrupt,4326,2.163,1,0,0,0,0.003216079,58.929979841999995,118.3908695729915
context_memory_B25,699809,warehouse_small_narrow_kiva,abrupt,4371,2.1855,1,4,25,0,0.021997359,56.728463747,119.77287861899822
context_no_reactivation_B25,699809,warehouse_small_narrow_kiva,abrupt,4371,2.1855,1,4,25,0,0.019389356,55.993698216999995,120.07406276799156
exact_even_B25,699809,warehouse_small_narrow_kiva,abrupt,4420,2.21,1,25,25,0,0.33588767500000005,61.063493593999986,125.42947552798432
exact_even_G4,699809,warehouse_small_narrow_kiva,abrupt,4334,2.167,1,4,4,0,0.141922971,59.126970803,123.3921188430104
exact_even_G5,699809,warehouse_small_narrow_kiva,abrupt,4653,2.3265,1,5,5,0,0.017322257,59.79324835599996,122.47173326800112
js_cap_G5,699809,warehouse_small_narrow_kiva,abrupt,4469,2.2345,1,5,5,0,0.08638000300000001,58.99214048699999,122.6989625270071
random_G5,699809,warehouse_small_narrow_kiva,abrupt,4756,2.378,1,5,5,0,0.016348327000000003,59.738160129,119.20284271100536
bootstrap_only,699809,warehouse_small_narrow_kiva,recurrent,4127,2.0635,1,0,0,0,0.003496312,62.49033901400003,117.39231289998861
context_memory_B25,699809,warehouse_small_narrow_kiva,recurrent,4360,2.18,1,5,25,0,0.023241799,62.73509669900001,119.80432687001303
context_no_reactivation_B25,699809,warehouse_small_narrow_kiva,recurrent,4345,2.1725,1,5,25,0,0.081713621,59.47751790200002,113.99258472200017
exact_even_B25,699809,warehouse_small_narrow_kiva,recurrent,4300,2.15,1,25,25,0,0.16664925800000002,64.32030298400001,122.12647191100405
exact_even_G4,699809,warehouse_small_narrow_kiva,recurrent,4277,2.1385,1,4,4,0,0.07228931599999999,65.37664991100002,118.52430829498917
exact_even_G5,699809,warehouse_small_narrow_kiva,recurrent,4282,2.141,1,5,5,0,0.021294607,60.760929696,115.61448029900203
js_cap_G5,699809,warehouse_small_narrow_kiva,recurrent,4270,2.135,1,5,5,0,0.021217803,63.169612725999976,116.30594636200112
random_G5,699809,warehouse_small_narrow_kiva,recurrent,4280,2.14,1,5,5,0,0.154241255,65.557193899,119.39554473099997
bootstrap_only,699809,warehouse_small_narrow_kiva,stationary,4082,2.041,1,0,0,0,0.004590133,64.19990457999998,107.81279476499185
context_memory_B25,699809,warehouse_small_narrow_kiva,stationary,4017,2.0085,1,3,25,0,0.07717977999999999,64.846721439,112.59129559900612
context_no_reactivation_B25,699809,warehouse_small_narrow_kiva,stationary,4017,2.0085,1,3,25,0,0.072916545,62.826771713,109.20370045799064
exact_even_B25,699809,warehouse_small_narrow_kiva,stationary,3774,1.887,1,25,25,0,0.3531758850000001,63.39924970499999,113.08689551599673
exact_even_G4,699809,warehouse_small_narrow_kiva,stationary,3894,1.947,1,4,4,0,0.018355385,63.69410791800003,108.5868475419993
exact_even_G5,699809,warehouse_small_narrow_kiva,stationary,3776,1.888,1,5,5,0,0.099692651,62.748828481000004,108.08350589501788
js_cap_G5,699809,warehouse_small_narrow_kiva,stationary,3594,1.797,1,5,5,0,0.021667869000000003,63.120472023,104.80822481299401
random_G5,699809,warehouse_small_narrow_kiva,stationary,3924,1.962,1,5,5,0,0.098427672,61.327989273000036,105.69221293201554
bootstrap_only,713041,warehouse_small_narrow_kiva,abrupt,4079,2.0395,1,0,0,0,0.004618379,61.62538179599999,113.79419135701028
context_memory_B25,713041,warehouse_small_narrow_kiva,abrupt,4434,2.217,1,4,25,0,0.017257864,63.66241571099999,121.41078314901097
context_no_reactivation_B25,713041,warehouse_small_narrow_kiva,abrupt,4434,2.217,1,4,25,0,0.033453159999999996,66.22009895699996,120.60579585898085
exact_even_B25,713041,warehouse_small_narrow_kiva,abrupt,4266,2.133,1,25,25,0,0.150572588,66.27345928900002,122.9955798840092
exact_even_G4,713041,warehouse_small_narrow_kiva,abrupt,4262,2.131,1,4,4,0,0.025832480999999997,63.88940813100004,118.10652814499917
exact_even_G5,713041,warehouse_small_narrow_kiva,abrupt,4297,2.1485,1,5,5,0,0.021235343,62.83904606199998,117.10355887198239
js_cap_G5,713041,warehouse_small_narrow_kiva,abrupt,3764,1.882,1,5,5,0,0.017920797999999998,66.30641938899997,119.22876403501141
random_G5,713041,warehouse_small_narrow_kiva,abrupt,4102,2.051,1,5,5,0,0.16088503,65.02213771200002,119.80570456600981
bootstrap_only,713041,warehouse_small_narrow_kiva,recurrent,4054,2.027,1,0,0,0,0.005141635,56.82923837099998,111.60534226000891
context_memory_B25,713041,warehouse_small_narrow_kiva,recurrent,4025,2.0125,1,4,25,0,0.207157262,59.44222861600001,114.30885801601107
context_no_reactivation_B25,713041,warehouse_small_narrow_kiva,recurrent,4025,2.0125,1,4,25,0,0.024065965,59.51385761100001,116.00580038898624
exact_even_B25,713041,warehouse_small_narrow_kiva,recurrent,4551,2.2755,1,25,25,0,0.3912161149999999,67.029837267,127.19627898200997
exact_even_G4,713041,warehouse_small_narrow_kiva,recurrent,4596,2.298,1,4,4,0,0.07065915800000001,63.307030024999996,117.99881654200726
exact_even_G5,713041,warehouse_small_narrow_kiva,recurrent,4236,2.118,1,5,5,0,0.029200719,62.38555012599999,116.89384164501098
js_cap_G5,713041,warehouse_small_narrow_kiva,recurrent,3849,1.9245,1,5,5,0,0.021682985000000002,60.744950012999986,114.88561842101626
random_G5,713041,warehouse_small_narrow_kiva,recurrent,4125,2.0625,1,5,5,0,0.017506295,56.849296422999984,113.82245563302422
bootstrap_only,713041,warehouse_small_narrow_kiva,stationary,3232,1.616,1,0,0,0,0.003763332,20.349310670999998,38.91176193198771
context_memory_B25,713041,warehouse_small_narrow_kiva,stationary,3186,1.593,1,4,25,0,0.059188349,19.907286105999994,38.42509116200381
context_no_reactivation_B25,713041,warehouse_small_narrow_kiva,stationary,3186,1.593,1,4,25,0,0.016413419000000002,21.803978115000003,42.31832660900545
exact_even_B25,713041,warehouse_small_narrow_kiva,stationary,3720,1.86,1,25,25,0,0.18110609599999997,22.038125948000012,44.32951094998862
exact_even_G4,713041,warehouse_small_narrow_kiva,stationary,3399,1.6995,1,4,4,0,0.015908369,22.145713869000005,43.17166168100084
exact_even_G5,713041,warehouse_small_narrow_kiva,stationary,3344,1.672,1,5,5,0,0.06191630399999999,22.958873450000006,41.637164203013526
js_cap_G5,713041,warehouse_small_narrow_kiva,stationary,3474,1.737,1,5,5,0,0.018806127,23.073661186,43.8916098010086
random_G5,713041,warehouse_small_narrow_kiva,stationary,3449,1.7245,1,5,5,0,0.019387595,23.321473448,45.19145064798067
bootstrap_only,880565,warehouse_small_narrow_kiva,abrupt,4680,2.34,1,0,0,0,0.004266387,65.65847127999999,134.32570838500396
context_memory_B25,880565,warehouse_small_narrow_kiva,abrupt,4775,2.3875,1,5,25,0,0.08579285699999999,63.52866678000001,129.888167238998
context_no_reactivation_B25,880565,warehouse_small_narrow_kiva,abrupt,4786,2.393,1,5,25,0,0.08738493000000001,67.44012946000001,141.9196017840004
exact_even_B25,880565,warehouse_small_narrow_kiva,abrupt,4711,2.3555,1,25,25,0,0.304209309,65.96599804899999,143.17699391100905
exact_even_G4,880565,warehouse_small_narrow_kiva,abrupt,5027,2.5135,1,4,4,0,0.16564092200000002,66.413048572,137.47690578599577
exact_even_G5,880565,warehouse_small_narrow_kiva,abrupt,4492,2.246,1,5,5,0,0.020838631,60.54858370800001,131.71610958399833
js_cap_G5,880565,warehouse_small_narrow_kiva,abrupt,3374,1.687,1,5,5,0,0.091114755,64.91989402000002,135.08582772500813
random_G5,880565,warehouse_small_narrow_kiva,abrupt,4487,2.2435,1,5,5,0,0.24932953400000005,64.37522415300002,135.80106740799965
bootstrap_only,880565,warehouse_small_narrow_kiva,recurrent,3652,1.826,1,0,0,0,0.004785368,59.64951575999999,110.5888448660262
context_memory_B25,880565,warehouse_small_narrow_kiva,recurrent,3635,1.8175,1,5,25,0,0.115602417,61.65625289499997,115.16280331197777
context_no_reactivation_B25,880565,warehouse_small_narrow_kiva,recurrent,3635,1.8175,1,5,25,0,0.023696237999999998,61.18801680399998,118.10086515502189
exact_even_B25,880565,warehouse_small_narrow_kiva,recurrent,3950,1.975,1,25,25,0,0.21760587500000003,59.752721893,115.72323830099776
exact_even_G4,880565,warehouse_small_narrow_kiva,recurrent,3719,1.8595,1,4,4,0,0.014365844999999999,57.930310152000004,116.40461704699555
exact_even_G5,880565,warehouse_small_narrow_kiva,recurrent,3633,1.8165,1,5,5,0,0.092171075,59.36043410300001,113.20970456799841
js_cap_G5,880565,warehouse_small_narrow_kiva,recurrent,4096,2.048,1,5,5,0,0.08622405000000001,63.48969999500003,117.59281202801503
random_G5,880565,warehouse_small_narrow_kiva,recurrent,3950,1.975,1,5,5,0,0.08742592099999999,62.62538468199997,117.09150899501401
bootstrap_only,880565,warehouse_small_narrow_kiva,stationary,3129,1.5645,1,0,0,0,0.002061676,23.627655191000006,41.46321013299166
context_memory_B25,880565,warehouse_small_narrow_kiva,stationary,3375,1.6875,1,4,25,0,0.073753403,23.204417008999986,44.0074337850092
context_no_reactivation_B25,880565,warehouse_small_narrow_kiva,stationary,3333,1.6665,1,3,25,0,0.015227079000000001,22.70804785600001,43.74033150798641
exact_even_B25,880565,warehouse_small_narrow_kiva,stationary,3302,1.651,1,25,25,0,0.080926782,23.229449952999996,44.93991412699688
exact_even_G4,880565,warehouse_small_narrow_kiva,stationary,3390,1.695,1,4,4,0,0.014505436000000002,24.035330305000006,42.399160853005014
exact_even_G5,880565,warehouse_small_narrow_kiva,stationary,3471,1.7355,1,5,5,0,0.060003797,23.503432831000005,44.285689205979
js_cap_G5,880565,warehouse_small_narrow_kiva,stationary,3245,1.6225,1,5,5,0,0.019198565,23.711658560000007,42.81949677001103
random_G5,880565,warehouse_small_narrow_kiva,stationary,3342,1.671,1,5,5,0,0.021379780999999997,23.256669942,43.47616048200871
bootstrap_only,907962,warehouse_small_narrow_kiva,abrupt,3905,1.9525,1,0,0,0,0.003097581,58.097350350999974,115.89133540701005
context_memory_B25,907962,warehouse_small_narrow_kiva,abrupt,4401,2.2005,1,5,25,0,0.027106902000000002,59.17747723099999,119.47576936602127
context_no_reactivation_B25,907962,warehouse_small_narrow_kiva,abrupt,4401,2.2005,1,5,25,0,0.071943368,59.85164948700002,118.26921871298691
exact_even_B25,907962,warehouse_small_narrow_kiva,abrupt,4791,2.3955,1,25,25,0,0.15739762100000004,61.457563920000005,123.40284402301768
exact_even_G4,907962,warehouse_small_narrow_kiva,abrupt,4861,2.4305,1,4,4,0,0.089272524,59.623227932,113.29793759502354
exact_even_G5,907962,warehouse_small_narrow_kiva,abrupt,4217,2.1085,1,5,5,0,0.075659856,61.847829644,119.20104032900417
js_cap_G5,907962,warehouse_small_narrow_kiva,abrupt,3685,1.8425,1,5,5,0,0.021662336000000004,62.58752668400002,119.69523284598836
random_G5,907962,warehouse_small_narrow_kiva,abrupt,4920,2.46,1,5,5,0,0.022431732,62.86922524600002,117.80458370200358
bootstrap_only,907962,warehouse_small_narrow_kiva,recurrent,3930,1.965,1,0,0,0,0.002760076,18.639307507,41.339035054988926
context_memory_B25,907962,warehouse_small_narrow_kiva,recurrent,4542,2.271,1,4,25,0,0.049093592,19.638561565000007,41.24710914900061
context_no_reactivation_B25,907962,warehouse_small_narrow_kiva,recurrent,4542,2.271,1,4,25,0,0.013342602,18.364139117000004,40.799710277002305
exact_even_B25,907962,warehouse_small_narrow_kiva,recurrent,4576,2.288,1,25,25,0,0.18218078000000004,18.002613754,41.780163935007295
exact_even_G4,907962,warehouse_small_narrow_kiva,recurrent,4504,2.252,1,4,4,0,0.012018662999999999,18.493391170999995,42.76555111000198
exact_even_G5,907962,warehouse_small_narrow_kiva,recurrent,4584,2.292,1,5,5,0,0.020161875,18.896609207000004,40.894854042999214
js_cap_G5,907962,warehouse_small_narrow_kiva,recurrent,3800,1.9,1,5,5,0,0.0770647,17.73206081,41.526990079000825
random_G5,907962,warehouse_small_narrow_kiva,recurrent,4248,2.124,1,5,5,0,0.016226176000000002,19.179042992999992,43.063359258987475
bootstrap_only,907962,warehouse_small_narrow_kiva,stationary,3165,1.5825,1,0,0,0,0.003108494,60.85574068399998,101.59627883697976
context_memory_B25,907962,warehouse_small_narrow_kiva,stationary,3327,1.6635,1,3,25,0,0.085041785,61.647994484000016,106.32622139898012
context_no_reactivation_B25,907962,warehouse_small_narrow_kiva,stationary,3327,1.6635,1,3,25,0,0.132066521,60.80636832499998,104.21370780898724
exact_even_B25,907962,warehouse_small_narrow_kiva,stationary,3953,1.9765,1,25,25,0,0.225542038,63.53434147900001,111.79701912699966
exact_even_G4,907962,warehouse_small_narrow_kiva,stationary,3800,1.9,1,4,4,0,0.151816512,62.41784980099997,107.11236478498904
exact_even_G5,907962,warehouse_small_narrow_kiva,stationary,3623,1.8115,1,5,5,0,0.022210435,63.469455481999994,106.00254735501949
js_cap_G5,907962,warehouse_small_narrow_kiva,stationary,3727,1.8635,1,5,5,0,0.02340072,62.31277444,106.39194119401509
random_G5,907962,warehouse_small_narrow_kiva,stationary,4344,2.172,1,5,5,0,0.075601411,62.084695385999986,109.81717517899233
bootstrap_only,934561,warehouse_small_narrow_kiva,abrupt,3792,1.896,1,0,0,0,0.00350595,23.735272406999993,46.78613293997478
context_memory_B25,934561,warehouse_small_narrow_kiva,abrupt,4614,2.307,1,5,25,0,0.018983284,23.228833750000014,47.787974217993906
context_no_reactivation_B25,934561,warehouse_small_narrow_kiva,abrupt,4614,2.307,1,5,25,0,0.017669761,22.959364586,47.88597976102028
exact_even_B25,934561,warehouse_small_narrow_kiva,abrupt,4707,2.3535,1,25,25,0,0.17335709600000002,25.534967977,51.51523438299773
exact_even_G4,934561,warehouse_small_narrow_kiva,abrupt,4416,2.208,1,4,4,0,0.015692608,23.102966752,47.70562082901597
exact_even_G5,934561,warehouse_small_narrow_kiva,abrupt,4764,2.382,1,5,5,0,0.020390639,25.156951233,50.70411109397537
js_cap_G5,934561,warehouse_small_narrow_kiva,abrupt,3993,1.9965,1,5,5,0,0.061398635,23.882053799999998,46.99003556300886
random_G5,934561,warehouse_small_narrow_kiva,abrupt,4268,2.134,1,5,5,0,0.017470568,23.641280343000002,48.11837481299881
bootstrap_only,934561,warehouse_small_narrow_kiva,recurrent,3925,1.9625,1,0,0,0,0.00276818,26.27583604300001,63.222200372983934
context_memory_B25,934561,warehouse_small_narrow_kiva,recurrent,4034,2.017,1,4,25,0,0.013666119,24.672658971,55.74241407998488
context_no_reactivation_B25,934561,warehouse_small_narrow_kiva,recurrent,4034,2.017,1,4,25,0,0.017216266,23.327965502999998,53.432965785003034
exact_even_B25,934561,warehouse_small_narrow_kiva,recurrent,4711,2.3555,1,25,25,0,0.130305462,25.722545799,57.007073565007886
exact_even_G4,934561,warehouse_small_narrow_kiva,recurrent,3902,1.951,1,4,4,0,0.013843345000000002,24.260596591000013,54.473746442003176
exact_even_G5,934561,warehouse_small_narrow_kiva,recurrent,4381,2.1905,1,5,5,0,0.061679513,25.725199543999988,62.12100163201103
js_cap_G5,934561,warehouse_small_narrow_kiva,recurrent,4412,2.206,1,5,5,0,0.018491331,24.679116939,51.533170243987115
random_G5,934561,warehouse_small_narrow_kiva,recurrent,4296,2.148,1,5,5,0,0.019916643,25.855065864999993,62.08038656899589
bootstrap_only,934561,warehouse_small_narrow_kiva,stationary,3269,1.6345,1,0,0,0,0.00597183,23.522793457,44.65560502797598
context_memory_B25,934561,warehouse_small_narrow_kiva,stationary,3425,1.7125,1,4,25,0,0.018953455,23.07164781099999,44.13423979000072
context_no_reactivation_B25,934561,warehouse_small_narrow_kiva,stationary,3425,1.7125,1,4,25,0,0.019728940000000004,22.692704347999996,42.95183761700173
exact_even_B25,934561,warehouse_small_narrow_kiva,stationary,3248,1.624,1,25,25,0,0.21011278700000005,23.740449331999997,47.60616573598236
exact_even_G4,934561,warehouse_small_narrow_kiva,stationary,3179,1.5895,1,4,4,0,0.018643187000000002,22.68253015300001,44.43271169200307
exact_even_G5,934561,warehouse_small_narrow_kiva,stationary,3381,1.6905,1,5,5,0,0.020296032000000002,22.823082313999993,44.41889648497454
js_cap_G5,934561,warehouse_small_narrow_kiva,stationary,3582,1.791,1,5,5,0,0.06564175700000001,23.820898886999995,44.28755180400913
random_G5,934561,warehouse_small_narrow_kiva,stationary,3456,1.728,1,5,5,0,0.061201286,23.806670643,44.736013064015424
bootstrap_only,954705,warehouse_small_narrow_kiva,abrupt,4415,2.2075,1,0,0,0,0.002983222,60.982036017,114.58956904898514
context_memory_B25,954705,warehouse_small_narrow_kiva,abrupt,4391,2.1955,1,5,25,0,0.039760728,59.13266045400003,114.6278762689908
context_no_reactivation_B25,954705,warehouse_small_narrow_kiva,abrupt,4391,2.1955,1,5,25,0,0.02081266,58.44805656799999,115.99042579499655
exact_even_B25,954705,warehouse_small_narrow_kiva,abrupt,3781,1.8905,1,25,25,0,0.220771778,59.880117047000006,118.61908276798204
exact_even_G4,954705,warehouse_small_narrow_kiva,abrupt,4250,2.125,1,4,4,0,0.15087632899999998,60.68588562899996,115.40150264001568
exact_even_G5,954705,warehouse_small_narrow_kiva,abrupt,4122,2.061,1,5,5,0,0.08256180099999999,60.48154255800002,115.78976163300104
js_cap_G5,954705,warehouse_small_narrow_kiva,abrupt,4026,2.013,1,5,5,0,0.083012448,59.195544365,115.81818416301394
random_G5,954705,warehouse_small_narrow_kiva,abrupt,4031,2.0155,1,5,5,0,0.020813852,58.494609835000006,114.61022750398843
bootstrap_only,954705,warehouse_small_narrow_kiva,recurrent,4321,2.1605,1,0,0,0,0.006725807,73.627401246,142.81768817998818
context_memory_B25,954705,warehouse_small_narrow_kiva,recurrent,4482,2.241,1,5,25,0,0.028033406000000004,75.54589327,150.48431252801674
context_no_reactivation_B25,954705,warehouse_small_narrow_kiva,recurrent,4482,2.241,1,5,25,0,0.027671711999999998,72.43257139700002,142.09789565298706
exact_even_B25,954705,warehouse_small_narrow_kiva,recurrent,4780,2.39,1,25,25,0,0.540938279,72.534242513,149.10829983398435
exact_even_G4,954705,warehouse_small_narrow_kiva,recurrent,4553,2.2765,1,4,4,0,0.084798107,72.29096585399999,142.71398071400472
exact_even_G5,954705,warehouse_small_narrow_kiva,recurrent,4433,2.2165,1,5,5,0,0.10479290200000001,68.515524939,139.59849186398787
js_cap_G5,954705,warehouse_small_narrow_kiva,recurrent,3666,1.833,1,5,5,0,0.019948149,63.156886862,124.89232758799335
random_G5,954705,warehouse_small_narrow_kiva,recurrent,4527,2.2635,1,5,5,0,0.02015463,72.800574457,142.99600047201966
bootstrap_only,954705,warehouse_small_narrow_kiva,stationary,3084,1.542,1,0,0,0,0.003066768,62.630641666999985,104.80530471800012
context_memory_B25,954705,warehouse_small_narrow_kiva,stationary,3469,1.7345,1,3,25,0,0.084346984,58.727646886,105.05050981699605
context_no_reactivation_B25,954705,warehouse_small_narrow_kiva,stationary,3469,1.7345,1,3,25,0,0.123836838,60.84228686800001,104.80919363698922
exact_even_B25,954705,warehouse_small_narrow_kiva,stationary,3528,1.764,1,25,25,0,0.14271324400000002,59.92862407999998,107.0089559389744
exact_even_G4,954705,warehouse_small_narrow_kiva,stationary,3583,1.7915,1,4,4,0,0.015460909,62.144102265000015,104.59574791998602
exact_even_G5,954705,warehouse_small_narrow_kiva,stationary,3450,1.725,1,5,5,0,0.030445088,60.05485478000003,104.87750202300958
js_cap_G5,954705,warehouse_small_narrow_kiva,stationary,3503,1.7515,1,5,5,0,0.022359657,58.988867538,104.19414125400363
random_G5,954705,warehouse_small_narrow_kiva,stationary,3517,1.7585,1,5,5,0,0.034262767,58.645380204,101.90086002001772
bootstrap_only,962860,warehouse_small_narrow_kiva,abrupt,3942,1.971,1,0,0,0,0.0030298,25.308694627999987,50.31675410299795
context_memory_B25,962860,warehouse_small_narrow_kiva,abrupt,3966,1.983,1,4,25,0,0.016774444,24.593666984,49.50743342502392
context_no_reactivation_B25,962860,warehouse_small_narrow_kiva,abrupt,3966,1.983,1,4,25,0,0.070516784,23.176803131999996,48.224108922004234
exact_even_B25,962860,warehouse_small_narrow_kiva,abrupt,4539,2.2695,1,25,25,0,0.134511627,23.186061455999994,48.532161585986614
exact_even_G4,962860,warehouse_small_narrow_kiva,abrupt,4244,2.122,1,4,4,0,0.06699305100000001,24.90514495500001,48.45255780799198
exact_even_G5,962860,warehouse_small_narrow_kiva,abrupt,4743,2.3715,1,5,5,0,0.065577387,24.935206854,49.08908744098153
js_cap_G5,962860,warehouse_small_narrow_kiva,abrupt,4666,2.333,1,5,5,0,0.015365888000000001,23.890269339000007,49.46967298601521
random_G5,962860,warehouse_small_narrow_kiva,abrupt,3982,1.991,1,5,5,0,0.061818382000000005,23.853736619999996,48.51506244199118
bootstrap_only,962860,warehouse_small_narrow_kiva,recurrent,4464,2.232,1,0,0,0,0.006905281,68.79904073399999,139.0078747679945
context_memory_B25,962860,warehouse_small_narrow_kiva,recurrent,4518,2.259,1,4,25,0,0.016394497,68.293122149,142.72012686400558
context_no_reactivation_B25,962860,warehouse_small_narrow_kiva,recurrent,4518,2.259,1,4,25,0,0.099842392,68.73357168800003,142.3037377279834
exact_even_B25,962860,warehouse_small_narrow_kiva,recurrent,4075,2.0375,1,25,25,0,0.314618793,69.30916301200001,139.30112327900133
exact_even_G4,962860,warehouse_small_narrow_kiva,recurrent,4572,2.286,1,4,4,0,0.09037012300000001,69.40746334099998,139.50406274598208
exact_even_G5,962860,warehouse_small_narrow_kiva,recurrent,4263,2.1315,1,5,5,0,0.106922933,67.430967078,141.51125414299895
js_cap_G5,962860,warehouse_small_narrow_kiva,recurrent,4045,2.0225,1,5,5,0,0.10001067400000001,68.02457753199998,139.51034545700531
random_G5,962860,warehouse_small_narrow_kiva,recurrent,4172,2.086,1,5,5,0,0.16307638500000005,68.81562801900002,142.8943715749774
bootstrap_only,962860,warehouse_small_narrow_kiva,stationary,3352,1.676,1,0,0,0,0.006126707,22.840414042999992,43.48446299601346
context_memory_B25,962860,warehouse_small_narrow_kiva,stationary,3278,1.639,1,3,25,0,0.012189433999999999,23.364075258,44.31519733800087
context_no_reactivation_B25,962860,warehouse_small_narrow_kiva,stationary,3278,1.639,1,3,25,0,0.013790108,24.062999203000007,42.42979772700346
exact_even_B25,962860,warehouse_small_narrow_kiva,stationary,3097,1.5485,1,25,25,0,0.11851674900000002,22.464163426000002,44.79803110699868
exact_even_G4,962860,warehouse_small_narrow_kiva,stationary,3046,1.523,1,4,4,0,0.056826524999999996,22.748872415000005,42.18496363700251
exact_even_G5,962860,warehouse_small_narrow_kiva,stationary,3158,1.579,1,5,5,0,0.10344578800000001,22.513751713000005,41.97330263600452
js_cap_G5,962860,warehouse_small_narrow_kiva,stationary,3161,1.5805,1,5,5,0,0.019564522,23.19855194100001,41.60031700099353
random_G5,962860,warehouse_small_narrow_kiva,stationary,3176,1.588,1,5,5,0,0.022934284000000003,23.435550432000007,42.383273621002445
