method,seed,map_id,workload,num_task_finished,throughput_per_timestep,mandatory_bootstrap_calls,post_bootstrap_publication_count,publication_budget,budget_violation_count,generator_seconds,simulator_seconds,elapsed_seconds
bootstrap_only,113743,warehouse_small_kiva,abrupt,5717,2.8585,1,0,0,0,0.072052953,83.50919621300001,148.5798795929877
context_memory_B25,113743,warehouse_small_kiva,abrupt,6886,3.443,1,5,25,0,0.067170019,79.66852749400002,145.12144420098048
context_no_reactivation_B25,113743,warehouse_small_kiva,abrupt,6920,3.46,1,4,25,0,0.018257199,83.67585421500002,146.69627883200883
exact_even_B25,113743,warehouse_small_kiva,abrupt,6591,3.2955,1,25,25,0,0.4437568539999999,82.62593825799998,149.89652688099886
exact_even_G4,113743,warehouse_small_kiva,abrupt,6599,3.2995,1,4,4,0,0.08994505200000001,82.608551193,146.97705119501916
exact_even_G5,113743,warehouse_small_kiva,abrupt,6406,3.203,1,5,5,0,0.023185831999999996,81.114331058,147.3188160410209
js_cap_G5,113743,warehouse_small_kiva,abrupt,6212,3.106,1,5,5,0,0.09586223400000002,81.82881711700006,148.58742245199392
random_G5,113743,warehouse_small_kiva,abrupt,6367,3.1835,1,5,5,0,0.09273312,80.121969744,143.59868707502028
bootstrap_only,113743,warehouse_small_kiva,recurrent,4447,2.2235,1,0,0,0,0.004186702,27.769985396000006,52.21784708200721
context_memory_B25,113743,warehouse_small_kiva,recurrent,5386,2.693,1,5,25,0,0.011649729000000001,27.603524038000007,51.86491380800726
context_no_reactivation_B25,113743,warehouse_small_kiva,recurrent,5398,2.699,1,5,25,0,0.014189200999999999,27.874641643000004,51.75599286600482
exact_even_B25,113743,warehouse_small_kiva,recurrent,5702,2.851,1,25,25,0,0.21649063799999999,27.491001062999995,54.618049057986354
exact_even_G4,113743,warehouse_small_kiva,recurrent,5023,2.5115,1,4,4,0,0.013336644,26.897731394999997,49.002692890993785
exact_even_G5,113743,warehouse_small_kiva,recurrent,5261,2.6305,1,5,5,0,0.01637756,27.997823654999994,50.39422581100371
js_cap_G5,113743,warehouse_small_kiva,recurrent,4946,2.473,1,5,5,0,0.020664173,26.832076764999996,48.913872567994986
random_G5,113743,warehouse_small_kiva,recurrent,4691,2.3455,1,5,5,0,0.019826038,26.088145857000004,49.8028664419835
bootstrap_only,113743,warehouse_small_kiva,stationary,4360,2.18,1,0,0,0,0.004097888,76.540742442,125.6893308510189
context_memory_B25,113743,warehouse_small_kiva,stationary,4493,2.2465,1,3,25,0,0.015536119,77.12064376400002,127.6825100040005
context_no_reactivation_B25,113743,warehouse_small_kiva,stationary,4493,2.2465,1,3,25,0,0.015439007,76.02969480999998,132.40462231100537
exact_even_B25,113743,warehouse_small_kiva,stationary,4396,2.198,1,25,25,0,0.304487655,75.69114097500004,129.00350347699714
exact_even_G4,113743,warehouse_small_kiva,stationary,4213,2.1065,1,4,4,0,0.020004301000000002,80.046501518,133.81643278500997
exact_even_G5,113743,warehouse_small_kiva,stationary,4223,2.1115,1,5,5,0,0.095721238,78.29074489,130.89317946101073
js_cap_G5,113743,warehouse_small_kiva,stationary,4145,2.0725,1,5,5,0,0.10500529599999998,75.480694225,130.62241237598937
random_G5,113743,warehouse_small_kiva,stationary,3933,1.9665,1,5,5,0,0.091395752,74.62024205000004,127.22435933898669
bootstrap_only,115950,warehouse_small_kiva,abrupt,6709,3.3545,1,0,0,0,0.003519256,70.530348451,132.6099211119872
context_memory_B25,115950,warehouse_small_kiva,abrupt,7241,3.6205,1,7,25,0,0.089726934,68.554351674,129.5973318059987
context_no_reactivation_B25,115950,warehouse_small_kiva,abrupt,7242,3.621,1,7,25,0,0.10717680699999997,77.42490452999999,141.36117315699812
exact_even_B25,115950,warehouse_small_kiva,abrupt,7077,3.5385,1,25,25,0,0.26270880700000004,73.33753445399998,136.20891201798804
exact_even_G4,115950,warehouse_small_kiva,abrupt,6359,3.1795,1,4,4,0,0.076965095,72.59847048599998,136.81602688602288
exact_even_G5,115950,warehouse_small_kiva,abrupt,6888,3.444,1,5,5,0,0.04065951600000001,74.42302471600001,136.98216164001497
js_cap_G5,115950,warehouse_small_kiva,abrupt,6668,3.334,1,5,5,0,0.024702908,75.58827878800001,135.47922174600535
random_G5,115950,warehouse_small_kiva,abrupt,6684,3.342,1,5,5,0,0.098980813,71.02413147000001,131.6891099869972
bootstrap_only,115950,warehouse_small_kiva,recurrent,5151,2.5755,1,0,0,0,0.005480946,76.65663318200001,136.40461531700566
context_memory_B25,115950,warehouse_small_kiva,recurrent,5477,2.7385,1,5,25,0,0.017674857000000002,82.59262283100001,144.09733392001363
context_no_reactivation_B25,115950,warehouse_small_kiva,recurrent,5489,2.7445,1,5,25,0,0.020977368000000003,78.40899654100005,144.97641633701278
exact_even_B25,115950,warehouse_small_kiva,recurrent,5872,2.936,1,25,25,0,0.3795920590000001,79.94322969000001,149.31590206699912
exact_even_G4,115950,warehouse_small_kiva,recurrent,5097,2.5485,1,4,4,0,0.085638966,76.78744478699998,136.70683413400548
exact_even_G5,115950,warehouse_small_kiva,recurrent,5535,2.7675,1,5,5,0,0.08892871900000002,82.13367715300004,144.49838892699336
js_cap_G5,115950,warehouse_small_kiva,recurrent,5897,2.9485,1,5,5,0,0.15964064199999997,77.91253904700002,138.52228699301486
random_G5,115950,warehouse_small_kiva,recurrent,5613,2.8065,1,5,5,0,0.020813143,80.35985657500004,144.99182391000795
bootstrap_only,115950,warehouse_small_kiva,stationary,3858,1.929,1,0,0,0,0.005097071,77.73734930499998,127.31732049101265
context_memory_B25,115950,warehouse_small_kiva,stationary,4066,2.033,1,3,25,0,0.08363015800000001,80.53705521100001,138.20199903499451
context_no_reactivation_B25,115950,warehouse_small_kiva,stationary,4066,2.033,1,3,25,0,0.160722732,80.901943498,135.00734103299328
exact_even_B25,115950,warehouse_small_kiva,stationary,3994,1.997,1,25,25,0,0.363336775,80.796902418,136.52160547598032
exact_even_G4,115950,warehouse_small_kiva,stationary,3765,1.8825,1,4,4,0,0.091737529,79.88175423199998,131.99922913100454
exact_even_G5,115950,warehouse_small_kiva,stationary,3866,1.933,1,5,5,0,0.177221005,79.48694881600004,132.9005710420024
js_cap_G5,115950,warehouse_small_kiva,stationary,4092,2.046,1,5,5,0,0.019188792,78.23550882900001,133.50787238101475
random_G5,115950,warehouse_small_kiva,stationary,3922,1.961,1,5,5,0,0.23338544,77.38023633999998,129.40329687297344
bootstrap_only,130998,warehouse_small_kiva,abrupt,5971,2.9855,1,0,0,0,0.008315593,71.347348559,120.98009059901233
context_memory_B25,130998,warehouse_small_kiva,abrupt,6646,3.323,1,6,25,0,0.190783348,72.93309380400002,126.82055852300255
context_no_reactivation_B25,130998,warehouse_small_kiva,abrupt,6646,3.323,1,6,25,0,0.07414328199999999,70.801377902,126.78971151798032
exact_even_B25,130998,warehouse_small_kiva,abrupt,7411,3.7055,1,25,25,0,0.339141302,72.829663644,131.30728271201951
exact_even_G4,130998,warehouse_small_kiva,abrupt,6684,3.342,1,4,4,0,0.091045743,70.41497187600001,121.59683428198332
exact_even_G5,130998,warehouse_small_kiva,abrupt,7126,3.563,1,5,5,0,0.09093698400000001,73.48234355400001,124.29878292701324
js_cap_G5,130998,warehouse_small_kiva,abrupt,6230,3.115,1,5,5,0,0.016960424999999998,68.93656057299998,124.51751915802015
random_G5,130998,warehouse_small_kiva,abrupt,6627,3.3135,1,5,5,0,0.098812075,71.12372044499999,123.10349314601626
bootstrap_only,130998,warehouse_small_kiva,recurrent,5556,2.778,1,0,0,0,0.007240227,79.672866723,142.79760484799044
context_memory_B25,130998,warehouse_small_kiva,recurrent,5331,2.6655,1,4,25,0,0.018798758,82.93472912299998,146.0925522710022
context_no_reactivation_B25,130998,warehouse_small_kiva,recurrent,5331,2.6655,1,4,25,0,0.016399088,81.60455539899996,142.87361924600555
exact_even_B25,130998,warehouse_small_kiva,recurrent,5988,2.994,1,25,25,0,0.227607494,85.11001841399995,149.42152678401908
exact_even_G4,130998,warehouse_small_kiva,recurrent,5423,2.7115,1,4,4,0,0.020755240999999997,84.04844372299998,148.81615913001588
exact_even_G5,130998,warehouse_small_kiva,recurrent,5437,2.7185,1,5,5,0,0.024418548999999998,82.79598938400001,147.59819602701464
js_cap_G5,130998,warehouse_small_kiva,recurrent,5330,2.665,1,5,5,0,0.15836101700000002,83.77352206200001,148.31840362900402
random_G5,130998,warehouse_small_kiva,recurrent,5812,2.906,1,5,5,0,0.09285963,79.70258901300001,137.20383629598655
bootstrap_only,130998,warehouse_small_kiva,stationary,2877,1.4385,1,0,0,0,0.003064088,13.293718248000006,25.812634357018396
context_memory_B25,130998,warehouse_small_kiva,stationary,3447,1.7235,1,3,25,0,0.010433114,15.095163784999997,27.458841195999412
context_no_reactivation_B25,130998,warehouse_small_kiva,stationary,3447,1.7235,1,3,25,0,0.010763742,13.903297797,26.743541665986413
exact_even_B25,130998,warehouse_small_kiva,stationary,3575,1.7875,1,25,25,0,0.06655536499999998,17.441545816,33.858324865985196
exact_even_G4,130998,warehouse_small_kiva,stationary,3298,1.649,1,4,4,0,0.014720189000000002,14.447451729000004,27.106191786995623
exact_even_G5,130998,warehouse_small_kiva,stationary,3176,1.588,1,5,5,0,0.046390251,16.95718400600001,30.020114896004088
js_cap_G5,130998,warehouse_small_kiva,stationary,3516,1.758,1,5,5,0,0.014958845,15.25696486300001,29.081497168983333
random_G5,130998,warehouse_small_kiva,stationary,3458,1.729,1,5,5,0,0.019136636,13.891008045999996,26.729334654984996
bootstrap_only,152753,warehouse_small_kiva,abrupt,6469,3.2345,1,0,0,0,0.003264576,73.47551012499997,128.53069870499894
context_memory_B25,152753,warehouse_small_kiva,abrupt,6689,3.3445,1,7,25,0,0.027369782,74.59990349499998,127.69747505898704
context_no_reactivation_B25,152753,warehouse_small_kiva,abrupt,6695,3.3475,1,7,25,0,0.08403830899999999,70.196521233,127.86748658600845
exact_even_B25,152753,warehouse_small_kiva,abrupt,7218,3.609,1,25,25,0,0.3045637520000001,72.30668401500002,127.80150729999878
exact_even_G4,152753,warehouse_small_kiva,abrupt,7055,3.5275,1,4,4,0,0.099630193,76.03861911300002,130.27343345800182
exact_even_G5,152753,warehouse_small_kiva,abrupt,6355,3.1775,1,5,5,0,0.09603208199999999,71.836782994,120.47555136599112
js_cap_G5,152753,warehouse_small_kiva,abrupt,5810,2.905,1,5,5,0,0.029855628000000002,66.66228386499999,118.48547374198097
random_G5,152753,warehouse_small_kiva,abrupt,7134,3.567,1,5,5,0,0.06945073099999999,73.498791897,125.0905149539758
bootstrap_only,152753,warehouse_small_kiva,recurrent,4098,2.049,1,0,0,0,0.003179092,67.28546103399997,117.1112191809807
context_memory_B25,152753,warehouse_small_kiva,recurrent,4821,2.4105,1,4,25,0,0.023159126999999998,68.218510196,121.87462649599183
context_no_reactivation_B25,152753,warehouse_small_kiva,recurrent,4821,2.4105,1,4,25,0,0.016320306,71.125901948,123.48739379399922
exact_even_B25,152753,warehouse_small_kiva,recurrent,4028,2.014,1,25,25,0,0.14533855199999998,65.25341734999998,123.01215773398872
exact_even_G4,152753,warehouse_small_kiva,recurrent,4415,2.2075,1,4,4,0,0.026574247,68.25921563200002,120.68756560399197
exact_even_G5,152753,warehouse_small_kiva,recurrent,3542,1.771,1,5,5,0,0.024784738,65.67145661200001,113.293354369991
js_cap_G5,152753,warehouse_small_kiva,recurrent,3611,1.8055,1,5,5,0,0.08995441800000001,68.65528529699998,119.43526109799859
random_G5,152753,warehouse_small_kiva,recurrent,4010,2.005,1,5,5,0,0.21335417699999998,64.462301387,115.10121790101402
bootstrap_only,152753,warehouse_small_kiva,stationary,3115,1.5575,1,0,0,0,0.003244538,25.960860169000004,46.21423240902368
context_memory_B25,152753,warehouse_small_kiva,stationary,3057,1.5285,1,3,25,0,0.101543105,26.039656962,45.90972524299286
context_no_reactivation_B25,152753,warehouse_small_kiva,stationary,3057,1.5285,1,3,25,0,0.012574733000000001,24.585147257999996,46.41510908599594
exact_even_B25,152753,warehouse_small_kiva,stationary,3106,1.553,1,25,25,0,0.15874310600000002,26.148720825999995,47.61104750301456
exact_even_G4,152753,warehouse_small_kiva,stationary,2919,1.4595,1,4,4,0,0.014321826999999999,25.197458089999998,44.77069421598571
exact_even_G5,152753,warehouse_small_kiva,stationary,3031,1.5155,1,5,5,0,0.015549960000000002,24.67518977599999,44.787647541001206
js_cap_G5,152753,warehouse_small_kiva,stationary,2999,1.4995,1,5,5,0,0.021064177,25.264342430000003,45.22757663700031
random_G5,152753,warehouse_small_kiva,stationary,3122,1.561,1,5,5,0,0.019203486,24.68902439100001,44.69305162600358
bootstrap_only,175381,warehouse_small_kiva,abrupt,5511,2.7555,1,0,0,0,0.005201886,81.16257785099997,144.7932855959807
context_memory_B25,175381,warehouse_small_kiva,abrupt,6097,3.0485,1,5,25,0,0.089057022,82.99696778400003,154.6069288730214
context_no_reactivation_B25,175381,warehouse_small_kiva,abrupt,6115,3.0575,1,5,25,0,0.085264233,77.71074542800004,142.7912981249974
exact_even_B25,175381,warehouse_small_kiva,abrupt,6585,3.2925,1,25,25,0,0.463661839,84.15025210199995,147.69063309099874
exact_even_G4,175381,warehouse_small_kiva,abrupt,5942,2.971,1,4,4,0,0.08935395000000002,81.19738022799993,144.52017236399115
exact_even_G5,175381,warehouse_small_kiva,abrupt,5734,2.867,1,5,5,0,0.025126542,80.29782789199997,147.1008039219887
js_cap_G5,175381,warehouse_small_kiva,abrupt,5856,2.928,1,5,5,0,0.162952466,80.88059828099999,147.02516425799695
random_G5,175381,warehouse_small_kiva,abrupt,5904,2.952,1,5,5,0,0.090988219,80.41221011699999,142.60787537999568
bootstrap_only,175381,warehouse_small_kiva,recurrent,6260,3.13,1,0,0,0,0.003803926,73.46443423799997,123.5203329299984
context_memory_B25,175381,warehouse_small_kiva,recurrent,6474,3.237,1,4,25,0,0.011043133,76.833675083,127.08634339598939
context_no_reactivation_B25,175381,warehouse_small_kiva,recurrent,6580,3.29,1,4,25,0,0.082031917,76.26095688299998,125.78746264398796
exact_even_B25,175381,warehouse_small_kiva,recurrent,6431,3.2155,1,25,25,0,0.15747856500000001,74.51951987899997,129.47824033600045
exact_even_G4,175381,warehouse_small_kiva,recurrent,6386,3.193,1,4,4,0,0.079776458,76.65626534299999,125.2865521349886
exact_even_G5,175381,warehouse_small_kiva,recurrent,6111,3.0555,1,5,5,0,0.088004466,75.18776443300001,126.62310803899891
js_cap_G5,175381,warehouse_small_kiva,recurrent,6288,3.144,1,5,5,0,0.08662040500000001,74.98942489600002,125.3896671399998
random_G5,175381,warehouse_small_kiva,recurrent,6415,3.2075,1,5,5,0,0.018015942,76.26738715799999,125.19516219900106
bootstrap_only,175381,warehouse_small_kiva,stationary,5859,2.9295,1,0,0,0,0.005869607,79.21978903200005,133.4956596819975
context_memory_B25,175381,warehouse_small_kiva,stationary,5752,2.876,1,4,25,0,0.087063961,84.96718841100001,142.31479366499116
context_no_reactivation_B25,175381,warehouse_small_kiva,stationary,5752,2.876,1,4,25,0,0.086842064,80.863232243,136.4835529810225
exact_even_B25,175381,warehouse_small_kiva,stationary,5401,2.7005,1,25,25,0,0.38040041700000005,80.21114341700002,138.88100366899744
exact_even_G4,175381,warehouse_small_kiva,stationary,5938,2.969,1,4,4,0,0.019190837000000002,81.784535254,137.19066478998866
exact_even_G5,175381,warehouse_small_kiva,stationary,5689,2.8445,1,5,5,0,0.09748511100000001,81.10277541399995,136.70541850099107
js_cap_G5,175381,warehouse_small_kiva,stationary,5207,2.6035,1,5,5,0,0.029761411,82.44477068600004,137.17982004300575
random_G5,175381,warehouse_small_kiva,stationary,5724,2.862,1,5,5,0,0.28946003200000003,81.51590868000005,136.20769807399483
bootstrap_only,190142,warehouse_small_kiva,abrupt,5785,2.8925,1,0,0,0,0.073186149,78.52104097499999,141.49173227400752
context_memory_B25,190142,warehouse_small_kiva,abrupt,5983,2.9915,1,4,25,0,0.091176859,80.03525924199995,148.70047345699277
context_no_reactivation_B25,190142,warehouse_small_kiva,abrupt,5983,2.9915,1,4,25,0,0.017794989,79.28344492400001,141.61829332899651
exact_even_B25,190142,warehouse_small_kiva,abrupt,6194,3.097,1,25,25,0,0.08980937099999997,84.25753962599998,154.19750579001266
exact_even_G4,190142,warehouse_small_kiva,abrupt,6074,3.037,1,4,4,0,0.084439367,80.43677069,145.4130962229974
exact_even_G5,190142,warehouse_small_kiva,abrupt,5921,2.9605,1,5,5,0,0.022272625,83.37852173699999,152.5928477270063
js_cap_G5,190142,warehouse_small_kiva,abrupt,5644,2.822,1,5,5,0,0.095909446,78.14907102499998,144.49422808198142
random_G5,190142,warehouse_small_kiva,abrupt,5694,2.847,1,5,5,0,0.10456508399999999,80.54333024599997,148.5005949420156
bootstrap_only,190142,warehouse_small_kiva,recurrent,6759,3.3795,1,0,0,0,0.019858858,70.654986542,121.22298412799137
context_memory_B25,190142,warehouse_small_kiva,recurrent,6354,3.177,1,4,25,0,0.077731943,75.69465626799997,124.29789827601053
context_no_reactivation_B25,190142,warehouse_small_kiva,recurrent,6401,3.2005,1,4,25,0,0.021354792999999997,73.21063431999998,124.68100049599889
exact_even_B25,190142,warehouse_small_kiva,recurrent,6570,3.285,1,25,25,0,0.359714462,73.09498413499999,126.20050660299603
exact_even_G4,190142,warehouse_small_kiva,recurrent,6394,3.197,1,4,4,0,0.07880667899999999,73.19546073400006,120.97666649398161
exact_even_G5,190142,warehouse_small_kiva,recurrent,6540,3.27,1,5,5,0,0.200206675,72.74874493,118.87561538399314
js_cap_G5,190142,warehouse_small_kiva,recurrent,6776,3.388,1,5,5,0,0.020297952,76.10864742499999,126.89690124799381
random_G5,190142,warehouse_small_kiva,recurrent,6618,3.309,1,5,5,0,0.08606669,76.81597754399996,124.41464323201217
bootstrap_only,190142,warehouse_small_kiva,stationary,3584,1.792,1,0,0,0,0.003966795,72.52642741700001,115.49672536397702
context_memory_B25,190142,warehouse_small_kiva,stationary,3644,1.822,1,3,25,0,0.015260679999999999,72.56842800300001,115.49325587897329
context_no_reactivation_B25,190142,warehouse_small_kiva,stationary,3644,1.822,1,3,25,0,0.083634394,71.197423289,115.95248340899707
exact_even_B25,190142,warehouse_small_kiva,stationary,3764,1.882,1,25,25,0,0.138973117,68.17132820499998,117.30533878499409
exact_even_G4,190142,warehouse_small_kiva,stationary,3586,1.793,1,4,4,0,0.038695497999999995,67.09915702900001,109.62024299800396
exact_even_G5,190142,warehouse_small_kiva,stationary,3634,1.817,1,5,5,0,0.101539914,69.464406859,113.20786651599337
js_cap_G5,190142,warehouse_small_kiva,stationary,3759,1.8795,1,5,5,0,0.090079869,68.50706798200001,110.51627134799492
random_G5,190142,warehouse_small_kiva,stationary,3377,1.6885,1,5,5,0,0.020747614999999997,65.62684073700001,109.41405713401036
bootstrap_only,204011,warehouse_small_kiva,abrupt,5080,2.54,1,0,0,0,0.061667896,71.97704469400003,121.12376671598759
context_memory_B25,204011,warehouse_small_kiva,abrupt,6485,3.2425,1,6,25,0,0.07348057,73.83177028599997,126.28087309899274
context_no_reactivation_B25,204011,warehouse_small_kiva,abrupt,6564,3.282,1,5,25,0,0.017452965,73.67811831899999,125.38996918100747
exact_even_B25,204011,warehouse_small_kiva,abrupt,6637,3.3185,1,25,25,0,0.231979336,72.940380214,126.49332938398584
exact_even_G4,204011,warehouse_small_kiva,abrupt,5934,2.967,1,4,4,0,0.016776740999999998,73.81954083399997,121.99367034700117
exact_even_G5,204011,warehouse_small_kiva,abrupt,6462,3.231,1,5,5,0,0.07026862299999999,74.14497884800004,122.29010768601438
js_cap_G5,204011,warehouse_small_kiva,abrupt,5879,2.9395,1,5,5,0,0.025406187,74.05542668999996,124.98790567700053
random_G5,204011,warehouse_small_kiva,abrupt,5564,2.782,1,5,5,0,0.014480351,73.14019805499998,122.39829804000328
bootstrap_only,204011,warehouse_small_kiva,recurrent,5171,2.5855,1,0,0,0,0.003265518,70.93051089099998,120.68287549700472
context_memory_B25,204011,warehouse_small_kiva,recurrent,6275,3.1375,1,4,25,0,0.079105157,79.10397740800002,131.1706701979856
context_no_reactivation_B25,204011,warehouse_small_kiva,recurrent,6300,3.15,1,4,25,0,0.017811043999999998,75.69216856,126.98054621499614
exact_even_B25,204011,warehouse_small_kiva,recurrent,6306,3.153,1,25,25,0,0.19173565400000003,68.04846458799999,120.79571944300551
exact_even_G4,204011,warehouse_small_kiva,recurrent,6150,3.075,1,4,4,0,0.175031252,69.43373452799999,118.99111933499807
exact_even_G5,204011,warehouse_small_kiva,recurrent,6286,3.143,1,5,5,0,0.043427507000000004,75.577528679,125.08500841099885
js_cap_G5,204011,warehouse_small_kiva,recurrent,4689,2.3445,1,5,5,0,0.024687543000000003,73.27775965699999,122.62037662800867
random_G5,204011,warehouse_small_kiva,recurrent,5505,2.7525,1,5,5,0,0.100461461,74.65103746300002,124.91188944599708
bootstrap_only,204011,warehouse_small_kiva,stationary,3357,1.6785,1,0,0,0,0.003200824,72.70272919300001,112.41170459901332
context_memory_B25,204011,warehouse_small_kiva,stationary,3488,1.744,1,3,25,0,0.07345797000000001,72.50661002200002,113.697233607003
context_no_reactivation_B25,204011,warehouse_small_kiva,stationary,3488,1.744,1,3,25,0,0.073096289,73.925882381,116.28337570501026
exact_even_B25,204011,warehouse_small_kiva,stationary,3522,1.761,1,25,25,0,0.2797654459999999,67.05630334599998,115.36394521797774
exact_even_G4,204011,warehouse_small_kiva,stationary,3394,1.697,1,4,4,0,0.08150435,72.587404025,113.52736482198816
exact_even_G5,204011,warehouse_small_kiva,stationary,3627,1.8135,1,5,5,0,0.08468856500000001,65.43613805000003,106.16904913602048
js_cap_G5,204011,warehouse_small_kiva,stationary,3671,1.8355,1,5,5,0,0.019426255,71.69230280199999,114.06854144501267
random_G5,204011,warehouse_small_kiva,stationary,3523,1.7615,1,5,5,0,0.08740777099999998,69.68816188100001,114.0830067289935
bootstrap_only,253714,warehouse_small_kiva,abrupt,6459,3.2295,1,0,0,0,0.074467309,72.91137757600002,124.82364721500198
context_memory_B25,253714,warehouse_small_kiva,abrupt,6638,3.319,1,5,25,0,0.13277687700000002,74.54048980699999,124.90446328098187
context_no_reactivation_B25,253714,warehouse_small_kiva,abrupt,6638,3.319,1,5,25,0,0.019174403,75.16359326699998,129.41251874499721
exact_even_B25,253714,warehouse_small_kiva,abrupt,6807,3.4035,1,25,25,0,0.14295459099999994,76.104993006,130.3237089610193
exact_even_G4,253714,warehouse_small_kiva,abrupt,6327,3.1635,1,4,4,0,0.019477924,72.562875414,126.79937266098568
exact_even_G5,253714,warehouse_small_kiva,abrupt,6255,3.1275,1,5,5,0,0.028342591,78.29941758600002,128.19977318501333
js_cap_G5,253714,warehouse_small_kiva,abrupt,6443,3.2215,1,5,5,0,0.08626728999999998,75.65096536499999,126.39849596301792
random_G5,253714,warehouse_small_kiva,abrupt,6527,3.2635,1,5,5,0,0.022331015000000003,71.53726182799998,123.4240725650161
bootstrap_only,253714,warehouse_small_kiva,recurrent,4465,2.2325,1,0,0,0,0.003072395,10.428167777,18.34225008901558
context_memory_B25,253714,warehouse_small_kiva,recurrent,5245,2.6225,1,5,25,0,0.010617863999999998,10.790393197999999,18.930740553012583
context_no_reactivation_B25,253714,warehouse_small_kiva,recurrent,5269,2.6345,1,5,25,0,0.013456138,11.131396988999999,19.330717763019493
exact_even_B25,253714,warehouse_small_kiva,recurrent,5326,2.663,1,25,25,0,0.05146359199999999,10.959162862999996,19.232059174013557
exact_even_G4,253714,warehouse_small_kiva,recurrent,5123,2.5615,1,4,4,0,0.011938583,11.311747611000003,19.20377135099261
exact_even_G5,253714,warehouse_small_kiva,recurrent,5181,2.5905,1,5,5,0,0.01262982,10.826313523999998,18.731809047982097
js_cap_G5,253714,warehouse_small_kiva,recurrent,5278,2.639,1,5,5,0,0.014101344999999998,11.312089709000002,19.572472765983548
random_G5,253714,warehouse_small_kiva,recurrent,4784,2.392,1,5,5,0,0.011498994000000002,10.486319937999996,18.382343459001277
bootstrap_only,253714,warehouse_small_kiva,stationary,5229,2.6145,1,0,0,0,0.026462464,68.47565921099999,111.88094246201217
context_memory_B25,253714,warehouse_small_kiva,stationary,4778,2.389,1,3,25,0,0.083066442,66.93016081099998,111.72908796498086
context_no_reactivation_B25,253714,warehouse_small_kiva,stationary,4778,2.389,1,3,25,0,0.08081102899999999,72.08691073900002,117.28442711598473
exact_even_B25,253714,warehouse_small_kiva,stationary,5009,2.5045,1,25,25,0,0.25793136599999994,70.70255478500005,120.48179309000261
exact_even_G4,253714,warehouse_small_kiva,stationary,5286,2.643,1,4,4,0,0.087677528,68.007044101,112.00165589799872
exact_even_G5,253714,warehouse_small_kiva,stationary,5139,2.5695,1,5,5,0,0.022675185,71.7293391,116.890721038013
js_cap_G5,253714,warehouse_small_kiva,stationary,4905,2.4525,1,5,5,0,0.09112397,71.498620585,115.10476119100349
random_G5,253714,warehouse_small_kiva,stationary,4868,2.434,1,5,5,0,0.072905536,71.22145185899998,115.81256744099665
bootstrap_only,257578,warehouse_small_kiva,abrupt,6368,3.184,1,0,0,0,0.079320462,83.83116409900002,146.69286033400567
context_memory_B25,257578,warehouse_small_kiva,abrupt,6540,3.27,1,4,25,0,0.019703089,80.27653031599999,146.4907261079934
context_no_reactivation_B25,257578,warehouse_small_kiva,abrupt,6540,3.27,1,4,25,0,0.015319588000000002,83.81508981600005,147.1144373799907
exact_even_B25,257578,warehouse_small_kiva,abrupt,6816,3.408,1,25,25,0,0.509072879,85.69509569800002,156.20856748402002
exact_even_G4,257578,warehouse_small_kiva,abrupt,6558,3.279,1,4,4,0,0.087941985,84.37878286600004,145.91748969900073
exact_even_G5,257578,warehouse_small_kiva,abrupt,6270,3.135,1,5,5,0,0.090238658,83.81701049199998,146.41283708598348
js_cap_G5,257578,warehouse_small_kiva,abrupt,5760,2.88,1,5,5,0,0.097435859,81.63908676799998,146.01535069700913
random_G5,257578,warehouse_small_kiva,abrupt,6677,3.3385,1,5,5,0,0.025277885,84.08040451899996,153.10752691101516
bootstrap_only,257578,warehouse_small_kiva,recurrent,4646,2.323,1,0,0,0,0.018251828,69.87334203000005,117.21751780898194
context_memory_B25,257578,warehouse_small_kiva,recurrent,4493,2.2465,1,4,25,0,0.016643402999999998,72.20640603400001,118.58900298899971
context_no_reactivation_B25,257578,warehouse_small_kiva,recurrent,4493,2.2465,1,4,25,0,0.015027254,65.131324971,116.78663192101521
exact_even_B25,257578,warehouse_small_kiva,recurrent,5202,2.601,1,25,25,0,0.512475526,68.72196334300001,122.05520164599875
exact_even_G4,257578,warehouse_small_kiva,recurrent,4796,2.398,1,4,4,0,0.015883310999999997,70.09167895199997,118.19134619701072
exact_even_G5,257578,warehouse_small_kiva,recurrent,4538,2.269,1,5,5,0,0.09143837199999999,70.561591598,117.98914142101421
js_cap_G5,257578,warehouse_small_kiva,recurrent,3758,1.879,1,5,5,0,0.020570653,66.20650905799998,115.6830448579858
random_G5,257578,warehouse_small_kiva,recurrent,4408,2.204,1,5,5,0,0.148483804,70.84937145500004,115.21289156502462
bootstrap_only,257578,warehouse_small_kiva,stationary,3430,1.715,1,0,0,0,0.003824571,68.904009071,109.00388319700141
context_memory_B25,257578,warehouse_small_kiva,stationary,3430,1.715,1,3,25,0,0.132627563,70.43125385399996,115.0996957339812
context_no_reactivation_B25,257578,warehouse_small_kiva,stationary,3430,1.715,1,3,25,0,0.015821521999999998,66.45353178199998,107.96891406099894
exact_even_B25,257578,warehouse_small_kiva,stationary,3725,1.8625,1,25,25,0,0.25053797600000005,69.10899335000002,118.21775638899999
exact_even_G4,257578,warehouse_small_kiva,stationary,3687,1.8435,1,4,4,0,0.071689101,71.427702566,114.20143700501649
exact_even_G5,257578,warehouse_small_kiva,stationary,3503,1.7515,1,5,5,0,0.03773841,67.96367990800002,105.61013487898163
js_cap_G5,257578,warehouse_small_kiva,stationary,3624,1.812,1,5,5,0,0.030283900000000002,69.06766889900001,113.58797828000388
random_G5,257578,warehouse_small_kiva,stationary,3418,1.709,1,5,5,0,0.213143727,67.36083083299997,110.59788644997752
bootstrap_only,257704,warehouse_small_kiva,abrupt,4696,2.348,1,0,0,0,0.003027231,69.29350336600001,132.18609985001967
context_memory_B25,257704,warehouse_small_kiva,abrupt,5060,2.53,1,4,25,0,0.156707541,68.95564050499999,129.50484911800595
context_no_reactivation_B25,257704,warehouse_small_kiva,abrupt,5060,2.53,1,4,25,0,0.018544836000000002,68.232249836,126.42850939100026
exact_even_B25,257704,warehouse_small_kiva,abrupt,4580,2.29,1,25,25,0,0.39401157100000006,71.10110953899998,124.47691821100307
exact_even_G4,257704,warehouse_small_kiva,abrupt,5031,2.5155,1,4,4,0,0.07358876600000001,71.10435486499998,133.87284220999572
exact_even_G5,257704,warehouse_small_kiva,abrupt,4998,2.499,1,5,5,0,0.032936002000000006,67.92996042299998,132.10571500298101
js_cap_G5,257704,warehouse_small_kiva,abrupt,4780,2.39,1,5,5,0,0.108788684,70.23673736699999,120.96819145101472
random_G5,257704,warehouse_small_kiva,abrupt,4855,2.4275,1,5,5,0,0.019862498,64.04805892700001,123.21453284399468
bootstrap_only,257704,warehouse_small_kiva,recurrent,5298,2.649,1,0,0,0,0.005832815,81.278513386,145.01168281701393
context_memory_B25,257704,warehouse_small_kiva,recurrent,5477,2.7385,1,5,25,0,0.02027139,79.93753057400002,139.98429197000223
context_no_reactivation_B25,257704,warehouse_small_kiva,recurrent,5494,2.747,1,5,25,0,0.09308713199999999,81.72472624600005,146.9913974349911
exact_even_B25,257704,warehouse_small_kiva,recurrent,5964,2.982,1,25,25,0,0.22195453099999998,80.58898162300001,146.59426305201487
exact_even_G4,257704,warehouse_small_kiva,recurrent,4887,2.4435,1,4,4,0,0.08723705699999999,78.62586016300003,142.49923736401252
exact_even_G5,257704,warehouse_small_kiva,recurrent,5026,2.513,1,5,5,0,0.021507224,80.63110168299998,144.08691034500953
js_cap_G5,257704,warehouse_small_kiva,recurrent,5536,2.768,1,5,5,0,0.023806135,82.85939669300002,140.89042615902144
random_G5,257704,warehouse_small_kiva,recurrent,5110,2.555,1,5,5,0,0.093293608,79.84952070100002,143.61898913400364
bootstrap_only,257704,warehouse_small_kiva,stationary,4862,2.431,1,0,0,0,0.003227338,29.830222539999994,47.99622877401998
context_memory_B25,257704,warehouse_small_kiva,stationary,5206,2.603,1,3,25,0,0.014083545,29.262166763999993,50.257253354007844
context_no_reactivation_B25,257704,warehouse_small_kiva,stationary,5206,2.603,1,3,25,0,0.014161493,29.520657071,50.592591925000306
exact_even_B25,257704,warehouse_small_kiva,stationary,5202,2.601,1,25,25,0,0.217624733,30.036430031999995,50.8146428510081
exact_even_G4,257704,warehouse_small_kiva,stationary,5378,2.689,1,4,4,0,0.016193095999999997,28.271173993999998,47.27100984999561
exact_even_G5,257704,warehouse_small_kiva,stationary,4941,2.4705,1,5,5,0,0.07044004799999999,30.081692397999998,48.77450740800123
js_cap_G5,257704,warehouse_small_kiva,stationary,4977,2.4885,1,5,5,0,0.017601771,28.470791883,46.397843151004054
random_G5,257704,warehouse_small_kiva,stationary,5269,2.6345,1,5,5,0,0.071119986,29.789415308000017,49.61696310600382
bootstrap_only,294860,warehouse_small_kiva,abrupt,6631,3.3155,1,0,0,0,0.003035834,73.01517262699998,133.8759084350022
context_memory_B25,294860,warehouse_small_kiva,abrupt,6928,3.464,1,6,25,0,0.030386568,75.19588254300001,139.30305375601165
context_no_reactivation_B25,294860,warehouse_small_kiva,abrupt,6928,3.464,1,6,25,0,0.11265449500000001,76.08928634300003,139.0815626429976
exact_even_B25,294860,warehouse_small_kiva,abrupt,7229,3.6145,1,25,25,0,0.35974983699999996,72.79917530000002,138.4155740129936
exact_even_G4,294860,warehouse_small_kiva,abrupt,6654,3.327,1,4,4,0,0.018217792,73.69561602399997,133.14210210499004
exact_even_G5,294860,warehouse_small_kiva,abrupt,6299,3.1495,1,5,5,0,0.14819455199999998,67.15565597899999,128.9943521739915
js_cap_G5,294860,warehouse_small_kiva,abrupt,6180,3.09,1,5,5,0,0.020377030999999997,71.31259014999999,135.69881448100205
random_G5,294860,warehouse_small_kiva,abrupt,6920,3.46,1,5,5,0,0.019188457,69.19490807300001,127.61647286798689
bootstrap_only,294860,warehouse_small_kiva,recurrent,6195,3.0975,1,0,0,0,0.004249559,30.111390039000007,55.63152644800721
context_memory_B25,294860,warehouse_small_kiva,recurrent,5891,2.9455,1,4,25,0,0.013174797999999998,30.723453506000006,55.30432210798608
context_no_reactivation_B25,294860,warehouse_small_kiva,recurrent,5907,2.9535,1,4,25,0,0.015613776,29.377280261,53.866355164995184
exact_even_B25,294860,warehouse_small_kiva,recurrent,6034,3.017,1,25,25,0,0.172538948,28.963610114999994,57.640793005004525
exact_even_G4,294860,warehouse_small_kiva,recurrent,6168,3.084,1,4,4,0,0.016870328,29.871114488999996,55.294730708992574
exact_even_G5,294860,warehouse_small_kiva,recurrent,5667,2.8335,1,5,5,0,0.096505248,30.25039356,61.8052876710135
js_cap_G5,294860,warehouse_small_kiva,recurrent,6008,3.004,1,5,5,0,0.020394849,29.680273490999994,54.789441284985514
random_G5,294860,warehouse_small_kiva,recurrent,6015,3.0075,1,5,5,0,0.019007717,30.462661759000014,53.976129046001006
bootstrap_only,294860,warehouse_small_kiva,stationary,3577,1.7885,1,0,0,0,0.003398454,27.358017699000005,47.62496124699828
context_memory_B25,294860,warehouse_small_kiva,stationary,3755,1.8775,1,3,25,0,0.012923597000000002,27.360460707999998,47.21342267899308
context_no_reactivation_B25,294860,warehouse_small_kiva,stationary,3755,1.8775,1,3,25,0,0.011277713,28.385040629000002,48.19224994501565
exact_even_B25,294860,warehouse_small_kiva,stationary,3862,1.931,1,25,25,0,0.117446035,27.623419558999995,49.365359938004985
exact_even_G4,294860,warehouse_small_kiva,stationary,3642,1.821,1,4,4,0,0.014902183000000001,26.498912461999996,46.0620532509929
exact_even_G5,294860,warehouse_small_kiva,stationary,3872,1.936,1,5,5,0,0.070252457,28.460835386999992,49.26863631000742
js_cap_G5,294860,warehouse_small_kiva,stationary,3872,1.936,1,5,5,0,0.018187084,27.002205626999988,45.49548622997827
random_G5,294860,warehouse_small_kiva,stationary,3551,1.7755,1,5,5,0,0.061306956,26.862740626000008,49.27213135798229
bootstrap_only,330180,warehouse_small_kiva,abrupt,5444,2.722,1,0,0,0,0.005485234,68.46502335400001,122.49012247601058
context_memory_B25,330180,warehouse_small_kiva,abrupt,7108,3.554,1,4,25,0,0.07347784,73.91487140600002,129.83671197399963
context_no_reactivation_B25,330180,warehouse_small_kiva,abrupt,7108,3.554,1,4,25,0,0.075952808,74.96661666600001,134.5136401009804
exact_even_B25,330180,warehouse_small_kiva,abrupt,6411,3.2055,1,25,25,0,0.41321269000000005,70.75357641700002,135.71465094698942
exact_even_G4,330180,warehouse_small_kiva,abrupt,6937,3.4685,1,4,4,0,0.032112831,76.94860916000002,129.78118026201264
exact_even_G5,330180,warehouse_small_kiva,abrupt,6448,3.224,1,5,5,0,0.09267311499999999,73.06126948300002,128.69990904501174
js_cap_G5,330180,warehouse_small_kiva,abrupt,6005,3.0025,1,5,5,0,0.019555027000000003,74.81047180399999,130.3057561610185
random_G5,330180,warehouse_small_kiva,abrupt,6359,3.1795,1,5,5,0,0.080858217,71.99086182699999,129.3178447399987
bootstrap_only,330180,warehouse_small_kiva,recurrent,6724,3.362,1,0,0,0,0.054039921,72.46820623800001,122.29442325298442
context_memory_B25,330180,warehouse_small_kiva,recurrent,6960,3.48,1,5,25,0,0.015479621000000002,72.03183189,123.60889029502869
context_no_reactivation_B25,330180,warehouse_small_kiva,recurrent,6943,3.4715,1,5,25,0,0.044508738000000006,75.40579798799997,128.4895105540054
exact_even_B25,330180,warehouse_small_kiva,recurrent,7065,3.5325,1,25,25,0,0.341994367,75.98360442100002,130.6064047899854
exact_even_G4,330180,warehouse_small_kiva,recurrent,6971,3.4855,1,4,4,0,0.077582267,75.48703316100001,125.71354936799617
exact_even_G5,330180,warehouse_small_kiva,recurrent,6318,3.159,1,5,5,0,0.228918589,73.14334454800002,122.99239713599673
js_cap_G5,330180,warehouse_small_kiva,recurrent,6822,3.411,1,5,5,0,0.093700359,74.16764006400004,126.49681631999556
random_G5,330180,warehouse_small_kiva,recurrent,6654,3.327,1,5,5,0,0.088168738,71.95278701199999,121.23289660099545
bootstrap_only,330180,warehouse_small_kiva,stationary,5181,2.5905,1,0,0,0,0.003771254,80.73854485799994,131.87089581001783
context_memory_B25,330180,warehouse_small_kiva,stationary,5127,2.5635,1,4,25,0,0.087330636,81.34109071199998,131.89628873299807
context_no_reactivation_B25,330180,warehouse_small_kiva,stationary,5127,2.5635,1,4,25,0,0.08687231899999999,81.95937495799998,132.59446754297824
exact_even_B25,330180,warehouse_small_kiva,stationary,5213,2.6065,1,25,25,0,0.37342035399999995,80.38031877899999,138.97661993198562
exact_even_G4,330180,warehouse_small_kiva,stationary,5221,2.6105,1,4,4,0,0.08650801800000002,80.24926721600004,133.879007681011
exact_even_G5,330180,warehouse_small_kiva,stationary,5163,2.5815,1,5,5,0,0.10408296,80.50613721900001,125.7095009709883
js_cap_G5,330180,warehouse_small_kiva,stationary,5105,2.5525,1,5,5,0,0.09410634200000001,78.722316009,126.15970843299874
random_G5,330180,warehouse_small_kiva,stationary,5181,2.5905,1,5,5,0,0.08799227999999999,79.42613723800001,125.70856981698307
bootstrap_only,362413,warehouse_small_kiva,abrupt,6536,3.268,1,0,0,0,0.072237969,84.51406150999999,146.1019908740127
context_memory_B25,362413,warehouse_small_kiva,abrupt,6959,3.4795,1,6,25,0,0.021985544000000003,85.42654786200002,151.2098844209977
context_no_reactivation_B25,362413,warehouse_small_kiva,abrupt,6951,3.4755,1,6,25,0,0.17024493699999999,81.70975550099996,149.19729087300948
exact_even_B25,362413,warehouse_small_kiva,abrupt,6838,3.419,1,25,25,0,0.08970736,81.921986249,151.9030310139933
exact_even_G4,362413,warehouse_small_kiva,abrupt,6828,3.414,1,4,4,0,0.083922409,83.21137632400001,144.67832315099076
exact_even_G5,362413,warehouse_small_kiva,abrupt,6637,3.3185,1,5,5,0,0.025249726,81.29964381199999,144.99344372499036
js_cap_G5,362413,warehouse_small_kiva,abrupt,6154,3.077,1,5,5,0,0.022031208,79.97830692500003,146.7976508239808
random_G5,362413,warehouse_small_kiva,abrupt,6666,3.333,1,5,5,0,0.106709018,84.64113316900001,149.20208769402234
bootstrap_only,362413,warehouse_small_kiva,recurrent,4961,2.4805,1,0,0,0,0.0045555,75.31119314899998,123.17627354399883
context_memory_B25,362413,warehouse_small_kiva,recurrent,5351,2.6755,1,5,25,0,0.076469044,75.25665136299999,127.42306574300164
context_no_reactivation_B25,362413,warehouse_small_kiva,recurrent,5345,2.6725,1,5,25,0,0.020161887,75.47785200000001,125.98457665200112
exact_even_B25,362413,warehouse_small_kiva,recurrent,5985,2.9925,1,25,25,0,0.23403965599999998,75.78563544599999,129.32607956099673
exact_even_G4,362413,warehouse_small_kiva,recurrent,5354,2.677,1,4,4,0,0.015059545999999998,73.19764863500004,123.80447213101434
exact_even_G5,362413,warehouse_small_kiva,recurrent,5308,2.654,1,5,5,0,0.161559047,70.800943343,121.20234889400308
js_cap_G5,362413,warehouse_small_kiva,recurrent,5695,2.8475,1,5,5,0,0.017239509,79.41933420899998,129.07947941901512
random_G5,362413,warehouse_small_kiva,recurrent,5756,2.878,1,5,5,0,0.128823274,73.42847945799998,122.18362138202065
bootstrap_only,362413,warehouse_small_kiva,stationary,3737,1.8685,1,0,0,0,0.004859019,77.03975878699997,131.01601252399269
context_memory_B25,362413,warehouse_small_kiva,stationary,3512,1.756,1,3,25,0,0.011970500000000002,74.133530239,127.98871550400509
context_no_reactivation_B25,362413,warehouse_small_kiva,stationary,3512,1.756,1,3,25,0,0.08368414300000002,75.650441188,128.90944141100044
exact_even_B25,362413,warehouse_small_kiva,stationary,3386,1.693,1,25,25,0,0.390789227,74.839480568,132.99786973299342
exact_even_G4,362413,warehouse_small_kiva,stationary,3223,1.6115,1,4,4,0,0.09614411199999998,77.86895867800001,131.32315869201557
exact_even_G5,362413,warehouse_small_kiva,stationary,3403,1.7015,1,5,5,0,0.087911471,77.34421974199995,131.3216624929919
js_cap_G5,362413,warehouse_small_kiva,stationary,3302,1.651,1,5,5,0,0.159270252,75.37685814599996,129.28978727801587
random_G5,362413,warehouse_small_kiva,stationary,3381,1.6905,1,5,5,0,0.020404359,77.51228938599999,127.11007029001485
bootstrap_only,371204,warehouse_small_kiva,abrupt,5322,2.661,1,0,0,0,0.003171961,74.82706048999997,127.2680764819961
context_memory_B25,371204,warehouse_small_kiva,abrupt,5745,2.8725,1,5,25,0,0.16821516600000003,76.08542441300003,127.68542690298636
context_no_reactivation_B25,371204,warehouse_small_kiva,abrupt,5745,2.8725,1,5,25,0,0.01893996,72.44547685599998,122.99923366002622
exact_even_B25,371204,warehouse_small_kiva,abrupt,4797,2.3985,1,25,25,0,0.523567807,69.97916897099999,125.98570879298495
exact_even_G4,371204,warehouse_small_kiva,abrupt,5192,2.596,1,4,4,0,0.19818405500000003,75.31318810299999,126.96629779101931
exact_even_G5,371204,warehouse_small_kiva,abrupt,4705,2.3525,1,5,5,0,0.026552587000000002,75.49010444200002,128.7166797190148
js_cap_G5,371204,warehouse_small_kiva,abrupt,4318,2.159,1,5,5,0,0.017997863,72.71015636,124.87928880300024
random_G5,371204,warehouse_small_kiva,abrupt,5469,2.7345,1,5,5,0,0.084720193,75.82941181,124.8993421930063
bootstrap_only,371204,warehouse_small_kiva,recurrent,6195,3.0975,1,0,0,0,0.003645972,84.03828746700003,147.0143860350072
context_memory_B25,371204,warehouse_small_kiva,recurrent,7186,3.593,1,5,25,0,0.099174802,85.245285959,153.3980202130042
context_no_reactivation_B25,371204,warehouse_small_kiva,recurrent,7014,3.507,1,6,25,0,0.025404021,82.850236517,149.6938539929979
exact_even_B25,371204,warehouse_small_kiva,recurrent,7178,3.589,1,25,25,0,0.22799517399999997,88.02707820000002,154.9936994909949
exact_even_G4,371204,warehouse_small_kiva,recurrent,7314,3.657,1,4,4,0,0.015984001,88.99990683199998,153.31166097900132
exact_even_G5,371204,warehouse_small_kiva,recurrent,6683,3.3415,1,5,5,0,0.020525364,85.81944784999999,151.7788225650147
js_cap_G5,371204,warehouse_small_kiva,recurrent,7120,3.56,1,5,5,0,0.177194644,86.97630868499998,150.7811350050033
random_G5,371204,warehouse_small_kiva,recurrent,6818,3.409,1,5,5,0,0.157035544,84.02708440500001,145.9082042230002
bootstrap_only,371204,warehouse_small_kiva,stationary,3265,1.6325,1,0,0,0,0.005099506,48.598467835,94.1958926700172
context_memory_B25,371204,warehouse_small_kiva,stationary,3309,1.6545,1,3,25,0,0.154737671,52.36353712199999,98.81284314498771
context_no_reactivation_B25,371204,warehouse_small_kiva,stationary,3309,1.6545,1,3,25,0,0.013178347,53.656238799000015,101.41984225899796
exact_even_B25,371204,warehouse_small_kiva,stationary,3164,1.582,1,25,25,0,0.576409081,69.78003968199998,125.29474657701212
exact_even_G4,371204,warehouse_small_kiva,stationary,3264,1.632,1,4,4,0,0.15405987399999999,56.856976908,104.08981083100662
exact_even_G5,371204,warehouse_small_kiva,stationary,2976,1.488,1,5,5,0,0.08958153,48.66801339199999,94.38801117500407
js_cap_G5,371204,warehouse_small_kiva,stationary,3321,1.6605,1,5,5,0,0.024185962,67.29472160100002,122.00080688501475
random_G5,371204,warehouse_small_kiva,stationary,3132,1.566,1,5,5,0,0.022896422,49.68913592699999,95.89258075100952
bootstrap_only,381214,warehouse_small_kiva,abrupt,4988,2.494,1,0,0,0,0.005449077,71.63139814300001,118.51412929300568
context_memory_B25,381214,warehouse_small_kiva,abrupt,5987,2.9935,1,5,25,0,0.08577490900000001,71.42494516300002,124.78235533699626
context_no_reactivation_B25,381214,warehouse_small_kiva,abrupt,5987,2.9935,1,5,25,0,0.158311651,71.145899624,123.81216999798198
exact_even_B25,381214,warehouse_small_kiva,abrupt,6125,3.0625,1,25,25,0,0.170794427,71.57425058499997,124.4031081040157
exact_even_G4,381214,warehouse_small_kiva,abrupt,5863,2.9315,1,4,4,0,0.014340986,73.81258198199998,124.00968583600479
exact_even_G5,381214,warehouse_small_kiva,abrupt,5165,2.5825,1,5,5,0,0.15879485799999998,71.098408641,120.29815923300339
js_cap_G5,381214,warehouse_small_kiva,abrupt,5388,2.694,1,5,5,0,0.15645984000000002,72.84255218899996,121.40274213001248
random_G5,381214,warehouse_small_kiva,abrupt,6012,3.006,1,5,5,0,0.086208623,76.17784492199999,122.88714724700549
bootstrap_only,381214,warehouse_small_kiva,recurrent,5410,2.705,1,0,0,0,0.006021904,70.37787978600001,121.43117164997966
context_memory_B25,381214,warehouse_small_kiva,recurrent,5419,2.7095,1,4,25,0,0.019646149,70.391685665,121.1085132730077
context_no_reactivation_B25,381214,warehouse_small_kiva,recurrent,5419,2.7095,1,4,25,0,0.019732021000000002,71.13436022100002,122.206037920987
exact_even_B25,381214,warehouse_small_kiva,recurrent,5705,2.8525,1,25,25,0,0.3894608670000001,71.819213888,124.3224554079934
exact_even_G4,381214,warehouse_small_kiva,recurrent,5365,2.6825,1,4,4,0,0.078762084,69.67532975199997,121.21626431299956
exact_even_G5,381214,warehouse_small_kiva,recurrent,5243,2.6215,1,5,5,0,0.029143487,71.25470545300001,125.08854334699572
js_cap_G5,381214,warehouse_small_kiva,recurrent,4781,2.3905,1,5,5,0,0.020520977,68.39286879000001,117.20205384999281
random_G5,381214,warehouse_small_kiva,recurrent,5594,2.797,1,5,5,0,0.016015558,73.18967153000001,123.41192912100814
bootstrap_only,381214,warehouse_small_kiva,stationary,3436,1.718,1,0,0,0,0.003865681,25.938151776000005,44.340576115006115
context_memory_B25,381214,warehouse_small_kiva,stationary,3838,1.919,1,3,25,0,0.065748369,27.39108911999999,47.70420778001426
context_no_reactivation_B25,381214,warehouse_small_kiva,stationary,3838,1.919,1,3,25,0,0.054700965000000004,28.84852492,48.81894374798867
exact_even_B25,381214,warehouse_small_kiva,stationary,3866,1.933,1,25,25,0,0.16495748,27.119735714000004,47.82591600701562
exact_even_G4,381214,warehouse_small_kiva,stationary,3820,1.91,1,4,4,0,0.018718808,26.87404898999999,46.982994852995034
exact_even_G5,381214,warehouse_small_kiva,stationary,3910,1.955,1,5,5,0,0.020463915,26.695518039,46.37698156098486
js_cap_G5,381214,warehouse_small_kiva,stationary,3977,1.9885,1,5,5,0,0.018137430000000003,27.590541829,46.716597249993356
random_G5,381214,warehouse_small_kiva,stationary,4020,2.01,1,5,5,0,0.05908592099999999,27.470485912999997,48.100505241018254
bootstrap_only,398397,warehouse_small_kiva,abrupt,6498,3.249,1,0,0,0,0.002852533,83.97001248600003,146.37994529202115
context_memory_B25,398397,warehouse_small_kiva,abrupt,6998,3.499,1,6,25,0,0.092264556,82.51541633300002,149.00350487002288
context_no_reactivation_B25,398397,warehouse_small_kiva,abrupt,7018,3.509,1,6,25,0,0.027590315,85.843667431,153.87898460202268
exact_even_B25,398397,warehouse_small_kiva,abrupt,7372,3.686,1,25,25,0,0.23999639399999997,87.73893692499998,157.59943406900857
exact_even_G4,398397,warehouse_small_kiva,abrupt,7223,3.6115,1,4,4,0,0.018157267999999997,85.225936395,147.39657163299853
exact_even_G5,398397,warehouse_small_kiva,abrupt,6553,3.2765,1,5,5,0,0.09302345199999999,86.050098895,149.88154814697918
js_cap_G5,398397,warehouse_small_kiva,abrupt,7064,3.532,1,5,5,0,0.094358079,88.632141559,150.3047236810089
random_G5,398397,warehouse_small_kiva,abrupt,6746,3.373,1,5,5,0,0.231174322,85.81974660899999,149.21338384700357
bootstrap_only,398397,warehouse_small_kiva,recurrent,4615,2.3075,1,0,0,0,0.006630829,68.675094436,121.47891675800201
context_memory_B25,398397,warehouse_small_kiva,recurrent,5820,2.91,1,5,25,0,0.15418242599999998,69.05721866000002,123.59864489198662
context_no_reactivation_B25,398397,warehouse_small_kiva,recurrent,5795,2.8975,1,6,25,0,0.026969504999999994,71.36601741,127.76366348698502
exact_even_B25,398397,warehouse_small_kiva,recurrent,5821,2.9105,1,25,25,0,0.312530252,70.324281195,125.30692331501632
exact_even_G4,398397,warehouse_small_kiva,recurrent,5240,2.62,1,4,4,0,0.16471236300000003,68.25013091399998,117.98814485300682
exact_even_G5,398397,warehouse_small_kiva,recurrent,5522,2.761,1,5,5,0,0.019431729999999998,66.778311863,120.70117446201039
js_cap_G5,398397,warehouse_small_kiva,recurrent,5316,2.658,1,5,5,0,0.086283483,68.38003302499996,119.32061367397546
random_G5,398397,warehouse_small_kiva,recurrent,5556,2.778,1,5,5,0,0.021710612,70.80285498899997,121.32559545501135
bootstrap_only,398397,warehouse_small_kiva,stationary,4697,2.3485,1,0,0,0,0.005388201,75.787231964,128.21971173401107
context_memory_B25,398397,warehouse_small_kiva,stationary,5014,2.507,1,4,25,0,0.019555542,76.577990729,129.4138014659984
context_no_reactivation_B25,398397,warehouse_small_kiva,stationary,4991,2.4955,1,3,25,0,0.083331293,77.64129330399999,132.60435178197804
exact_even_B25,398397,warehouse_small_kiva,stationary,4969,2.4845,1,25,25,0,0.36823454099999997,77.37017138900005,131.8773954520002
exact_even_G4,398397,warehouse_small_kiva,stationary,4775,2.3875,1,4,4,0,0.08935082500000001,76.41620816499996,131.0826376869809
exact_even_G5,398397,warehouse_small_kiva,stationary,5142,2.571,1,5,5,0,0.026634066,80.996359293,135.69870538200485
js_cap_G5,398397,warehouse_small_kiva,stationary,4988,2.494,1,5,5,0,0.09294833000000001,79.67993579899999,134.38385442100116
random_G5,398397,warehouse_small_kiva,stationary,4725,2.3625,1,5,5,0,0.09620974099999999,76.25964581800002,129.21737862101872
bootstrap_only,429853,warehouse_small_kiva,abrupt,6359,3.1795,1,0,0,0,0.003203183,72.70603485400001,119.79628928299644
context_memory_B25,429853,warehouse_small_kiva,abrupt,6405,3.2025,1,6,25,0,0.074790314,73.43574929299999,126.13052627400612
context_no_reactivation_B25,429853,warehouse_small_kiva,abrupt,6428,3.214,1,6,25,0,0.07877859300000001,73.44828852499998,123.58635914101615
exact_even_B25,429853,warehouse_small_kiva,abrupt,6717,3.3585,1,25,25,0,0.3482306490000001,75.518415205,129.12243539400515
exact_even_G4,429853,warehouse_small_kiva,abrupt,6310,3.155,1,4,4,0,0.088896663,73.97556429800001,125.21719221799867
exact_even_G5,429853,warehouse_small_kiva,abrupt,6554,3.277,1,5,5,0,0.030816102,77.623527523,126.69474861799972
js_cap_G5,429853,warehouse_small_kiva,abrupt,5860,2.93,1,5,5,0,0.050286808999999995,74.08524742600002,122.71178649400827
random_G5,429853,warehouse_small_kiva,abrupt,6778,3.389,1,5,5,0,0.09141073400000001,75.896363052,126.62512412000797
bootstrap_only,429853,warehouse_small_kiva,recurrent,6184,3.092,1,0,0,0,0.003396453,28.410964542000002,53.985230235994095
context_memory_B25,429853,warehouse_small_kiva,recurrent,7193,3.5965,1,5,25,0,0.054670474999999996,30.179220633999993,54.708480677974876
context_no_reactivation_B25,429853,warehouse_small_kiva,recurrent,6928,3.464,1,4,25,0,0.05759701899999999,29.308334883,55.31309599199449
exact_even_B25,429853,warehouse_small_kiva,recurrent,7244,3.622,1,25,25,0,0.12345023599999999,31.387966317999993,59.18433956700028
exact_even_G4,429853,warehouse_small_kiva,recurrent,6500,3.25,1,4,4,0,0.013216920000000002,29.477908985000006,53.19995584001299
exact_even_G5,429853,warehouse_small_kiva,recurrent,6824,3.412,1,5,5,0,0.019018829,30.395645045,54.34159231398371
js_cap_G5,429853,warehouse_small_kiva,recurrent,6731,3.3655,1,5,5,0,0.064948584,28.75160071799999,52.59637000600924
random_G5,429853,warehouse_small_kiva,recurrent,7056,3.528,1,5,5,0,0.015321154,31.177747681000007,56.38774066398037
bootstrap_only,429853,warehouse_small_kiva,stationary,5356,2.678,1,0,0,0,0.002474357,27.109569166,48.00075825402746
context_memory_B25,429853,warehouse_small_kiva,stationary,5203,2.6015,1,3,25,0,0.018753146,27.706424744,47.66836528800195
context_no_reactivation_B25,429853,warehouse_small_kiva,stationary,5203,2.6015,1,3,25,0,0.010546437,26.948026779000003,49.34132023798884
exact_even_B25,429853,warehouse_small_kiva,stationary,5008,2.504,1,25,25,0,0.169950801,28.41214687900001,51.87941008701455
exact_even_G4,429853,warehouse_small_kiva,stationary,5149,2.5745,1,4,4,0,0.014783962,27.705121734000006,48.8777859940019
exact_even_G5,429853,warehouse_small_kiva,stationary,5015,2.5075,1,5,5,0,0.065459063,28.077270388,48.181571480003186
js_cap_G5,429853,warehouse_small_kiva,stationary,5220,2.61,1,5,5,0,0.018184682,27.445312804000004,48.2805805800017
random_G5,429853,warehouse_small_kiva,stationary,5208,2.604,1,5,5,0,0.072141157,27.338317416999992,48.46639356398373
bootstrap_only,461566,warehouse_small_kiva,abrupt,5625,2.8125,1,0,0,0,0.007397537,80.840294381,140.7109285389888
context_memory_B25,461566,warehouse_small_kiva,abrupt,6024,3.012,1,4,25,0,0.016765126999999998,84.335128047,151.702030534012
context_no_reactivation_B25,461566,warehouse_small_kiva,abrupt,6024,3.012,1,4,25,0,0.081478056,84.87732194499996,151.2952841789811
exact_even_B25,461566,warehouse_small_kiva,abrupt,6795,3.3975,1,25,25,0,0.4448609229999999,79.67152829300001,147.09958490901045
exact_even_G4,461566,warehouse_small_kiva,abrupt,5988,2.994,1,4,4,0,0.022896188,82.48920054299998,143.49921650797478
exact_even_G5,461566,warehouse_small_kiva,abrupt,5734,2.867,1,5,5,0,0.16426269,83.05056715900002,143.30653621599777
js_cap_G5,461566,warehouse_small_kiva,abrupt,5564,2.782,1,5,5,0,0.021627523000000003,81.24683024299999,141.39472034500795
random_G5,461566,warehouse_small_kiva,abrupt,5381,2.6905,1,5,5,0,0.163527431,83.27311278200003,146.10466254400671
bootstrap_only,461566,warehouse_small_kiva,recurrent,6126,3.063,1,0,0,0,0.006914184,82.25568537300002,143.9196756540041
context_memory_B25,461566,warehouse_small_kiva,recurrent,6148,3.074,1,4,25,0,0.15415589400000002,82.34404072400001,144.76759733699146
context_no_reactivation_B25,461566,warehouse_small_kiva,recurrent,6148,3.074,1,4,25,0,0.083039268,84.570384303,148.4032403289748
exact_even_B25,461566,warehouse_small_kiva,recurrent,6241,3.1205,1,25,25,0,0.5851796709999999,84.17694089899994,150.72458204900613
exact_even_G4,461566,warehouse_small_kiva,recurrent,6258,3.129,1,4,4,0,0.013744635,82.266751675,146.69002011799603
exact_even_G5,461566,warehouse_small_kiva,recurrent,5585,2.7925,1,5,5,0,0.160310166,81.02828516300004,148.20392523700139
js_cap_G5,461566,warehouse_small_kiva,recurrent,5958,2.979,1,5,5,0,0.09084758899999999,84.46975188400003,147.59841419800068
random_G5,461566,warehouse_small_kiva,recurrent,5581,2.7905,1,5,5,0,0.089822441,79.718740506,143.77060313499533
bootstrap_only,461566,warehouse_small_kiva,stationary,4379,2.1895,1,0,0,0,0.00301851,28.538475314,49.213965591974556
context_memory_B25,461566,warehouse_small_kiva,stationary,4662,2.331,1,3,25,0,0.012724622,27.692838090999985,48.85284338099882
context_no_reactivation_B25,461566,warehouse_small_kiva,stationary,4662,2.331,1,3,25,0,0.056040713,27.75367442400001,49.326752382999985
exact_even_B25,461566,warehouse_small_kiva,stationary,4521,2.2605,1,25,25,0,0.26390720300000003,27.23540552400002,47.69595599701279
exact_even_G4,461566,warehouse_small_kiva,stationary,4254,2.127,1,4,4,0,0.068356604,26.98575030399999,46.82351012600702
exact_even_G5,461566,warehouse_small_kiva,stationary,4523,2.2615,1,5,5,0,0.015707365,26.035299722999994,44.847522560012294
js_cap_G5,461566,warehouse_small_kiva,stationary,4266,2.133,1,5,5,0,0.0191469,27.465253046999997,47.01445700600743
random_G5,461566,warehouse_small_kiva,stationary,4476,2.238,1,5,5,0,0.068019099,26.08087538100001,44.711313692998374
bootstrap_only,491276,warehouse_small_kiva,abrupt,6402,3.201,1,0,0,0,0.003539156,79.81060220000002,143.39210063000792
context_memory_B25,491276,warehouse_small_kiva,abrupt,7368,3.684,1,5,25,0,0.086285243,84.796682695,148.8090134979866
context_no_reactivation_B25,491276,warehouse_small_kiva,abrupt,7130,3.565,1,4,25,0,0.016254870999999997,83.84856638999999,147.1155134330038
exact_even_B25,491276,warehouse_small_kiva,abrupt,6989,3.4945,1,25,25,0,0.30641106100000004,86.06534973199997,155.00610637498903
exact_even_G4,491276,warehouse_small_kiva,abrupt,6814,3.407,1,4,4,0,0.022593736000000003,79.93252216799999,144.89653664900106
exact_even_G5,491276,warehouse_small_kiva,abrupt,7170,3.585,1,5,5,0,0.028326601,83.4878748,145.5288864239992
js_cap_G5,491276,warehouse_small_kiva,abrupt,6653,3.3265,1,5,5,0,0.022874812,81.01795467000004,145.19993302598596
random_G5,491276,warehouse_small_kiva,abrupt,6113,3.0565,1,5,5,0,0.098619058,77.27227777800002,140.50595972698648
bootstrap_only,491276,warehouse_small_kiva,recurrent,6826,3.413,1,0,0,0,0.004026253,75.542950647,131.30086128300172
context_memory_B25,491276,warehouse_small_kiva,recurrent,7061,3.5305,1,6,25,0,0.014523956999999999,76.16889218300001,131.8048739240039
context_no_reactivation_B25,491276,warehouse_small_kiva,recurrent,6855,3.4275,1,5,25,0,0.080458919,74.03386591199997,130.32308034799644
exact_even_B25,491276,warehouse_small_kiva,recurrent,7295,3.6475,1,25,25,0,0.331631965,77.17046141200001,135.78323385998374
exact_even_G4,491276,warehouse_small_kiva,recurrent,6868,3.434,1,4,4,0,0.016784445999999998,76.18044616500003,130.2053512270213
exact_even_G5,491276,warehouse_small_kiva,recurrent,7016,3.508,1,5,5,0,0.152650272,72.96983508499997,128.37153143598698
js_cap_G5,491276,warehouse_small_kiva,recurrent,6768,3.384,1,5,5,0,0.025641951,74.692626147,126.33413013300742
random_G5,491276,warehouse_small_kiva,recurrent,6985,3.4925,1,5,5,0,0.086062424,75.40549226100005,131.59433861399884
bootstrap_only,491276,warehouse_small_kiva,stationary,3389,1.6945,1,0,0,0,0.003205809,72.765826087,122.48815307600307
context_memory_B25,491276,warehouse_small_kiva,stationary,3862,1.931,1,3,25,0,0.08334928600000001,76.98061882100001,131.92822372799856
context_no_reactivation_B25,491276,warehouse_small_kiva,stationary,3862,1.931,1,3,25,0,0.155526035,74.965048517,132.18402666700422
exact_even_B25,491276,warehouse_small_kiva,stationary,3938,1.969,1,25,25,0,0.3777863820000001,74.25703200400004,136.11640479500056
exact_even_G4,491276,warehouse_small_kiva,stationary,3531,1.7655,1,4,4,0,0.019953674999999997,74.78415251999995,126.91801452601794
exact_even_G5,491276,warehouse_small_kiva,stationary,3633,1.8165,1,5,5,0,0.019291675,77.58759999999998,129.71125692498754
js_cap_G5,491276,warehouse_small_kiva,stationary,3768,1.884,1,5,5,0,0.090370369,76.38269327399998,129.8037012409768
random_G5,491276,warehouse_small_kiva,stationary,3186,1.593,1,5,5,0,0.028376242,76.326155114,129.79468101801467
bootstrap_only,500976,warehouse_small_kiva,abrupt,6283,3.1415,1,0,0,0,0.003214835,13.307100903000002,26.555831631994806
context_memory_B25,500976,warehouse_small_kiva,abrupt,6683,3.3415,1,5,25,0,0.014385421,13.272018197000001,27.832510182983242
context_no_reactivation_B25,500976,warehouse_small_kiva,abrupt,6683,3.3415,1,5,25,0,0.043427404,14.231474558000006,27.380203122011153
exact_even_B25,500976,warehouse_small_kiva,abrupt,6429,3.2145,1,25,25,0,0.06371692400000001,14.033699511999995,27.084504330996424
exact_even_G4,500976,warehouse_small_kiva,abrupt,6123,3.0615,1,4,4,0,0.010808064000000001,13.522465205999998,26.114653909986373
exact_even_G5,500976,warehouse_small_kiva,abrupt,6812,3.406,1,5,5,0,0.013517987,13.902295937000002,26.464326749002794
js_cap_G5,500976,warehouse_small_kiva,abrupt,6180,3.09,1,5,5,0,0.014650566,12.934723725000005,25.57955155702075
random_G5,500976,warehouse_small_kiva,abrupt,6411,3.2055,1,5,5,0,0.01577703,13.45644164099999,26.18222580300062
bootstrap_only,500976,warehouse_small_kiva,recurrent,6146,3.073,1,0,0,0,0.004673621,43.27388121999999,95.00389260498923
context_memory_B25,500976,warehouse_small_kiva,recurrent,5811,2.9055,1,4,25,0,0.019025574,40.179160938,91.82863972999621
context_no_reactivation_B25,500976,warehouse_small_kiva,recurrent,5811,2.9055,1,4,25,0,0.017893105000000003,41.65456768199999,88.4068485260068
exact_even_B25,500976,warehouse_small_kiva,recurrent,6285,3.1425,1,25,25,0,0.308377081,43.59015786300001,98.59066088998225
exact_even_G4,500976,warehouse_small_kiva,recurrent,5589,2.7945,1,4,4,0,0.078468257,39.515639125,83.40288219600916
exact_even_G5,500976,warehouse_small_kiva,recurrent,6135,3.0675,1,5,5,0,0.14212210299999997,41.54270472999998,88.98210793102044
js_cap_G5,500976,warehouse_small_kiva,recurrent,5525,2.7625,1,5,5,0,0.017827662,37.61313244900001,80.38875026101596
random_G5,500976,warehouse_small_kiva,recurrent,5719,2.8595,1,5,5,0,0.08571930800000001,46.22513785200002,101.82943971300847
bootstrap_only,500976,warehouse_small_kiva,stationary,3156,1.578,1,0,0,0,0.012293562,69.40352240999997,112.00070950697409
context_memory_B25,500976,warehouse_small_kiva,stationary,3324,1.662,1,3,25,0,0.15281281,71.64071472299999,116.92222367197974
context_no_reactivation_B25,500976,warehouse_small_kiva,stationary,3324,1.662,1,3,25,0,0.011379090000000001,69.90488583499999,115.48710101799225
exact_even_B25,500976,warehouse_small_kiva,stationary,3158,1.579,1,25,25,0,0.34853233899999997,70.04707282700001,114.9171106449794
exact_even_G4,500976,warehouse_small_kiva,stationary,3432,1.716,1,4,4,0,0.081810104,71.06904844699996,115.98467682002229
exact_even_G5,500976,warehouse_small_kiva,stationary,3183,1.5915,1,5,5,0,0.13729803200000001,72.29071919399999,114.39200736500788
js_cap_G5,500976,warehouse_small_kiva,stationary,3626,1.813,1,5,5,0,0.023373407000000006,67.64330239799997,110.70906139700674
random_G5,500976,warehouse_small_kiva,stationary,3335,1.6675,1,5,5,0,0.019437885000000002,70.58746634799999,112.79518289901898
bootstrap_only,523055,warehouse_small_kiva,abrupt,4996,2.498,1,0,0,0,0.005070791,70.828608368,122.47709983598907
context_memory_B25,523055,warehouse_small_kiva,abrupt,4572,2.286,1,4,25,0,0.06863191399999999,69.92692145899998,122.00444951400277
context_no_reactivation_B25,523055,warehouse_small_kiva,abrupt,4572,2.286,1,4,25,0,0.017955944,68.24432483300001,120.41491456498625
exact_even_B25,523055,warehouse_small_kiva,abrupt,4631,2.3155,1,25,25,0,0.19156934699999997,66.90217233500002,120.69318184201256
exact_even_G4,523055,warehouse_small_kiva,abrupt,4753,2.3765,1,4,4,0,0.018997718,71.39808364899999,123.79727331298636
exact_even_G5,523055,warehouse_small_kiva,abrupt,4930,2.465,1,5,5,0,0.047182175,69.95716176100002,120.31901094099157
js_cap_G5,523055,warehouse_small_kiva,abrupt,4633,2.3165,1,5,5,0,0.019884815999999996,70.022444843,121.21867504500551
random_G5,523055,warehouse_small_kiva,abrupt,4334,2.167,1,5,5,0,0.020408081,69.99444062100001,119.87227757499204
bootstrap_only,523055,warehouse_small_kiva,recurrent,6139,3.0695,1,0,0,0,0.006248692,80.66273741599998,140.7227508579963
context_memory_B25,523055,warehouse_small_kiva,recurrent,6059,3.0295,1,6,25,0,0.017392935,80.61919452599999,148.47920344400336
context_no_reactivation_B25,523055,warehouse_small_kiva,recurrent,5990,2.995,1,5,25,0,0.08930305499999999,82.04790825500005,147.82639301999006
exact_even_B25,523055,warehouse_small_kiva,recurrent,6489,3.2445,1,25,25,0,0.29767457900000005,83.490989808,156.5097522889846
exact_even_G4,523055,warehouse_small_kiva,recurrent,5849,2.9245,1,4,4,0,0.084800783,82.19237879,148.3175709110219
exact_even_G5,523055,warehouse_small_kiva,recurrent,6276,3.138,1,5,5,0,0.096204366,81.14691399300003,147.68230196498916
js_cap_G5,523055,warehouse_small_kiva,recurrent,5332,2.666,1,5,5,0,0.167989848,79.27859578900001,143.3181246969907
random_G5,523055,warehouse_small_kiva,recurrent,6255,3.1275,1,5,5,0,0.09171637099999999,80.91242168300002,145.19023686798755
bootstrap_only,523055,warehouse_small_kiva,stationary,4638,2.319,1,0,0,0,0.00660826,81.48403841000003,134.89540025801398
context_memory_B25,523055,warehouse_small_kiva,stationary,4291,2.1455,1,3,25,0,0.095338258,80.41940268100005,132.6859431389894
context_no_reactivation_B25,523055,warehouse_small_kiva,stationary,4291,2.1455,1,3,25,0,0.014115777999999999,75.92803468899997,134.81189939001342
exact_even_B25,523055,warehouse_small_kiva,stationary,4335,2.1675,1,25,25,0,0.376316244,77.95622453700004,137.38996294498793
exact_even_G4,523055,warehouse_small_kiva,stationary,4464,2.232,1,4,4,0,0.01428986,78.547663365,132.59082259301795
exact_even_G5,523055,warehouse_small_kiva,stationary,4223,2.1115,1,5,5,0,0.09195021299999999,78.25165260799999,129.52328495599795
js_cap_G5,523055,warehouse_small_kiva,stationary,4378,2.189,1,5,5,0,0.158415604,78.39950610000002,134.19544118500198
random_G5,523055,warehouse_small_kiva,stationary,4451,2.2255,1,5,5,0,0.026866078999999998,80.96439066199996,134.79413110102178
bootstrap_only,526869,warehouse_small_kiva,abrupt,5546,2.773,1,0,0,0,0.008464869,79.47260017100001,143.19235726399347
context_memory_B25,526869,warehouse_small_kiva,abrupt,5587,2.7935,1,4,25,0,0.094413633,79.80574585500001,143.79606034100289
context_no_reactivation_B25,526869,warehouse_small_kiva,abrupt,5587,2.7935,1,4,25,0,0.084102354,80.77373813899996,146.68232784900465
exact_even_B25,526869,warehouse_small_kiva,abrupt,5464,2.732,1,25,25,0,0.511504551,81.33414682499998,150.6980433690187
exact_even_G4,526869,warehouse_small_kiva,abrupt,5662,2.831,1,4,4,0,0.088547632,81.79261614299999,147.1828260429902
exact_even_G5,526869,warehouse_small_kiva,abrupt,5132,2.566,1,5,5,0,0.102902752,78.56888098000005,144.41727443400305
js_cap_G5,526869,warehouse_small_kiva,abrupt,4837,2.4185,1,5,5,0,0.022851271000000003,80.79868190299999,147.78020167100476
random_G5,526869,warehouse_small_kiva,abrupt,5107,2.5535,1,5,5,0,0.02116434,77.97464142999999,143.49875323698507
bootstrap_only,526869,warehouse_small_kiva,recurrent,4921,2.4605,1,0,0,0,0.064450388,73.32158069999997,122.74013771099271
context_memory_B25,526869,warehouse_small_kiva,recurrent,5541,2.7705,1,4,25,0,0.015944009,71.79590080900003,121.13108977599768
context_no_reactivation_B25,526869,warehouse_small_kiva,recurrent,5541,2.7705,1,4,25,0,0.014932115000000003,71.84509184100001,124.00927341700299
exact_even_B25,526869,warehouse_small_kiva,recurrent,6261,3.1305,1,25,25,0,0.17218764899999997,71.452275411,125.58966967600281
exact_even_G4,526869,warehouse_small_kiva,recurrent,5595,2.7975,1,4,4,0,0.013778072999999998,69.87209901800001,120.13124063899159
exact_even_G5,526869,warehouse_small_kiva,recurrent,5926,2.963,1,5,5,0,0.09444419100000001,68.74650476800002,119.1077307619853
js_cap_G5,526869,warehouse_small_kiva,recurrent,6077,3.0385,1,5,5,0,0.038612049,70.43080282200002,119.90493516999413
random_G5,526869,warehouse_small_kiva,recurrent,5454,2.727,1,5,5,0,0.013170925,72.48387321,123.43254733301
bootstrap_only,526869,warehouse_small_kiva,stationary,4062,2.031,1,0,0,0,0.005195757,28.547557237999992,48.30264286900638
context_memory_B25,526869,warehouse_small_kiva,stationary,4010,2.005,1,3,25,0,0.010783648,26.726676884000003,47.14398783299839
context_no_reactivation_B25,526869,warehouse_small_kiva,stationary,4010,2.005,1,3,25,0,0.076453032,27.117475325999994,46.43250409400207
exact_even_B25,526869,warehouse_small_kiva,stationary,4073,2.0365,1,25,25,0,0.12280256500000002,27.083283937000004,48.35135378901032
exact_even_G4,526869,warehouse_small_kiva,stationary,4238,2.119,1,4,4,0,0.014387321,26.593955914000002,47.13864308100892
exact_even_G5,526869,warehouse_small_kiva,stationary,4294,2.147,1,5,5,0,0.020220765,26.882136876,45.406256646994734
js_cap_G5,526869,warehouse_small_kiva,stationary,4084,2.042,1,5,5,0,0.018330644,26.730890308,46.68509947601706
random_G5,526869,warehouse_small_kiva,stationary,4191,2.0955,1,5,5,0,0.017395711999999997,28.087054854999995,46.595921431988245
bootstrap_only,534821,warehouse_small_kiva,abrupt,6436,3.218,1,0,0,0,0.006237354,72.292450764,136.10121889199945
context_memory_B25,534821,warehouse_small_kiva,abrupt,7186,3.593,1,6,25,0,0.024745737999999996,72.22134782799996,132.6031436829944
context_no_reactivation_B25,534821,warehouse_small_kiva,abrupt,7186,3.593,1,6,25,0,0.087007302,68.542044148,130.81608242198126
exact_even_B25,534821,warehouse_small_kiva,abrupt,7260,3.63,1,25,25,0,0.33088866400000005,71.537327067,134.67297443302232
exact_even_G4,534821,warehouse_small_kiva,abrupt,7164,3.582,1,4,4,0,0.034482461000000006,68.78284826699995,130.77467874801368
exact_even_G5,534821,warehouse_small_kiva,abrupt,6405,3.2025,1,5,5,0,0.092850814,66.34878743100003,125.67520816801698
js_cap_G5,534821,warehouse_small_kiva,abrupt,6838,3.419,1,5,5,0,0.04138839899999999,67.58379073299997,128.97024043800775
random_G5,534821,warehouse_small_kiva,abrupt,6550,3.275,1,5,5,0,0.213873729,68.77262092400001,131.19864866600255
bootstrap_only,534821,warehouse_small_kiva,recurrent,6344,3.172,1,0,0,0,0.003700727,28.105169412000002,51.49903646600433
context_memory_B25,534821,warehouse_small_kiva,recurrent,6010,3.005,1,4,25,0,0.065586714,28.933537662,53.581176690000575
context_no_reactivation_B25,534821,warehouse_small_kiva,recurrent,5931,2.9655,1,4,25,0,0.014232199000000001,27.953056898,50.99861810600851
exact_even_B25,534821,warehouse_small_kiva,recurrent,6628,3.314,1,25,25,0,0.223677937,28.898155956000007,53.61004517800757
exact_even_G4,534821,warehouse_small_kiva,recurrent,6333,3.1665,1,4,4,0,0.015477453999999998,28.647128677000005,49.30825380102033
exact_even_G5,534821,warehouse_small_kiva,recurrent,6248,3.124,1,5,5,0,0.017023941,29.792521627999996,53.473847179993754
js_cap_G5,534821,warehouse_small_kiva,recurrent,6386,3.193,1,5,5,0,0.068686155,27.745064896000006,49.52424805800547
random_G5,534821,warehouse_small_kiva,recurrent,5658,2.829,1,5,5,0,0.020768507,28.652685821000013,51.18188523600111
bootstrap_only,534821,warehouse_small_kiva,stationary,4184,2.092,1,0,0,0,0.003977347,27.305640882,47.900655768986326
context_memory_B25,534821,warehouse_small_kiva,stationary,4285,2.1425,1,3,25,0,0.011271917000000001,27.35985059000001,48.51247243199032
context_no_reactivation_B25,534821,warehouse_small_kiva,stationary,4285,2.1425,1,3,25,0,0.01385683,28.129469382999996,50.10453123599291
exact_even_B25,534821,warehouse_small_kiva,stationary,4220,2.11,1,25,25,0,0.134277843,26.978509824000007,48.75094208601513
exact_even_G4,534821,warehouse_small_kiva,stationary,4350,2.175,1,4,4,0,0.068944201,28.524276779,49.678492688020924
exact_even_G5,534821,warehouse_small_kiva,stationary,4263,2.1315,1,5,5,0,0.015772102,27.555490441000007,49.41042575798929
js_cap_G5,534821,warehouse_small_kiva,stationary,4419,2.2095,1,5,5,0,0.015845520000000002,26.926694490999996,47.78168019998702
random_G5,534821,warehouse_small_kiva,stationary,4358,2.179,1,5,5,0,0.018079047999999997,27.312020935999996,47.983165265992284
bootstrap_only,537643,warehouse_small_kiva,abrupt,4466,2.233,1,0,0,0,0.030650961,12.761878280000001,26.56915714297793
context_memory_B25,537643,warehouse_small_kiva,abrupt,4698,2.349,1,4,25,0,0.012223863,13.512229392000007,28.249977717990987
context_no_reactivation_B25,537643,warehouse_small_kiva,abrupt,4698,2.349,1,4,25,0,0.013376029,13.407982759999998,27.585928710992448
exact_even_B25,537643,warehouse_small_kiva,abrupt,5039,2.5195,1,25,25,0,0.064604255,13.716444576000002,26.968501138995634
exact_even_G4,537643,warehouse_small_kiva,abrupt,5084,2.542,1,4,4,0,0.014908704000000002,12.963024087999996,27.780751896003494
exact_even_G5,537643,warehouse_small_kiva,abrupt,4664,2.332,1,5,5,0,0.050672724,12.827153037,27.14352995698573
js_cap_G5,537643,warehouse_small_kiva,abrupt,5019,2.5095,1,5,5,0,0.017213151,12.896084668000002,26.49291220199666
random_G5,537643,warehouse_small_kiva,abrupt,4960,2.48,1,5,5,0,0.01614901,13.945170028999998,28.362309699994512
bootstrap_only,537643,warehouse_small_kiva,recurrent,5709,2.8545,1,0,0,0,0.004582295,70.051279504,119.81355191100738
context_memory_B25,537643,warehouse_small_kiva,recurrent,6680,3.34,1,5,25,0,0.017189685999999996,73.48465150599999,124.41855854599271
context_no_reactivation_B25,537643,warehouse_small_kiva,recurrent,6743,3.3715,1,5,25,0,0.024222292,73.06512003599998,126.00896878200001
exact_even_B25,537643,warehouse_small_kiva,recurrent,6573,3.2865,1,25,25,0,0.22051410199999996,75.74122821600001,132.9809362149972
exact_even_G4,537643,warehouse_small_kiva,recurrent,6345,3.1725,1,4,4,0,0.013271866999999998,74.28385876099999,125.81878876901465
exact_even_G5,537643,warehouse_small_kiva,recurrent,6401,3.2005,1,5,5,0,0.018306335,68.957289112,122.30336073000217
js_cap_G5,537643,warehouse_small_kiva,recurrent,6240,3.12,1,5,5,0,0.036822563,70.48468493000001,120.77730812400114
random_G5,537643,warehouse_small_kiva,recurrent,6693,3.3465,1,5,5,0,0.09598327000000001,75.09301141999998,126.48585680199903
bootstrap_only,537643,warehouse_small_kiva,stationary,5469,2.7345,1,0,0,0,0.003104056,72.218720643,111.19388165400596
context_memory_B25,537643,warehouse_small_kiva,stationary,5582,2.791,1,4,25,0,0.076458246,71.187384979,115.60599595800159
context_no_reactivation_B25,537643,warehouse_small_kiva,stationary,5582,2.791,1,4,25,0,0.015898935,72.30186568400002,114.70786986598978
exact_even_B25,537643,warehouse_small_kiva,stationary,5860,2.93,1,25,25,0,0.20765773899999992,68.671709134,114.31203252900741
exact_even_G4,537643,warehouse_small_kiva,stationary,5566,2.783,1,4,4,0,0.083907623,72.22262695399995,115.27579742498347
exact_even_G5,537643,warehouse_small_kiva,stationary,5594,2.797,1,5,5,0,0.095145897,71.27232199399997,112.10660224498133
js_cap_G5,537643,warehouse_small_kiva,stationary,5554,2.777,1,5,5,0,0.02241229,72.242952195,114.00273185997503
random_G5,537643,warehouse_small_kiva,stationary,5506,2.753,1,5,5,0,0.09119165600000001,73.38263036000004,116.7135500079894
bootstrap_only,541256,warehouse_small_kiva,abrupt,4207,2.1035,1,0,0,0,0.004310451,70.22242325100002,120.50770344701596
context_memory_B25,541256,warehouse_small_kiva,abrupt,4821,2.4105,1,5,25,0,0.039142602000000006,72.89960198400003,124.48958982899785
context_no_reactivation_B25,541256,warehouse_small_kiva,abrupt,5262,2.631,1,5,25,0,0.142247263,72.78126126099997,127.46518719001324
exact_even_B25,541256,warehouse_small_kiva,abrupt,6220,3.11,1,25,25,0,0.364675138,74.55548177299995,129.89032004601904
exact_even_G4,541256,warehouse_small_kiva,abrupt,5188,2.594,1,4,4,0,0.016810397,73.773773026,122.70386699499795
exact_even_G5,541256,warehouse_small_kiva,abrupt,5299,2.6495,1,5,5,0,0.106243665,72.06975236199999,122.12565456700395
js_cap_G5,541256,warehouse_small_kiva,abrupt,4872,2.436,1,5,5,0,0.147389751,71.12602853499999,123.92489271101658
random_G5,541256,warehouse_small_kiva,abrupt,4538,2.269,1,5,5,0,0.07912062400000001,71.73616033100001,121.98245943599613
bootstrap_only,541256,warehouse_small_kiva,recurrent,6215,3.1075,1,0,0,0,0.005178385,80.00468618099997,143.61543350099237
context_memory_B25,541256,warehouse_small_kiva,recurrent,6044,3.022,1,4,25,0,0.013717275,83.03788867799997,149.01246026699664
context_no_reactivation_B25,541256,warehouse_small_kiva,recurrent,6047,3.0235,1,4,25,0,0.086067902,81.181734704,146.08318185299868
exact_even_B25,541256,warehouse_small_kiva,recurrent,5645,2.8225,1,25,25,0,0.233167673,78.929560038,148.39829592200113
exact_even_G4,541256,warehouse_small_kiva,recurrent,6251,3.1255,1,4,4,0,0.092563353,81.78507050400002,144.70879925999907
exact_even_G5,541256,warehouse_small_kiva,recurrent,5881,2.9405,1,5,5,0,0.043692285,82.31139408400001,143.39730002899887
js_cap_G5,541256,warehouse_small_kiva,recurrent,5549,2.7745,1,5,5,0,0.16765575,82.70749651800003,149.28655701701064
random_G5,541256,warehouse_small_kiva,recurrent,5896,2.948,1,5,5,0,0.08682715099999999,81.440974959,145.3004379250051
bootstrap_only,541256,warehouse_small_kiva,stationary,5191,2.5955,1,0,0,0,0.003696229,76.244994097,127.49490909799351
context_memory_B25,541256,warehouse_small_kiva,stationary,4855,2.4275,1,3,25,0,0.013282842,74.59936919800002,126.5200322069868
context_no_reactivation_B25,541256,warehouse_small_kiva,stationary,4855,2.4275,1,3,25,0,0.015592775,71.92800523500003,124.800091031997
exact_even_B25,541256,warehouse_small_kiva,stationary,5132,2.566,1,25,25,0,0.4280024529999999,71.41668758500003,126.7937631419918
exact_even_G4,541256,warehouse_small_kiva,stationary,5083,2.5415,1,4,4,0,0.09594255000000002,76.09529376899995,127.29193169099744
exact_even_G5,541256,warehouse_small_kiva,stationary,4995,2.4975,1,5,5,0,0.097646495,73.58047809100002,125.6061011700076
js_cap_G5,541256,warehouse_small_kiva,stationary,4898,2.449,1,5,5,0,0.02090862,73.38109006200001,126.18211511799018
random_G5,541256,warehouse_small_kiva,stationary,4705,2.3525,1,5,5,0,0.093117234,75.2742017,128.08522677101428
bootstrap_only,552654,warehouse_small_kiva,abrupt,4327,2.1635,1,0,0,0,0.004466198,16.682522415000008,34.795815957011655
context_memory_B25,552654,warehouse_small_kiva,abrupt,4451,2.2255,1,4,25,0,0.015792133,26.145540133999997,48.42876605401398
context_no_reactivation_B25,552654,warehouse_small_kiva,abrupt,4451,2.2255,1,4,25,0,0.014586822999999999,16.572920178000004,33.45399683000869
exact_even_B25,552654,warehouse_small_kiva,abrupt,4912,2.456,1,25,25,0,0.11066458000000004,18.45722020199999,36.91763885397813
exact_even_G4,552654,warehouse_small_kiva,abrupt,4172,2.086,1,4,4,0,0.057355331,25.37144601,45.79422571402392
exact_even_G5,552654,warehouse_small_kiva,abrupt,4503,2.2515,1,5,5,0,0.062358496,26.876246197999997,48.4901910549961
js_cap_G5,552654,warehouse_small_kiva,abrupt,4364,2.182,1,5,5,0,0.06100698499999999,22.234539894,42.8984086010023
random_G5,552654,warehouse_small_kiva,abrupt,4216,2.108,1,5,5,0,0.016612546000000002,23.515965091999995,44.17363097000634
bootstrap_only,552654,warehouse_small_kiva,recurrent,4712,2.356,1,0,0,0,0.073495619,78.96908379899997,140.51227454299806
context_memory_B25,552654,warehouse_small_kiva,recurrent,4684,2.342,1,4,25,0,0.08831984799999999,77.75760692999997,137.91925239301054
context_no_reactivation_B25,552654,warehouse_small_kiva,recurrent,4684,2.342,1,4,25,0,0.085728652,76.71808269999998,142.2798181019898
exact_even_B25,552654,warehouse_small_kiva,recurrent,4479,2.2395,1,25,25,0,0.36097311300000007,76.90626019599995,142.802060032991
exact_even_G4,552654,warehouse_small_kiva,recurrent,4572,2.286,1,4,4,0,0.233233508,74.87020150000001,133.18851172202267
exact_even_G5,552654,warehouse_small_kiva,recurrent,4503,2.2515,1,5,5,0,0.15887595300000001,77.69114058900003,144.80009318099474
js_cap_G5,552654,warehouse_small_kiva,recurrent,3885,1.9425,1,5,5,0,0.026400404000000002,79.03590968800002,142.11396623498877
random_G5,552654,warehouse_small_kiva,recurrent,4700,2.35,1,5,5,0,0.020845161,76.222470003,137.50011649701628
bootstrap_only,552654,warehouse_small_kiva,stationary,3477,1.7385,1,0,0,0,0.002991947,66.76706782500001,110.70661754399771
context_memory_B25,552654,warehouse_small_kiva,stationary,3847,1.9235,1,3,25,0,0.08289692099999998,70.546783776,114.42623380100122
context_no_reactivation_B25,552654,warehouse_small_kiva,stationary,3847,1.9235,1,3,25,0,0.13519003300000001,68.94698351800001,118.30138980099582
exact_even_B25,552654,warehouse_small_kiva,stationary,4145,2.0725,1,25,25,0,0.22017408599999996,67.28327564100002,119.58684964399436
exact_even_G4,552654,warehouse_small_kiva,stationary,4056,2.028,1,4,4,0,0.023429315,67.99403182699999,117.39721754900529
exact_even_G5,552654,warehouse_small_kiva,stationary,4135,2.0675,1,5,5,0,0.026508802,72.30844299600001,118.50394403099199
js_cap_G5,552654,warehouse_small_kiva,stationary,3925,1.9625,1,5,5,0,0.19475326999999998,68.04924717600001,113.21228235997842
random_G5,552654,warehouse_small_kiva,stationary,3803,1.9015,1,5,5,0,0.08141688,66.311494361,108.7062130739796
bootstrap_only,560584,warehouse_small_kiva,abrupt,5629,2.8145,1,0,0,0,0.005423774,82.706785493,143.89318326101056
context_memory_B25,560584,warehouse_small_kiva,abrupt,5068,2.534,1,4,25,0,0.091180678,86.02903023200001,152.8813391950098
context_no_reactivation_B25,560584,warehouse_small_kiva,abrupt,5068,2.534,1,4,25,0,0.020245909,81.466553138,147.61038310299045
exact_even_B25,560584,warehouse_small_kiva,abrupt,6007,3.0035,1,25,25,0,0.573250693,82.91414003599999,155.40885788601008
exact_even_G4,560584,warehouse_small_kiva,abrupt,5783,2.8915,1,4,4,0,0.08589872800000001,84.84258627900005,144.4986224929744
exact_even_G5,560584,warehouse_small_kiva,abrupt,5706,2.853,1,5,5,0,0.026425254000000002,81.94286295600003,147.48958196298918
js_cap_G5,560584,warehouse_small_kiva,abrupt,5653,2.8265,1,5,5,0,0.020644703,83.52052389600001,145.70452933901106
random_G5,560584,warehouse_small_kiva,abrupt,5447,2.7235,1,5,5,0,0.019024942,82.80980046199998,144.69931291698595
bootstrap_only,560584,warehouse_small_kiva,recurrent,5718,2.859,1,0,0,0,0.005372755,82.99136310200001,146.38366904301802
context_memory_B25,560584,warehouse_small_kiva,recurrent,5033,2.5165,1,5,25,0,0.155330197,79.29169771699999,144.9167341659777
context_no_reactivation_B25,560584,warehouse_small_kiva,recurrent,5013,2.5065,1,5,25,0,0.162491893,81.291218283,140.389923448005
exact_even_B25,560584,warehouse_small_kiva,recurrent,4619,2.3095,1,25,25,0,0.511734828,80.35986705299997,146.600069084001
exact_even_G4,560584,warehouse_small_kiva,recurrent,5048,2.524,1,4,4,0,0.018404916,81.428340601,141.2129551639955
exact_even_G5,560584,warehouse_small_kiva,recurrent,5280,2.64,1,5,5,0,0.098026956,81.74480146200001,145.09584251098568
js_cap_G5,560584,warehouse_small_kiva,recurrent,4461,2.2305,1,5,5,0,0.028958199,80.524860106,139.9878002370242
random_G5,560584,warehouse_small_kiva,recurrent,4715,2.3575,1,5,5,0,0.019824597,78.12982493100002,144.5838666440104
bootstrap_only,560584,warehouse_small_kiva,stationary,3407,1.7035,1,0,0,0,0.003948403,66.171452084,108.7949684340274
context_memory_B25,560584,warehouse_small_kiva,stationary,3688,1.844,1,3,25,0,0.013248395,65.431499471,111.11930182899232
context_no_reactivation_B25,560584,warehouse_small_kiva,stationary,3688,1.844,1,3,25,0,0.073832613,69.114746578,112.89028345400584
exact_even_B25,560584,warehouse_small_kiva,stationary,3660,1.83,1,25,25,0,0.329387426,68.240127368,112.47597496098024
exact_even_G4,560584,warehouse_small_kiva,stationary,3591,1.7955,1,4,4,0,0.088556405,68.118651053,112.41024999599904
exact_even_G5,560584,warehouse_small_kiva,stationary,3423,1.7115,1,5,5,0,0.021047735999999997,66.35644947399997,111.48483828801545
js_cap_G5,560584,warehouse_small_kiva,stationary,3705,1.8525,1,5,5,0,0.021619523,63.96282747300001,108.68885867501376
random_G5,560584,warehouse_small_kiva,stationary,3383,1.6915,1,5,5,0,0.019699799,68.16238027099999,112.70690822700271
bootstrap_only,583444,warehouse_small_kiva,abrupt,6438,3.219,1,0,0,0,0.007795562,83.55769200500002,142.77393465099158
context_memory_B25,583444,warehouse_small_kiva,abrupt,6956,3.478,1,4,25,0,0.159262549,83.27482891200002,143.9843985149928
context_no_reactivation_B25,583444,warehouse_small_kiva,abrupt,6956,3.478,1,4,25,0,0.091416655,83.89579985999998,146.31026114500128
exact_even_B25,583444,warehouse_small_kiva,abrupt,7065,3.5325,1,25,25,0,0.450388419,84.015710508,154.79851265600882
exact_even_G4,583444,warehouse_small_kiva,abrupt,7018,3.509,1,4,4,0,0.09076398899999999,81.34629183000004,144.20012731201132
exact_even_G5,583444,warehouse_small_kiva,abrupt,6731,3.3655,1,5,5,0,0.09829517800000001,81.94488769700001,142.71685291599715
js_cap_G5,583444,warehouse_small_kiva,abrupt,6221,3.1105,1,5,5,0,0.021540554,84.42942087700001,148.0945750940009
random_G5,583444,warehouse_small_kiva,abrupt,6611,3.3055,1,5,5,0,0.104166073,79.339797527,142.22215418700944
bootstrap_only,583444,warehouse_small_kiva,recurrent,5870,2.935,1,0,0,0,0.070642664,72.037846916,121.80656720299157
context_memory_B25,583444,warehouse_small_kiva,recurrent,6041,3.0205,1,4,25,0,0.014426454999999998,66.50682925799998,119.87442414599354
context_no_reactivation_B25,583444,warehouse_small_kiva,recurrent,6082,3.041,1,4,25,0,0.13581397,71.06955346300002,123.16896646399982
exact_even_B25,583444,warehouse_small_kiva,recurrent,6456,3.228,1,25,25,0,0.41041485799999994,72.18732735399996,128.91637727501802
exact_even_G4,583444,warehouse_small_kiva,recurrent,5981,2.9905,1,4,4,0,0.014365802,69.76183537,119.4740472290141
exact_even_G5,583444,warehouse_small_kiva,recurrent,6058,3.029,1,5,5,0,0.18192005899999997,71.42124577999998,122.48578260300565
js_cap_G5,583444,warehouse_small_kiva,recurrent,5813,2.9065,1,5,5,0,0.115210064,70.82639299500002,123.6204306439904
random_G5,583444,warehouse_small_kiva,recurrent,5197,2.5985,1,5,5,0,0.15916265899999998,68.63667303700002,121.1680846310046
bootstrap_only,583444,warehouse_small_kiva,stationary,3552,1.776,1,0,0,0,0.00376051,75.25382408200001,126.69291188000352
context_memory_B25,583444,warehouse_small_kiva,stationary,3872,1.936,1,3,25,0,0.018749455,77.21572825,135.01423915001214
context_no_reactivation_B25,583444,warehouse_small_kiva,stationary,3872,1.936,1,3,25,0,0.018190868,77.02840385900004,130.18377061601495
exact_even_B25,583444,warehouse_small_kiva,stationary,3457,1.7285,1,25,25,0,0.5177861810000001,76.13220339899999,138.79576272598933
exact_even_G4,583444,warehouse_small_kiva,stationary,3531,1.7655,1,4,4,0,0.01546343,75.28918700600002,127.11395656201057
exact_even_G5,583444,warehouse_small_kiva,stationary,3487,1.7435,1,5,5,0,0.093572011,76.648850377,129.3085215689789
js_cap_G5,583444,warehouse_small_kiva,stationary,3293,1.6465,1,5,5,0,0.109958984,75.88297661200004,132.37882339101634
random_G5,583444,warehouse_small_kiva,stationary,3604,1.802,1,5,5,0,0.16049125600000003,77.580475666,132.92669957899489
bootstrap_only,585455,warehouse_small_kiva,abrupt,5861,2.9305,1,0,0,0,0.002357936,30.403357738999997,54.07493091400829
context_memory_B25,585455,warehouse_small_kiva,abrupt,6154,3.077,1,5,25,0,0.018008863,29.552141180000003,53.74887317197863
context_no_reactivation_B25,585455,warehouse_small_kiva,abrupt,6154,3.077,1,5,25,0,0.018617986,29.493584368,52.6833332060196
exact_even_B25,585455,warehouse_small_kiva,abrupt,6221,3.1105,1,25,25,0,0.065551635,29.51003385399999,54.38134321701364
exact_even_G4,585455,warehouse_small_kiva,abrupt,5423,2.7115,1,4,4,0,0.111862873,28.114506497999997,50.669379469996784
exact_even_G5,585455,warehouse_small_kiva,abrupt,5932,2.966,1,5,5,0,0.015937032,29.806626117999986,50.48886831197888
js_cap_G5,585455,warehouse_small_kiva,abrupt,5849,2.9245,1,5,5,0,0.021714339,28.445766001999992,54.4209136540012
random_G5,585455,warehouse_small_kiva,abrupt,6105,3.0525,1,5,5,0,0.06759897000000001,29.296225227,54.431877157010604
bootstrap_only,585455,warehouse_small_kiva,recurrent,7175,3.5875,1,0,0,0,0.003505257,85.83321773000002,146.29684845000156
context_memory_B25,585455,warehouse_small_kiva,recurrent,7363,3.6815,1,7,25,0,0.08612903699999999,80.04368514500004,141.4090934850101
context_no_reactivation_B25,585455,warehouse_small_kiva,recurrent,7246,3.623,1,7,25,0,0.029660866,86.60898070800002,155.30616288099554
exact_even_B25,585455,warehouse_small_kiva,recurrent,7248,3.624,1,25,25,0,0.37510959399999994,84.09804211000005,152.57944145600777
exact_even_G4,585455,warehouse_small_kiva,recurrent,6920,3.46,1,4,4,0,0.017338247,82.45730900600002,145.19276553299278
exact_even_G5,585455,warehouse_small_kiva,recurrent,7251,3.6255,1,5,5,0,0.08712985599999999,85.20253552400003,147.99737454901333
js_cap_G5,585455,warehouse_small_kiva,recurrent,7186,3.593,1,5,5,0,0.091921556,87.7794032,154.08525235200068
random_G5,585455,warehouse_small_kiva,recurrent,6791,3.3955,1,5,5,0,0.09137679200000001,86.449922274,151.6623884960136
bootstrap_only,585455,warehouse_small_kiva,stationary,3657,1.8285,1,0,0,0,0.003764216,65.40169896000002,108.9894844829978
context_memory_B25,585455,warehouse_small_kiva,stationary,3549,1.7745,1,3,25,0,0.073371477,66.485087364,115.71564186600153
context_no_reactivation_B25,585455,warehouse_small_kiva,stationary,3549,1.7745,1,3,25,0,0.013329834,66.752289048,111.987001660018
exact_even_B25,585455,warehouse_small_kiva,stationary,3331,1.6655,1,25,25,0,0.158007857,66.70256882,115.50589735197718
exact_even_G4,585455,warehouse_small_kiva,stationary,3571,1.7855,1,4,4,0,0.156319658,66.02053633399997,108.51184189299238
exact_even_G5,585455,warehouse_small_kiva,stationary,3382,1.691,1,5,5,0,0.11036499599999999,64.48176023199997,108.23599713100703
js_cap_G5,585455,warehouse_small_kiva,stationary,3286,1.643,1,5,5,0,0.0383837,62.623307028000006,109.00560879000113
random_G5,585455,warehouse_small_kiva,stationary,3284,1.642,1,5,5,0,0.072908799,63.485542392000006,109.29711621100432
bootstrap_only,598292,warehouse_small_kiva,abrupt,6454,3.227,1,0,0,0,0.003399666,74.33740649299999,124.18880087099387
context_memory_B25,598292,warehouse_small_kiva,abrupt,6512,3.256,1,4,25,0,0.015078218999999999,74.51946283900001,128.69893464600318
context_no_reactivation_B25,598292,warehouse_small_kiva,abrupt,6512,3.256,1,4,25,0,0.018649419,68.60867027399998,123.58929605598678
exact_even_B25,598292,warehouse_small_kiva,abrupt,6702,3.351,1,25,25,0,0.22342038600000003,80.22497668599999,137.42229949100874
exact_even_G4,598292,warehouse_small_kiva,abrupt,6772,3.386,1,4,4,0,0.08232291500000001,71.25252073,123.59040327000548
exact_even_G5,598292,warehouse_small_kiva,abrupt,6579,3.2895,1,5,5,0,0.09281219900000001,78.16165586699998,130.69323747599265
js_cap_G5,598292,warehouse_small_kiva,abrupt,5331,2.6655,1,5,5,0,0.017078344999999998,71.98542939099998,122.92713517398806
random_G5,598292,warehouse_small_kiva,abrupt,6234,3.117,1,5,5,0,0.087719819,72.690635636,124.0028635209892
bootstrap_only,598292,warehouse_small_kiva,recurrent,5603,2.8015,1,0,0,0,0.003318234,77.67078727,141.10894691001158
context_memory_B25,598292,warehouse_small_kiva,recurrent,6370,3.185,1,4,25,0,0.012250859,83.39857062299997,150.99089822699898
context_no_reactivation_B25,598292,warehouse_small_kiva,recurrent,6394,3.197,1,4,25,0,0.154141902,82.684443697,150.19807050700183
exact_even_B25,598292,warehouse_small_kiva,recurrent,6335,3.1675,1,25,25,0,0.23778627100000002,85.50436221099997,161.0000206050172
exact_even_G4,598292,warehouse_small_kiva,recurrent,6377,3.1885,1,4,4,0,0.087847886,88.10905590200001,145.9151073229732
exact_even_G5,598292,warehouse_small_kiva,recurrent,6279,3.1395,1,5,5,0,0.306289778,79.86247398299999,145.00870160502382
js_cap_G5,598292,warehouse_small_kiva,recurrent,4627,2.3135,1,5,5,0,0.096223226,75.21001727299999,139.2186707050132
random_G5,598292,warehouse_small_kiva,recurrent,5958,2.979,1,5,5,0,0.163522987,80.27835906600002,144.30109572500805
bootstrap_only,598292,warehouse_small_kiva,stationary,5206,2.603,1,0,0,0,0.003233383,29.250266866999993,47.68082614601008
context_memory_B25,598292,warehouse_small_kiva,stationary,5188,2.594,1,3,25,0,0.059342557000000004,27.67976388799999,48.4638970560045
context_no_reactivation_B25,598292,warehouse_small_kiva,stationary,5188,2.594,1,3,25,0,0.00962683,26.94501584899999,45.853340647998266
exact_even_B25,598292,warehouse_small_kiva,stationary,5386,2.693,1,25,25,0,0.23153762499999997,28.359049152999994,50.78803590001189
exact_even_G4,598292,warehouse_small_kiva,stationary,4830,2.415,1,4,4,0,0.014378187999999998,27.44485205700001,47.61855573399225
exact_even_G5,598292,warehouse_small_kiva,stationary,5147,2.5735,1,5,5,0,0.017593249,28.798372659999995,49.579550285008736
js_cap_G5,598292,warehouse_small_kiva,stationary,5620,2.81,1,5,5,0,0.074468444,27.404167863999998,47.2977810529992
random_G5,598292,warehouse_small_kiva,stationary,5187,2.5935,1,5,5,0,0.020595371,27.675242045000005,49.701990984001895
bootstrap_only,655067,warehouse_small_kiva,abrupt,5448,2.724,1,0,0,0,0.004031104,27.278155359,49.70436730401707
context_memory_B25,655067,warehouse_small_kiva,abrupt,5468,2.734,1,6,25,0,0.019315295,27.055448375,50.07215905902558
context_no_reactivation_B25,655067,warehouse_small_kiva,abrupt,5468,2.734,1,6,25,0,0.019690660000000002,27.684608992999983,51.50009499999578
exact_even_B25,655067,warehouse_small_kiva,abrupt,5535,2.7675,1,25,25,0,0.114730389,27.47563132999999,50.951482806995045
exact_even_G4,655067,warehouse_small_kiva,abrupt,5253,2.6265,1,4,4,0,0.013786647,27.346913815000004,49.51475613799994
exact_even_G5,655067,warehouse_small_kiva,abrupt,5336,2.668,1,5,5,0,0.06827743400000001,26.561017232000005,49.008717712014914
js_cap_G5,655067,warehouse_small_kiva,abrupt,5072,2.536,1,5,5,0,0.020235561,27.550686875000007,51.12057952498435
random_G5,655067,warehouse_small_kiva,abrupt,5117,2.5585,1,5,5,0,0.017116058,27.503197186999994,50.7194132959994
bootstrap_only,655067,warehouse_small_kiva,recurrent,7127,3.5635,1,0,0,0,0.005116144,75.09242825,124.3123747909849
context_memory_B25,655067,warehouse_small_kiva,recurrent,7045,3.5225,1,4,25,0,0.011953768,79.70941926300002,130.24443956499454
context_no_reactivation_B25,655067,warehouse_small_kiva,recurrent,6833,3.4165,1,4,25,0,0.029295236000000002,71.759080838,124.87827544100583
exact_even_B25,655067,warehouse_small_kiva,recurrent,7066,3.533,1,25,25,0,0.437782636,78.02672504799999,132.10702891097753
exact_even_G4,655067,warehouse_small_kiva,recurrent,7000,3.5,1,4,4,0,0.025436382,72.25192580000001,121.1986848420056
exact_even_G5,655067,warehouse_small_kiva,recurrent,7211,3.6055,1,5,5,0,0.018994596,73.431821803,126.01310681097675
js_cap_G5,655067,warehouse_small_kiva,recurrent,6907,3.4535,1,5,5,0,0.08807234499999998,73.00854512499998,123.99897093800246
random_G5,655067,warehouse_small_kiva,recurrent,7352,3.676,1,5,5,0,0.024238923,78.16800440500002,130.22368577998714
bootstrap_only,655067,warehouse_small_kiva,stationary,3193,1.5965,1,0,0,0,0.003719202,78.81120317000003,128.67291209701216
context_memory_B25,655067,warehouse_small_kiva,stationary,3343,1.6715,1,3,25,0,0.018505269,77.908112951,133.52600569400238
context_no_reactivation_B25,655067,warehouse_small_kiva,stationary,3343,1.6715,1,3,25,0,0.016479502,77.99354306699999,134.4010642580106
exact_even_B25,655067,warehouse_small_kiva,stationary,3255,1.6275,1,25,25,0,0.36914564199999994,76.02502866199997,131.89789833198301
exact_even_G4,655067,warehouse_small_kiva,stationary,3091,1.5455,1,4,4,0,0.018506071,75.313696928,129.40664281099453
exact_even_G5,655067,warehouse_small_kiva,stationary,3093,1.5465,1,5,5,0,0.020632666,73.14160713500003,128.38304717899882
js_cap_G5,655067,warehouse_small_kiva,stationary,3016,1.508,1,5,5,0,0.027581042000000004,74.156401025,126.29349551000632
random_G5,655067,warehouse_small_kiva,stationary,3067,1.5335,1,5,5,0,0.091678063,75.26102555199999,124.70349272200838
bootstrap_only,657283,warehouse_small_kiva,abrupt,6707,3.3535,1,0,0,0,0.002636391,39.16244031299998,85.82940126900212
context_memory_B25,657283,warehouse_small_kiva,abrupt,6897,3.4485,1,4,25,0,0.013718532000000002,38.534239533000004,82.51203300699126
context_no_reactivation_B25,657283,warehouse_small_kiva,abrupt,6985,3.4925,1,5,25,0,0.090887896,38.57995279199999,85.70278237501043
exact_even_B25,657283,warehouse_small_kiva,abrupt,7043,3.5215,1,25,25,0,0.078194324,40.049870331999976,86.29899122900679
exact_even_G4,657283,warehouse_small_kiva,abrupt,6506,3.253,1,4,4,0,0.065629359,37.689242022,82.23504428999149
exact_even_G5,657283,warehouse_small_kiva,abrupt,6758,3.379,1,5,5,0,0.020721834999999997,39.050214028000006,83.68253108600038
js_cap_G5,657283,warehouse_small_kiva,abrupt,6351,3.1755,1,5,5,0,0.025475465000000003,39.429078472000015,83.831396485999
random_G5,657283,warehouse_small_kiva,abrupt,6611,3.3055,1,5,5,0,0.074291898,37.30565241500001,81.38025361500331
bootstrap_only,657283,warehouse_small_kiva,recurrent,5741,2.8705,1,0,0,0,0.003009417,28.383149835999994,49.239492180000525
context_memory_B25,657283,warehouse_small_kiva,recurrent,6170,3.085,1,5,25,0,0.07764771300000001,28.360906774,52.338885266013676
context_no_reactivation_B25,657283,warehouse_small_kiva,recurrent,6205,3.1025,1,5,25,0,0.063768733,30.107722876999993,54.154705886001466
exact_even_B25,657283,warehouse_small_kiva,recurrent,6630,3.315,1,25,25,0,0.266630521,29.455431268000005,53.806887276005
exact_even_G4,657283,warehouse_small_kiva,recurrent,6141,3.0705,1,4,4,0,0.013512981,27.847340349000007,50.94617288999143
exact_even_G5,657283,warehouse_small_kiva,recurrent,6388,3.194,1,5,5,0,0.016455812,30.289298459999994,55.79819205199601
js_cap_G5,657283,warehouse_small_kiva,recurrent,6093,3.0465,1,5,5,0,0.017685781,29.129614158,52.39827872099704
random_G5,657283,warehouse_small_kiva,recurrent,6508,3.254,1,5,5,0,0.021217757999999996,29.938478051000008,53.20859429897973
bootstrap_only,657283,warehouse_small_kiva,stationary,3489,1.7445,1,0,0,0,0.002925127,26.122020278999994,46.20954059401993
context_memory_B25,657283,warehouse_small_kiva,stationary,3632,1.816,1,3,25,0,0.014071106,26.986791416999992,47.563969004986575
context_no_reactivation_B25,657283,warehouse_small_kiva,stationary,3632,1.816,1,3,25,0,0.013797638,28.03328998199999,48.668593857000815
exact_even_B25,657283,warehouse_small_kiva,stationary,3616,1.808,1,25,25,0,0.16429844999999998,25.905837075999997,47.210176947992295
exact_even_G4,657283,warehouse_small_kiva,stationary,3722,1.861,1,4,4,0,0.016295655000000003,27.881672916000003,47.41785328701371
exact_even_G5,657283,warehouse_small_kiva,stationary,3851,1.9255,1,5,5,0,0.019437067,27.033979252,47.31451091700001
js_cap_G5,657283,warehouse_small_kiva,stationary,3880,1.94,1,5,5,0,0.017163423,26.846377916,47.939516241982346
random_G5,657283,warehouse_small_kiva,stationary,3600,1.8,1,5,5,0,0.01605582,25.00689915200001,44.4267504849995
bootstrap_only,664860,warehouse_small_kiva,abrupt,4714,2.357,1,0,0,0,0.002889771,68.51815600499998,117.30353770699003
context_memory_B25,664860,warehouse_small_kiva,abrupt,6231,3.1155,1,5,25,0,0.153811245,70.79417122999999,126.18654575099936
context_no_reactivation_B25,664860,warehouse_small_kiva,abrupt,6231,3.1155,1,5,25,0,0.075681918,71.69081175100003,124.09704190900084
exact_even_B25,664860,warehouse_small_kiva,abrupt,6461,3.2305,1,25,25,0,0.22245863300000002,70.508068609,128.02935601197532
exact_even_G4,664860,warehouse_small_kiva,abrupt,5930,2.965,1,4,4,0,0.085053539,73.45669577000001,123.40670712600695
exact_even_G5,664860,warehouse_small_kiva,abrupt,6252,3.126,1,5,5,0,0.017308681,69.39013115,121.6976253890025
js_cap_G5,664860,warehouse_small_kiva,abrupt,5723,2.8615,1,5,5,0,0.027827452,70.91084009100001,123.12211280001793
random_G5,664860,warehouse_small_kiva,abrupt,5835,2.9175,1,5,5,0,0.021572069000000003,72.22852779199997,123.76441152099869
bootstrap_only,664860,warehouse_small_kiva,recurrent,4843,2.4215,1,0,0,0,0.004198145,81.03079669899999,141.99032630200963
context_memory_B25,664860,warehouse_small_kiva,recurrent,6257,3.1285,1,4,25,0,0.014191567999999998,84.08259720600003,146.8081461559923
context_no_reactivation_B25,664860,warehouse_small_kiva,recurrent,6164,3.082,1,4,25,0,0.09147256699999999,82.79423473200002,147.68785240402212
exact_even_B25,664860,warehouse_small_kiva,recurrent,6502,3.251,1,25,25,0,0.570879248,82.42103504900005,149.995208887005
exact_even_G4,664860,warehouse_small_kiva,recurrent,6237,3.1185,1,4,4,0,0.08667016,82.86047989799997,142.29305725399172
exact_even_G5,664860,warehouse_small_kiva,recurrent,6077,3.0385,1,5,5,0,0.095668759,79.36340238300001,141.307872320991
js_cap_G5,664860,warehouse_small_kiva,recurrent,5942,2.971,1,5,5,0,0.166507125,83.30329487299998,145.3033998440078
random_G5,664860,warehouse_small_kiva,recurrent,6003,3.0015,1,5,5,0,0.019687882999999996,81.33563346299997,149.1070212420018
bootstrap_only,664860,warehouse_small_kiva,stationary,5071,2.5355,1,0,0,0,0.004458861,81.25544222699996,136.5979469229933
context_memory_B25,664860,warehouse_small_kiva,stationary,5142,2.571,1,3,25,0,0.014866811,79.37520468299999,133.92025889302022
context_no_reactivation_B25,664860,warehouse_small_kiva,stationary,5142,2.571,1,3,25,0,0.01424752,82.15053212300003,137.99631949901232
exact_even_B25,664860,warehouse_small_kiva,stationary,4867,2.4335,1,25,25,0,0.160659484,79.260771749,138.31997497400152
exact_even_G4,664860,warehouse_small_kiva,stationary,5153,2.5765,1,4,4,0,0.089159562,83.18678877800001,134.01318809000077
exact_even_G5,664860,warehouse_small_kiva,stationary,5083,2.5415,1,5,5,0,0.159718354,80.61460564,132.9884651839966
js_cap_G5,664860,warehouse_small_kiva,stationary,4761,2.3805,1,5,5,0,0.09456808,82.03821608000003,137.00133188301697
random_G5,664860,warehouse_small_kiva,stationary,5194,2.597,1,5,5,0,0.11632298199999999,80.71646963699999,134.1698119250068
bootstrap_only,699809,warehouse_small_kiva,abrupt,5285,2.6425,1,0,0,0,0.003295581,68.35809060099999,120.6086648600176
context_memory_B25,699809,warehouse_small_kiva,abrupt,5527,2.7635,1,5,25,0,0.019430912999999998,69.087203994,126.29820576700149
context_no_reactivation_B25,699809,warehouse_small_kiva,abrupt,5527,2.7635,1,5,25,0,0.016321345,70.12889650999998,127.37707520098775
exact_even_B25,699809,warehouse_small_kiva,abrupt,5843,2.9215,1,25,25,0,0.26388481,73.415704043,133.228630661004
exact_even_G4,699809,warehouse_small_kiva,abrupt,5632,2.816,1,4,4,0,0.08675838000000001,72.54363714400002,129.71722112898715
exact_even_G5,699809,warehouse_small_kiva,abrupt,5481,2.7405,1,5,5,0,0.06801459500000002,70.61013319099999,127.49413740000455
js_cap_G5,699809,warehouse_small_kiva,abrupt,4669,2.3345,1,5,5,0,0.20837215599999998,69.427930476,124.31403723199037
random_G5,699809,warehouse_small_kiva,abrupt,4934,2.467,1,5,5,0,0.093785957,67.448998179,123.33330411999486
bootstrap_only,699809,warehouse_small_kiva,recurrent,5943,2.9715,1,0,0,0,0.004250098,71.45494606600002,121.57587629399495
context_memory_B25,699809,warehouse_small_kiva,recurrent,5981,2.9905,1,4,25,0,0.019664001,73.20841377699995,128.99951568400138
context_no_reactivation_B25,699809,warehouse_small_kiva,recurrent,5947,2.9735,1,4,25,0,0.017179553,74.36534055400003,126.12286145798862
exact_even_B25,699809,warehouse_small_kiva,recurrent,6052,3.026,1,25,25,0,0.335151205,72.451546586,128.08257522099302
exact_even_G4,699809,warehouse_small_kiva,recurrent,6415,3.2075,1,4,4,0,0.022685575,72.93717368300003,123.60497471899725
exact_even_G5,699809,warehouse_small_kiva,recurrent,6331,3.1655,1,5,5,0,0.019006526000000003,72.33717966299996,124.30359748599585
js_cap_G5,699809,warehouse_small_kiva,recurrent,5519,2.7595,1,5,5,0,0.09869333300000001,71.726607171,121.70550162400468
random_G5,699809,warehouse_small_kiva,recurrent,6429,3.2145,1,5,5,0,0.23184055399999998,72.33367391300001,122.41830156199285
bootstrap_only,699809,warehouse_small_kiva,stationary,3888,1.944,1,0,0,0,0.00305378,70.47376845799995,113.20828233397333
context_memory_B25,699809,warehouse_small_kiva,stationary,4000,2.0,1,3,25,0,0.14394127299999998,70.649311402,116.39075480500469
context_no_reactivation_B25,699809,warehouse_small_kiva,stationary,4000,2.0,1,3,25,0,0.074910817,69.22805874499996,116.12716422902304
exact_even_B25,699809,warehouse_small_kiva,stationary,3795,1.8975,1,25,25,0,0.304961185,68.140845071,116.27672806798364
exact_even_G4,699809,warehouse_small_kiva,stationary,3868,1.934,1,4,4,0,0.07135243,69.95895727400001,112.88197819900233
exact_even_G5,699809,warehouse_small_kiva,stationary,3873,1.9365,1,5,5,0,0.018772373000000002,72.02135967800002,116.79471150200698
js_cap_G5,699809,warehouse_small_kiva,stationary,3848,1.924,1,5,5,0,0.086419739,70.72454104199998,113.99358624999877
random_G5,699809,warehouse_small_kiva,stationary,3774,1.887,1,5,5,0,0.081338042,69.825550215,115.4143002750061
bootstrap_only,713041,warehouse_small_kiva,abrupt,5871,2.9355,1,0,0,0,0.064913984,70.698210761,118.57989183501923
context_memory_B25,713041,warehouse_small_kiva,abrupt,6071,3.0355,1,6,25,0,0.031838053,70.89624644300001,123.91861541898106
context_no_reactivation_B25,713041,warehouse_small_kiva,abrupt,6071,3.0355,1,6,25,0,0.019302365999999998,73.55003372799997,127.1969431549951
exact_even_B25,713041,warehouse_small_kiva,abrupt,5677,2.8385,1,25,25,0,0.152192081,72.925832066,127.30013813599362
exact_even_G4,713041,warehouse_small_kiva,abrupt,5636,2.818,1,4,4,0,0.069623541,73.25922306899996,123.20446696699946
exact_even_G5,713041,warehouse_small_kiva,abrupt,6089,3.0445,1,5,5,0,0.029553198999999995,69.07515949400003,119.49929855298251
js_cap_G5,713041,warehouse_small_kiva,abrupt,5249,2.6245,1,5,5,0,0.14022495199999999,73.03801962499999,121.30119061999721
random_G5,713041,warehouse_small_kiva,abrupt,5393,2.6965,1,5,5,0,0.080871481,72.607315119,121.51479465101147
bootstrap_only,713041,warehouse_small_kiva,recurrent,5775,2.8875,1,0,0,0,0.003655236,66.84107428699998,117.86050026799785
context_memory_B25,713041,warehouse_small_kiva,recurrent,5488,2.744,1,4,25,0,0.015468166,76.58800851299999,125.08565551199717
context_no_reactivation_B25,713041,warehouse_small_kiva,recurrent,5488,2.744,1,4,25,0,0.146206316,73.297064724,122.60513861698564
exact_even_B25,713041,warehouse_small_kiva,recurrent,6133,3.0665,1,25,25,0,0.435506614,72.36210825800002,127.6099804219848
exact_even_G4,713041,warehouse_small_kiva,recurrent,5771,2.8855,1,4,4,0,0.146159963,76.53297702,125.91086465498665
exact_even_G5,713041,warehouse_small_kiva,recurrent,6378,3.189,1,5,5,0,0.106370322,77.83836457600002,124.10933386397664
js_cap_G5,713041,warehouse_small_kiva,recurrent,5449,2.7245,1,5,5,0,0.025646865,75.861229103,124.2672783290036
random_G5,713041,warehouse_small_kiva,recurrent,5856,2.928,1,5,5,0,0.095641477,69.94531449099999,115.20636842501699
bootstrap_only,713041,warehouse_small_kiva,stationary,4109,2.0545,1,0,0,0,0.003199141,10.757531423999996,17.672602328006178
context_memory_B25,713041,warehouse_small_kiva,stationary,4410,2.205,1,3,25,0,0.008868113,10.483086361,17.75769297700026
context_no_reactivation_B25,713041,warehouse_small_kiva,stationary,4410,2.205,1,3,25,0,0.009134973000000001,10.801527701999998,17.9200340549869
exact_even_B25,713041,warehouse_small_kiva,stationary,4434,2.217,1,25,25,0,0.058528103000000005,11.087627750999994,19.00012704601977
exact_even_G4,713041,warehouse_small_kiva,stationary,4409,2.2045,1,4,4,0,0.010476872000000002,10.828379276000001,17.441895948984893
exact_even_G5,713041,warehouse_small_kiva,stationary,4212,2.106,1,5,5,0,0.013349076,11.100601788000004,17.885023837996414
js_cap_G5,713041,warehouse_small_kiva,stationary,4358,2.179,1,5,5,0,0.015123602,11.025826440999998,18.188441719015827
random_G5,713041,warehouse_small_kiva,stationary,4613,2.3065,1,5,5,0,0.016236371,11.004194246000006,17.954094450979028
bootstrap_only,880565,warehouse_small_kiva,abrupt,6456,3.228,1,0,0,0,0.00383375,33.82832220899998,69.74128815400763
context_memory_B25,880565,warehouse_small_kiva,abrupt,6987,3.4935,1,7,25,0,0.072969891,34.04243697600002,69.29219892900437
context_no_reactivation_B25,880565,warehouse_small_kiva,abrupt,7212,3.606,1,6,25,0,0.02327096,39.202173877,86.55211758200312
exact_even_B25,880565,warehouse_small_kiva,abrupt,7299,3.6495,1,25,25,0,0.098648396,34.918586831000006,76.33060332201421
exact_even_G4,880565,warehouse_small_kiva,abrupt,7250,3.625,1,4,4,0,0.016110041999999998,39.210391896000004,78.8272914949921
exact_even_G5,880565,warehouse_small_kiva,abrupt,6617,3.3085,1,5,5,0,0.021663843999999998,32.349475786000006,68.81614358301158
js_cap_G5,880565,warehouse_small_kiva,abrupt,6895,3.4475,1,5,5,0,0.024177954,37.342877224,79.51898441600497
random_G5,880565,warehouse_small_kiva,abrupt,6937,3.4685,1,5,5,0,0.07773332399999999,39.189156239000006,80.99680285798968
bootstrap_only,880565,warehouse_small_kiva,recurrent,5562,2.781,1,0,0,0,0.003386626,73.82541624599999,122.30845090700313
context_memory_B25,880565,warehouse_small_kiva,recurrent,7275,3.6375,1,7,25,0,0.132957963,76.08178165000001,130.32050052800332
context_no_reactivation_B25,880565,warehouse_small_kiva,recurrent,7048,3.524,1,7,25,0,0.09208058400000001,75.091689353,127.71456982500968
exact_even_B25,880565,warehouse_small_kiva,recurrent,7018,3.509,1,25,25,0,0.37010866500000006,74.14037107500002,132.88722703797976
exact_even_G4,880565,warehouse_small_kiva,recurrent,7131,3.5655,1,4,4,0,0.01476665,73.542249101,126.0871167340083
exact_even_G5,880565,warehouse_small_kiva,recurrent,7214,3.607,1,5,5,0,0.21293854299999998,72.43429698800001,122.22502839600202
js_cap_G5,880565,warehouse_small_kiva,recurrent,6559,3.2795,1,5,5,0,0.025450050999999998,77.11878439400002,127.40219201700529
random_G5,880565,warehouse_small_kiva,recurrent,6883,3.4415,1,5,5,0,0.06598391,69.62561418799999,119.95365863500047
bootstrap_only,880565,warehouse_small_kiva,stationary,4474,2.237,1,0,0,0,0.002294814,26.580838681000003,45.231410667998716
context_memory_B25,880565,warehouse_small_kiva,stationary,4257,2.1285,1,3,25,0,0.055873201,27.217720173000004,47.17735716700554
context_no_reactivation_B25,880565,warehouse_small_kiva,stationary,4257,2.1285,1,3,25,0,0.013795367,27.152455236,47.53230395397986
exact_even_B25,880565,warehouse_small_kiva,stationary,4125,2.0625,1,25,25,0,0.22161851500000004,26.587822293000006,48.173658849991625
exact_even_G4,880565,warehouse_small_kiva,stationary,4207,2.1035,1,4,4,0,0.01523984,27.528119498999992,46.41104536698549
exact_even_G5,880565,warehouse_small_kiva,stationary,4315,2.1575,1,5,5,0,0.10445648099999999,27.712939529,48.42483061301755
js_cap_G5,880565,warehouse_small_kiva,stationary,4561,2.2805,1,5,5,0,0.019788211999999996,27.618112837000005,49.638632139976835
random_G5,880565,warehouse_small_kiva,stationary,3999,1.9995,1,5,5,0,0.017728784000000004,26.29613997400002,46.77429644600488
bootstrap_only,907962,warehouse_small_kiva,abrupt,6952,3.476,1,0,0,0,0.006318948,72.50926551499998,120.40459758997895
context_memory_B25,907962,warehouse_small_kiva,abrupt,6821,3.4105,1,6,25,0,0.071650014,72.49487040300001,123.98946289499872
context_no_reactivation_B25,907962,warehouse_small_kiva,abrupt,6932,3.466,1,6,25,0,0.086246144,71.802750607,123.32686949300114
exact_even_B25,907962,warehouse_small_kiva,abrupt,7152,3.576,1,25,25,0,0.34178837599999995,73.31129754700001,126.68751693199738
exact_even_G4,907962,warehouse_small_kiva,abrupt,6694,3.347,1,4,4,0,0.22490462,73.85667846299998,124.97954959698836
exact_even_G5,907962,warehouse_small_kiva,abrupt,6458,3.229,1,5,5,0,0.284072687,74.87403521399999,123.52023848399404
js_cap_G5,907962,warehouse_small_kiva,abrupt,6737,3.3685,1,5,5,0,0.077434238,72.16668859200001,123.68509484801325
random_G5,907962,warehouse_small_kiva,abrupt,6497,3.2485,1,5,5,0,0.124323963,70.77824644799998,122.08586946700234
bootstrap_only,907962,warehouse_small_kiva,recurrent,4694,2.347,1,0,0,0,0.002888469,10.947376893,18.884719065972604
context_memory_B25,907962,warehouse_small_kiva,recurrent,5679,2.8395,1,5,25,0,0.010745923000000001,11.349184762999997,19.617188532982254
context_no_reactivation_B25,907962,warehouse_small_kiva,recurrent,5626,2.813,1,5,25,0,0.012290131,11.225353647999999,18.789504446001956
exact_even_B25,907962,warehouse_small_kiva,recurrent,5656,2.828,1,25,25,0,0.053693079,11.145165179,19.672432248975383
exact_even_G4,907962,warehouse_small_kiva,recurrent,5200,2.6,1,4,4,0,0.011083821,10.711286608000002,18.48603717298829
exact_even_G5,907962,warehouse_small_kiva,recurrent,5489,2.7445,1,5,5,0,0.013212668,11.189854941000004,19.03828347902163
js_cap_G5,907962,warehouse_small_kiva,recurrent,5154,2.577,1,5,5,0,0.011682099000000001,11.061574520999995,18.624580007977784
random_G5,907962,warehouse_small_kiva,recurrent,5465,2.7325,1,5,5,0,0.013729674,10.545583136999996,18.359818036988145
bootstrap_only,907962,warehouse_small_kiva,stationary,4020,2.01,1,0,0,0,0.003328639,72.51373483399999,114.97275644299225
context_memory_B25,907962,warehouse_small_kiva,stationary,3843,1.9215,1,3,25,0,0.017867982,68.282442853,112.09703189498396
context_no_reactivation_B25,907962,warehouse_small_kiva,stationary,3843,1.9215,1,3,25,0,0.011943207,67.78138330599998,111.60156508698128
exact_even_B25,907962,warehouse_small_kiva,stationary,4074,2.037,1,25,25,0,0.328834867,69.35638695499996,115.60457342499285
exact_even_G4,907962,warehouse_small_kiva,stationary,4137,2.0685,1,4,4,0,0.015177732,68.23823431599997,111.28644015698228
exact_even_G5,907962,warehouse_small_kiva,stationary,3723,1.8615,1,5,5,0,0.019759109000000004,67.867143212,107.20809787401231
js_cap_G5,907962,warehouse_small_kiva,stationary,3983,1.9915,1,5,5,0,0.15447164600000002,70.48729097699997,112.13527684300789
random_G5,907962,warehouse_small_kiva,stationary,3852,1.926,1,5,5,0,0.160482458,68.18615264899996,108.30725066299783
bootstrap_only,934561,warehouse_small_kiva,abrupt,7295,3.6475,1,0,0,0,0.003430756,30.125665801000014,53.58503948998987
context_memory_B25,934561,warehouse_small_kiva,abrupt,7043,3.5215,1,6,25,0,0.014647658000000001,30.306242159000007,55.72724699001992
context_no_reactivation_B25,934561,warehouse_small_kiva,abrupt,7174,3.587,1,6,25,0,0.01946524,29.852202152999993,53.51840976602398
exact_even_B25,934561,warehouse_small_kiva,abrupt,7258,3.629,1,25,25,0,0.11716683600000001,30.839926393,55.15811521199066
exact_even_G4,934561,warehouse_small_kiva,abrupt,6904,3.452,1,4,4,0,0.014207687,29.872998919,52.58130151699879
exact_even_G5,934561,warehouse_small_kiva,abrupt,7133,3.5665,1,5,5,0,0.060093750999999994,29.420524302,51.71499087402481
js_cap_G5,934561,warehouse_small_kiva,abrupt,6978,3.489,1,5,5,0,0.068011085,30.325799059999994,52.801668026979314
random_G5,934561,warehouse_small_kiva,abrupt,7105,3.5525,1,5,5,0,0.06156742900000001,30.734851292999995,54.397123220027424
bootstrap_only,934561,warehouse_small_kiva,recurrent,5066,2.533,1,0,0,0,0.005205461,29.10384842699999,53.039479883998865
context_memory_B25,934561,warehouse_small_kiva,recurrent,5921,2.9605,1,5,25,0,0.058317630999999995,28.481573303999998,51.18699980300153
context_no_reactivation_B25,934561,warehouse_small_kiva,recurrent,5965,2.9825,1,5,25,0,0.017573262,28.443976952999996,51.76498923901818
exact_even_B25,934561,warehouse_small_kiva,recurrent,6133,3.0665,1,25,25,0,0.256082896,29.22906059600001,53.33646033500554
exact_even_G4,934561,warehouse_small_kiva,recurrent,5568,2.784,1,4,4,0,0.079232337,28.314145922000005,52.8129393250274
exact_even_G5,934561,warehouse_small_kiva,recurrent,5952,2.976,1,5,5,0,0.013822159,29.330627843,52.2493482560094
js_cap_G5,934561,warehouse_small_kiva,recurrent,5071,2.5355,1,5,5,0,0.016264690000000002,28.19270327299999,49.87527285300894
random_G5,934561,warehouse_small_kiva,recurrent,5245,2.6225,1,5,5,0,0.017289319,27.443613078000006,50.19704530001036
bootstrap_only,934561,warehouse_small_kiva,stationary,5734,2.867,1,0,0,0,0.003227176,28.378906632000017,48.56803486699937
context_memory_B25,934561,warehouse_small_kiva,stationary,5351,2.6755,1,4,25,0,0.012953160000000002,28.166510899,48.16445141599979
context_no_reactivation_B25,934561,warehouse_small_kiva,stationary,5351,2.6755,1,4,25,0,0.017114147,26.880129201999996,47.68614696900477
exact_even_B25,934561,warehouse_small_kiva,stationary,5453,2.7265,1,25,25,0,0.16267997199999998,27.425430524000003,48.18813642198802
exact_even_G4,934561,warehouse_small_kiva,stationary,5300,2.65,1,4,4,0,0.059903548,27.92430421,47.407855236000614
exact_even_G5,934561,warehouse_small_kiva,stationary,5283,2.6415,1,5,5,0,0.022965576,27.408811202,46.23262187599903
js_cap_G5,934561,warehouse_small_kiva,stationary,5537,2.7685,1,5,5,0,0.017589169,27.020174956000012,47.36823022700264
random_G5,934561,warehouse_small_kiva,stationary,5600,2.8,1,5,5,0,0.016053877,27.225371074999998,47.679847653984325
bootstrap_only,954705,warehouse_small_kiva,abrupt,4808,2.404,1,0,0,0,0.00302648,70.63341564,120.007962246018
context_memory_B25,954705,warehouse_small_kiva,abrupt,5023,2.5115,1,4,25,0,0.104499381,70.84554613499996,127.67325650597923
context_no_reactivation_B25,954705,warehouse_small_kiva,abrupt,5023,2.5115,1,4,25,0,0.018226040000000002,69.983117776,125.09106409701053
exact_even_B25,954705,warehouse_small_kiva,abrupt,5637,2.8185,1,25,25,0,0.19804784099999995,70.48675322700001,124.80255571598536
exact_even_G4,954705,warehouse_small_kiva,abrupt,5676,2.838,1,4,4,0,0.013561104,70.414516578,122.60808563401224
exact_even_G5,954705,warehouse_small_kiva,abrupt,4644,2.322,1,5,5,0,0.075455889,69.78074490300001,119.80684818999725
js_cap_G5,954705,warehouse_small_kiva,abrupt,5013,2.5065,1,5,5,0,0.018538864,69.75697160100002,122.6937805399939
random_G5,954705,warehouse_small_kiva,abrupt,5223,2.6115,1,5,5,0,0.021054105,69.102528959,122.20198693298153
bootstrap_only,954705,warehouse_small_kiva,recurrent,4345,2.1725,1,0,0,0,0.005269956,78.24086788699998,143.66848012100672
context_memory_B25,954705,warehouse_small_kiva,recurrent,5466,2.733,1,5,25,0,0.020603778000000003,79.39524229399998,142.21229953801958
context_no_reactivation_B25,954705,warehouse_small_kiva,recurrent,5457,2.7285,1,5,25,0,0.160965371,78.83313978799998,144.0185560650134
exact_even_B25,954705,warehouse_small_kiva,recurrent,6002,3.001,1,25,25,0,0.233316167,79.12579019900001,148.69244818302104
exact_even_G4,954705,warehouse_small_kiva,recurrent,5448,2.724,1,4,4,0,0.160509977,81.003082841,144.19998482702067
exact_even_G5,954705,warehouse_small_kiva,recurrent,4720,2.36,1,5,5,0,0.087104373,77.13083709700001,139.60808387197903
js_cap_G5,954705,warehouse_small_kiva,recurrent,4796,2.398,1,5,5,0,0.019180733,77.629996212,145.3806845759973
random_G5,954705,warehouse_small_kiva,recurrent,5470,2.735,1,5,5,0,0.17386323099999998,79.39650891400002,142.9826867079828
bootstrap_only,954705,warehouse_small_kiva,stationary,4994,2.497,1,0,0,0,0.005159394,78.36790026599995,121.49221856499207
context_memory_B25,954705,warehouse_small_kiva,stationary,4861,2.4305,1,3,25,0,0.013407971,68.94974953899997,111.68611879399396
context_no_reactivation_B25,954705,warehouse_small_kiva,stationary,4861,2.4305,1,3,25,0,0.011793234,73.16114615699999,118.89862489499501
exact_even_B25,954705,warehouse_small_kiva,stationary,4889,2.4445,1,25,25,0,0.41618798600000007,70.149751977,117.0025473869755
exact_even_G4,954705,warehouse_small_kiva,stationary,4819,2.4095,1,4,4,0,0.017465922999999998,69.632918867,112.1809043569956
exact_even_G5,954705,warehouse_small_kiva,stationary,5105,2.5525,1,5,5,0,0.09068196000000002,76.64633562300006,120.80375506001292
js_cap_G5,954705,warehouse_small_kiva,stationary,5009,2.5045,1,5,5,0,0.091669302,66.88679384800001,107.70400392697775
random_G5,954705,warehouse_small_kiva,stationary,4643,2.3215,1,5,5,0,0.018311149,71.42787830000003,115.39617440997972
bootstrap_only,962860,warehouse_small_kiva,abrupt,6403,3.2015,1,0,0,0,0.005521655,30.441153318000012,51.58199320998392
context_memory_B25,962860,warehouse_small_kiva,abrupt,6833,3.4165,1,4,25,0,0.057650913000000005,30.142292394000005,53.524151346995495
context_no_reactivation_B25,962860,warehouse_small_kiva,abrupt,6833,3.4165,1,4,25,0,0.013795638000000002,29.196079165999997,51.232721179985674
exact_even_B25,962860,warehouse_small_kiva,abrupt,6955,3.4775,1,25,25,0,0.117013078,29.93192879900001,56.50953171501169
exact_even_G4,962860,warehouse_small_kiva,abrupt,6641,3.3205,1,4,4,0,0.057918104,30.016771742000003,52.39274894900154
exact_even_G5,962860,warehouse_small_kiva,abrupt,6333,3.1665,1,5,5,0,0.068054807,29.538943955000004,52.9166024820006
js_cap_G5,962860,warehouse_small_kiva,abrupt,6513,3.2565,1,5,5,0,0.060162068,29.678861586,52.27898728300352
random_G5,962860,warehouse_small_kiva,abrupt,6707,3.3535,1,5,5,0,0.058939229,31.240622805,53.622391046985285
bootstrap_only,962860,warehouse_small_kiva,recurrent,4403,2.2015,1,0,0,0,0.004287915,73.397154365,135.80001161101973
context_memory_B25,962860,warehouse_small_kiva,recurrent,4104,2.052,1,3,25,0,0.013366455999999999,73.55367757599998,134.1072109520028
context_no_reactivation_B25,962860,warehouse_small_kiva,recurrent,3989,1.9945,1,3,25,0,0.087361164,71.24025431199999,134.0004529589787
exact_even_B25,962860,warehouse_small_kiva,recurrent,4660,2.33,1,25,25,0,0.6454130929999999,75.38093049,143.40457251801854
exact_even_G4,962860,warehouse_small_kiva,recurrent,4020,2.01,1,4,4,0,0.092581298,75.63183129300003,136.1804135320126
exact_even_G5,962860,warehouse_small_kiva,recurrent,4350,2.175,1,5,5,0,0.027955697,71.69488184100007,131.39091818698216
js_cap_G5,962860,warehouse_small_kiva,recurrent,4101,2.0505,1,5,5,0,0.16749275,72.78942952599999,132.30734147998737
random_G5,962860,warehouse_small_kiva,recurrent,4075,2.0375,1,5,5,0,0.024111662000000002,74.125506543,134.17311060798238
bootstrap_only,962860,warehouse_small_kiva,stationary,4017,2.0085,1,0,0,0,0.002276969,11.514433235000004,18.357366885000374
context_memory_B25,962860,warehouse_small_kiva,stationary,4030,2.015,1,3,25,0,0.008196864,11.509050154000002,18.51337093501934
context_no_reactivation_B25,962860,warehouse_small_kiva,stationary,4030,2.015,1,3,25,0,0.009295436,11.807784900000001,19.210208090022206
exact_even_B25,962860,warehouse_small_kiva,stationary,4216,2.108,1,25,25,0,0.051919697,11.288289100999998,19.02380811900366
exact_even_G4,962860,warehouse_small_kiva,stationary,4091,2.0455,1,4,4,0,0.039905277,12.418698924000001,22.896925712993834
exact_even_G5,962860,warehouse_small_kiva,stationary,3909,1.9545,1,5,5,0,0.015765207,11.76683162,21.008227465994423
js_cap_G5,962860,warehouse_small_kiva,stationary,4055,2.0275,1,5,5,0,0.015040403999999999,11.511232690000003,18.741711056005443
random_G5,962860,warehouse_small_kiva,stationary,4179,2.0895,1,5,5,0,0.014261175,11.158263009999999,18.312797065009363
