method,seed,map_id,workload,num_task_finished,throughput_per_timestep,mandatory_bootstrap_calls,post_bootstrap_publication_count,publication_budget,budget_violation_count,generator_seconds,simulator_seconds,elapsed_seconds
bootstrap_only,113743,warehouse_small_kiva,abrupt,4551,2.2755,1,0,0,0,0.003693892,53.46122531299999,98.18121184001211
context_memory_B25,113743,warehouse_small_kiva,abrupt,4624,2.312,1,9,25,0,0.1695846,53.80876619799999,108.09419456199976
context_no_reactivation_B25,113743,warehouse_small_kiva,abrupt,4589,2.2945,1,8,25,0,0.16681249599999998,52.61490277700002,103.40598427099758
exact_even_B25,113743,warehouse_small_kiva,abrupt,4600,2.3,1,25,25,0,0.294315514,56.02419922200001,107.31363690199214
exact_even_G4,113743,warehouse_small_kiva,abrupt,4574,2.287,1,4,4,0,0.088971171,53.41575892199999,104.59112887800438
exact_even_G5,113743,warehouse_small_kiva,abrupt,4603,2.3015,1,5,5,0,0.09648548299999998,55.40392181000006,101.07267144302023
js_cap_G5,113743,warehouse_small_kiva,abrupt,4504,2.252,1,5,5,0,0.08747015400000001,52.286994888,102.69737408400397
random_G5,113743,warehouse_small_kiva,abrupt,4594,2.297,1,5,5,0,0.16189485599999998,53.76193866099998,96.47804403700866
bootstrap_only,113743,warehouse_small_kiva,recurrent,4415,2.2075,1,0,0,0,0.072604256,55.046334650999995,103.2149057709903
context_memory_B25,113743,warehouse_small_kiva,recurrent,4622,2.311,1,7,25,0,0.096401693,56.29280841400003,107.8027036699932
context_no_reactivation_B25,113743,warehouse_small_kiva,recurrent,4604,2.302,1,8,25,0,0.10554714400000001,57.474422248999986,110.80198430799646
exact_even_B25,113743,warehouse_small_kiva,recurrent,4642,2.321,1,25,25,0,0.583484309,55.65654342100001,106.21052677900298
exact_even_G4,113743,warehouse_small_kiva,recurrent,4465,2.2325,1,4,4,0,0.09949720100000001,55.40980636400001,106.09526483400259
exact_even_G5,113743,warehouse_small_kiva,recurrent,4598,2.299,1,5,5,0,0.027995977,54.51948391300001,107.78259922997677
js_cap_G5,113743,warehouse_small_kiva,recurrent,4485,2.2425,1,5,5,0,0.023363707,58.30434671900001,109.62260871997569
random_G5,113743,warehouse_small_kiva,recurrent,4573,2.2865,1,5,5,0,0.108621129,56.651670087,106.10858157998882
bootstrap_only,113743,warehouse_small_kiva,stationary,4236,2.118,1,0,0,0,0.003743455,55.61234679800001,88.78780704899691
context_memory_B25,113743,warehouse_small_kiva,stationary,4600,2.3,1,9,25,0,0.013243636,50.729518860999995,85.37922296399483
context_no_reactivation_B25,113743,warehouse_small_kiva,stationary,4599,2.2995,1,7,25,0,0.141678515,50.049344942000005,85.193896768993
exact_even_B25,113743,warehouse_small_kiva,stationary,4630,2.315,1,25,25,0,0.36080256600000005,55.45214402299998,95.33436793700093
exact_even_G4,113743,warehouse_small_kiva,stationary,4611,2.3055,1,4,4,0,0.030041634999999997,50.51928439000002,85.00065084898961
exact_even_G5,113743,warehouse_small_kiva,stationary,4621,2.3105,1,5,5,0,0.17073147600000002,50.84692600299999,82.2888588369824
js_cap_G5,113743,warehouse_small_kiva,stationary,4619,2.3095,1,5,5,0,0.07580046999999998,55.18285002599999,90.49107117301901
random_G5,113743,warehouse_small_kiva,stationary,4646,2.323,1,5,5,0,0.152908052,51.851405501000016,86.90615547998459
bootstrap_only,115950,warehouse_small_kiva,abrupt,4625,2.3125,1,0,0,0,0.004582392,46.304602973,92.8330287259887
context_memory_B25,115950,warehouse_small_kiva,abrupt,4630,2.315,1,8,25,0,0.030832242999999995,46.36405157299999,96.49356386999716
context_no_reactivation_B25,115950,warehouse_small_kiva,abrupt,4634,2.317,1,9,25,0,0.05925642,45.88036637999999,99.81383848801488
exact_even_B25,115950,warehouse_small_kiva,abrupt,4625,2.3125,1,25,25,0,0.24963518200000007,46.784928848999996,101.87411603998044
exact_even_G4,115950,warehouse_small_kiva,abrupt,4576,2.288,1,4,4,0,0.026380634,42.20303836499998,87.90923921900685
exact_even_G5,115950,warehouse_small_kiva,abrupt,4616,2.308,1,5,5,0,0.14667289,46.815647414999994,95.80721906002145
js_cap_G5,115950,warehouse_small_kiva,abrupt,4630,2.315,1,5,5,0,0.029275488,43.20879474900001,92.40552830300294
random_G5,115950,warehouse_small_kiva,abrupt,4647,2.3235,1,5,5,0,0.15495314200000002,46.83386717899998,97.31100052400143
bootstrap_only,115950,warehouse_small_kiva,recurrent,4397,2.1985,1,0,0,0,0.005884723,56.71322712100002,104.48247805400752
context_memory_B25,115950,warehouse_small_kiva,recurrent,4639,2.3195,1,9,25,0,0.164311762,57.667076553,108.59772929301835
context_no_reactivation_B25,115950,warehouse_small_kiva,recurrent,4615,2.3075,1,8,25,0,0.034351972,57.02670600999999,109.50396604600246
exact_even_B25,115950,warehouse_small_kiva,recurrent,4617,2.3085,1,25,25,0,0.443829883,55.35287651399999,109.6135393140139
exact_even_G4,115950,warehouse_small_kiva,recurrent,4599,2.2995,1,4,4,0,0.159714327,57.713117165,101.3048842229764
exact_even_G5,115950,warehouse_small_kiva,recurrent,4624,2.312,1,5,5,0,0.09207900399999999,58.772949147,106.91469525298453
js_cap_G5,115950,warehouse_small_kiva,recurrent,4620,2.31,1,5,5,0,0.16444704500000001,59.44195442700003,109.8695655259944
random_G5,115950,warehouse_small_kiva,recurrent,4406,2.203,1,5,5,0,0.09171254499999999,57.01064028600002,108.38585848000366
bootstrap_only,115950,warehouse_small_kiva,stationary,4596,2.298,1,0,0,0,0.002941156,51.599649577000015,85.42357539699879
context_memory_B25,115950,warehouse_small_kiva,stationary,4589,2.2945,1,7,25,0,0.171437972,51.35738977299999,84.00287962300354
context_no_reactivation_B25,115950,warehouse_small_kiva,stationary,4591,2.2955,1,7,25,0,0.031227434999999998,48.19913044699999,82.99058947499725
exact_even_B25,115950,warehouse_small_kiva,stationary,4577,2.2885,1,25,25,0,0.34252630600000006,48.855665862,87.22116624799673
exact_even_G4,115950,warehouse_small_kiva,stationary,4518,2.259,1,4,4,0,0.099497555,47.772193943,81.71515940700192
exact_even_G5,115950,warehouse_small_kiva,stationary,4606,2.303,1,5,5,0,0.025573204000000002,54.98409934499998,88.78767909901217
js_cap_G5,115950,warehouse_small_kiva,stationary,4596,2.298,1,5,5,0,0.085372158,49.64537327499999,83.68785000100615
random_G5,115950,warehouse_small_kiva,stationary,4603,2.3015,1,5,5,0,0.153120626,50.59338550599999,84.99571088602534
bootstrap_only,130998,warehouse_small_kiva,abrupt,4487,2.2435,1,0,0,0,0.004928318,51.82676846299999,91.717662518
context_memory_B25,130998,warehouse_small_kiva,abrupt,4610,2.305,1,10,25,0,0.23469017499999995,47.90085574,92.4968854500039
context_no_reactivation_B25,130998,warehouse_small_kiva,abrupt,4636,2.318,1,9,25,0,0.20261448099999999,50.04606574799999,95.8054381289985
exact_even_B25,130998,warehouse_small_kiva,abrupt,4630,2.315,1,25,25,0,0.20281343000000002,48.60147262100003,92.66805846599163
exact_even_G4,130998,warehouse_small_kiva,abrupt,4632,2.316,1,4,4,0,0.07575180899999999,48.270197417,89.79410523700062
exact_even_G5,130998,warehouse_small_kiva,abrupt,4640,2.32,1,5,5,0,0.074962967,54.007624447000005,102.19439504799084
js_cap_G5,130998,warehouse_small_kiva,abrupt,4302,2.151,1,5,5,0,0.169328455,48.25022996399999,91.4139397959807
random_G5,130998,warehouse_small_kiva,abrupt,4641,2.3205,1,5,5,0,0.08943607700000002,53.32863851300001,92.80313589199795
bootstrap_only,130998,warehouse_small_kiva,recurrent,4544,2.272,1,0,0,0,0.003739479,56.06248250699999,95.41052778399899
context_memory_B25,130998,warehouse_small_kiva,recurrent,4653,2.3265,1,7,25,0,0.093593728,58.31395377000002,98.39110596399405
context_no_reactivation_B25,130998,warehouse_small_kiva,recurrent,4631,2.3155,1,7,25,0,0.100492275,55.13717642999999,97.3030635920004
exact_even_B25,130998,warehouse_small_kiva,recurrent,4660,2.33,1,25,25,0,0.33313806599999995,56.513250563000014,100.60339287799434
exact_even_G4,130998,warehouse_small_kiva,recurrent,4417,2.2085,1,4,4,0,0.157386663,56.48907331399999,94.71587029198417
exact_even_G5,130998,warehouse_small_kiva,recurrent,4649,2.3245,1,5,5,0,0.16969134199999997,58.32733947200001,97.61483281999244
js_cap_G5,130998,warehouse_small_kiva,recurrent,4628,2.314,1,5,5,0,0.022129962000000003,56.386133540000024,97.80036723898957
random_G5,130998,warehouse_small_kiva,recurrent,4647,2.3235,1,5,5,0,0.13909285000000002,53.525020527,90.98938901899965
bootstrap_only,130998,warehouse_small_kiva,stationary,3653,1.8265,1,0,0,0,0.004231157,52.767446951000046,92.78927882501739
context_memory_B25,130998,warehouse_small_kiva,stationary,4543,2.2715,1,5,25,0,0.08268593099999999,54.960432759,99.09512463398278
context_no_reactivation_B25,130998,warehouse_small_kiva,stationary,4552,2.276,1,6,25,0,0.10930528199999998,54.813460471,97.5139699089923
exact_even_B25,130998,warehouse_small_kiva,stationary,4588,2.294,1,25,25,0,0.38694551600000004,54.73319573999999,104.39818909502355
exact_even_G4,130998,warehouse_small_kiva,stationary,4171,2.0855,1,4,4,0,0.086482989,54.38308774499999,95.59869968498242
exact_even_G5,130998,warehouse_small_kiva,stationary,4443,2.2215,1,5,5,0,0.101339533,56.486961636000025,94.98957396199694
js_cap_G5,130998,warehouse_small_kiva,stationary,4510,2.255,1,5,5,0,0.034823987,55.117057442000004,99.39110450498993
random_G5,130998,warehouse_small_kiva,stationary,4479,2.2395,1,5,5,0,0.09028093799999999,54.39975701400001,96.50335417600581
bootstrap_only,152753,warehouse_small_kiva,abrupt,4480,2.24,1,0,0,0,0.069488915,51.228875885,91.67013357399264
context_memory_B25,152753,warehouse_small_kiva,abrupt,4609,2.3045,1,8,25,0,0.03132462,50.574777014,93.71476933200029
context_no_reactivation_B25,152753,warehouse_small_kiva,abrupt,4615,2.3075,1,7,25,0,0.08957302299999999,49.32084403699999,95.43513177300338
exact_even_B25,152753,warehouse_small_kiva,abrupt,4565,2.2825,1,25,25,0,0.328014456,51.499504211000016,95.79709796400857
exact_even_G4,152753,warehouse_small_kiva,abrupt,4464,2.232,1,4,4,0,0.021739114,54.01094391600001,95.93127174701658
exact_even_G5,152753,warehouse_small_kiva,abrupt,4596,2.298,1,5,5,0,0.094246691,51.63860465800001,94.61536189998151
js_cap_G5,152753,warehouse_small_kiva,abrupt,4461,2.2305,1,5,5,0,0.081277328,50.250286908999996,92.17960202301037
random_G5,152753,warehouse_small_kiva,abrupt,4428,2.214,1,5,5,0,0.08702499400000002,49.243635305000005,89.80324166698847
bootstrap_only,152753,warehouse_small_kiva,recurrent,4250,2.125,1,0,0,0,0.004248286,44.801573021,82.8048537519935
context_memory_B25,152753,warehouse_small_kiva,recurrent,4610,2.305,1,5,25,0,0.020186117,45.278391330999995,90.70117161900271
context_no_reactivation_B25,152753,warehouse_small_kiva,recurrent,4549,2.2745,1,6,25,0,0.036239726,44.874335936,92.2986509729817
exact_even_B25,152753,warehouse_small_kiva,recurrent,4618,2.309,1,25,25,0,0.191568149,45.97480639600002,94.68366014497587
exact_even_G4,152753,warehouse_small_kiva,recurrent,4185,2.0925,1,4,4,0,0.088269718,44.037329285999995,88.39550709200557
exact_even_G5,152753,warehouse_small_kiva,recurrent,4630,2.315,1,5,5,0,0.020432717000000003,43.22295431,85.53218049401767
js_cap_G5,152753,warehouse_small_kiva,recurrent,4316,2.158,1,5,5,0,0.092332737,45.50937133300001,90.78912668800331
random_G5,152753,warehouse_small_kiva,recurrent,4508,2.254,1,5,5,0,0.028187314,46.346690419,92.9822377480159
bootstrap_only,152753,warehouse_small_kiva,stationary,3829,1.9145,1,0,0,0,0.074511209,55.759150450000014,97.29224234400317
context_memory_B25,152753,warehouse_small_kiva,stationary,3916,1.958,1,4,25,0,0.027134462,54.63990859900001,97.92100891799782
context_no_reactivation_B25,152753,warehouse_small_kiva,stationary,3916,1.958,1,4,25,0,0.019537543,56.63268671799998,101.003944511991
exact_even_B25,152753,warehouse_small_kiva,stationary,4521,2.2605,1,25,25,0,0.16145736199999997,57.00886182699999,101.978486884007
exact_even_G4,152753,warehouse_small_kiva,stationary,4494,2.247,1,4,4,0,0.092135381,55.930257876,97.9806740799977
exact_even_G5,152753,warehouse_small_kiva,stationary,4574,2.287,1,5,5,0,0.164074123,57.49406733599999,104.27445411801455
js_cap_G5,152753,warehouse_small_kiva,stationary,3925,1.9625,1,5,5,0,0.250781804,56.164610101000015,100.69248661000165
random_G5,152753,warehouse_small_kiva,stationary,4390,2.195,1,5,5,0,0.09377239200000001,58.717349195000004,104.91665666599874
bootstrap_only,175381,warehouse_small_kiva,abrupt,4458,2.229,1,0,0,0,0.005449665,54.544133339000005,105.77624093100894
context_memory_B25,175381,warehouse_small_kiva,abrupt,4626,2.313,1,7,25,0,0.033396825,54.27271836099999,105.88137107199873
context_no_reactivation_B25,175381,warehouse_small_kiva,abrupt,4626,2.313,1,7,25,0,0.11124157699999998,53.95565636400003,101.69149948598351
exact_even_B25,175381,warehouse_small_kiva,abrupt,4627,2.3135,1,25,25,0,0.22577447600000006,52.72797242500001,103.20944707901799
exact_even_G4,175381,warehouse_small_kiva,abrupt,4502,2.251,1,4,4,0,0.024896962,56.09039854800001,99.89417930899072
exact_even_G5,175381,warehouse_small_kiva,abrupt,4600,2.3,1,5,5,0,0.163019474,55.11601115999999,100.89807545099757
js_cap_G5,175381,warehouse_small_kiva,abrupt,4553,2.2765,1,5,5,0,0.178412361,54.00810161699998,103.02494274498895
random_G5,175381,warehouse_small_kiva,abrupt,4627,2.3135,1,5,5,0,0.026444439,56.090820910000005,109.62463589399704
bootstrap_only,175381,warehouse_small_kiva,recurrent,4595,2.2975,1,0,0,0,0.003157555,47.39848171099999,86.6831616589916
context_memory_B25,175381,warehouse_small_kiva,recurrent,4645,2.3225,1,9,25,0,0.017929533,52.56099506600001,90.43917448300635
context_no_reactivation_B25,175381,warehouse_small_kiva,recurrent,4636,2.318,1,8,25,0,0.031726473,50.27949537,91.07793468999444
exact_even_B25,175381,warehouse_small_kiva,recurrent,4625,2.3125,1,25,25,0,0.2760307860000001,51.20758591800003,95.81205030801357
exact_even_G4,175381,warehouse_small_kiva,recurrent,4625,2.3125,1,4,4,0,0.014632325000000002,51.665643311,87.89004562198534
exact_even_G5,175381,warehouse_small_kiva,recurrent,4625,2.3125,1,5,5,0,0.023696396999999998,48.02626803200001,86.8821304239973
js_cap_G5,175381,warehouse_small_kiva,recurrent,4615,2.3075,1,5,5,0,0.171433151,50.333361666,90.42270648499834
random_G5,175381,warehouse_small_kiva,recurrent,4605,2.3025,1,5,5,0,0.017101599,49.91922883999999,89.31920978601556
bootstrap_only,175381,warehouse_small_kiva,stationary,4632,2.316,1,0,0,0,0.079540728,57.269705604,97.60463963099755
context_memory_B25,175381,warehouse_small_kiva,stationary,4617,2.3085,1,9,25,0,0.091508964,54.870702024,97.48880841600476
context_no_reactivation_B25,175381,warehouse_small_kiva,stationary,4640,2.32,1,8,25,0,0.238328879,57.16113145300003,101.10505494099925
exact_even_B25,175381,warehouse_small_kiva,stationary,4641,2.3205,1,25,25,0,0.5094119559999999,54.18540206900001,102.70110221899813
exact_even_G4,175381,warehouse_small_kiva,stationary,4638,2.319,1,4,4,0,0.085449454,56.605671849999986,99.41014207398985
exact_even_G5,175381,warehouse_small_kiva,stationary,4628,2.314,1,5,5,0,0.024037995,55.933738805000004,96.70716155599803
js_cap_G5,175381,warehouse_small_kiva,stationary,4646,2.323,1,5,5,0,0.17820207700000004,53.138410629000006,95.67822183700628
random_G5,175381,warehouse_small_kiva,stationary,4618,2.309,1,5,5,0,0.170366031,58.66793728500001,103.51740412699291
bootstrap_only,190142,warehouse_small_kiva,abrupt,4651,2.3255,1,0,0,0,0.004950709,60.07243181299999,108.37965143099427
context_memory_B25,190142,warehouse_small_kiva,abrupt,4642,2.321,1,8,25,0,0.281804782,60.394713605999975,110.32509764001588
context_no_reactivation_B25,190142,warehouse_small_kiva,abrupt,4647,2.3235,1,7,25,0,0.162508804,58.12502240300001,110.58545359197888
exact_even_B25,190142,warehouse_small_kiva,abrupt,4629,2.3145,1,25,25,0,0.43807299899999996,57.52700566000001,110.70647408301011
exact_even_G4,190142,warehouse_small_kiva,abrupt,4651,2.3255,1,4,4,0,0.015854596,58.60483525600002,108.8984795360011
exact_even_G5,190142,warehouse_small_kiva,abrupt,4611,2.3055,1,5,5,0,0.09389960599999998,55.68814277300001,106.2285045409808
js_cap_G5,190142,warehouse_small_kiva,abrupt,4459,2.2295,1,5,5,0,0.09400120199999998,58.951886612000024,108.02403876799508
random_G5,190142,warehouse_small_kiva,abrupt,4662,2.331,1,5,5,0,0.025164873999999997,57.65073431700002,104.20886474000872
bootstrap_only,190142,warehouse_small_kiva,recurrent,4654,2.327,1,0,0,0,0.003387318,53.57020985200002,88.99760046499432
context_memory_B25,190142,warehouse_small_kiva,recurrent,4619,2.3095,1,8,25,0,0.016150884,46.522297906000006,88.66955454400158
context_no_reactivation_B25,190142,warehouse_small_kiva,recurrent,4643,2.3215,1,9,25,0,0.19266103,49.047370484,92.17878310100059
exact_even_B25,190142,warehouse_small_kiva,recurrent,4624,2.312,1,25,25,0,0.26650112900000006,45.72257894700001,90.38218537301873
exact_even_G4,190142,warehouse_small_kiva,recurrent,4258,2.129,1,4,4,0,0.085930403,46.901213109,85.70127781498013
exact_even_G5,190142,warehouse_small_kiva,recurrent,4627,2.3135,1,5,5,0,0.082558486,47.13789319400002,86.80133741200552
js_cap_G5,190142,warehouse_small_kiva,recurrent,4623,2.3115,1,5,5,0,0.016350865,45.930939716999994,86.80335403699428
random_G5,190142,warehouse_small_kiva,recurrent,4627,2.3135,1,5,5,0,0.14690093999999998,55.73149164700002,91.8947649130132
bootstrap_only,190142,warehouse_small_kiva,stationary,3825,1.9125,1,0,0,0,0.004066723,51.46918213,86.50321566397906
context_memory_B25,190142,warehouse_small_kiva,stationary,4572,2.286,1,4,25,0,0.015046488,53.61946000600001,89.52001913698041
context_no_reactivation_B25,190142,warehouse_small_kiva,stationary,4463,2.2315,1,5,25,0,0.078958053,51.636258676,86.88349595697946
exact_even_B25,190142,warehouse_small_kiva,stationary,4431,2.2155,1,25,25,0,0.400660441,54.23611871899999,93.80919809700572
exact_even_G4,190142,warehouse_small_kiva,stationary,4235,2.1175,1,4,4,0,0.082947485,52.48915096999999,87.28120133600896
exact_even_G5,190142,warehouse_small_kiva,stationary,4257,2.1285,1,5,5,0,0.09774592899999998,46.93842294699999,80.6265064329782
js_cap_G5,190142,warehouse_small_kiva,stationary,4609,2.3045,1,5,5,0,0.087576491,53.217558372000006,86.92521424900042
random_G5,190142,warehouse_small_kiva,stationary,4618,2.309,1,5,5,0,0.016232712,51.477504537,88.28431124199415
bootstrap_only,204011,warehouse_small_kiva,abrupt,4418,2.209,1,0,0,0,0.00347607,52.437195251,90.30514222901547
context_memory_B25,204011,warehouse_small_kiva,abrupt,4632,2.316,1,9,25,0,0.022963281000000002,52.507103688000015,92.51009373398847
context_no_reactivation_B25,204011,warehouse_small_kiva,abrupt,4629,2.3145,1,8,25,0,0.031144981000000002,51.903219776999975,94.9999182059837
exact_even_B25,204011,warehouse_small_kiva,abrupt,4638,2.319,1,25,25,0,0.23545843400000005,49.77592451499999,94.01647257900913
exact_even_G4,204011,warehouse_small_kiva,abrupt,4561,2.2805,1,4,4,0,0.036535737,49.858425553,88.70328735301155
exact_even_G5,204011,warehouse_small_kiva,abrupt,4635,2.3175,1,5,5,0,0.07774354600000001,51.744030075000005,92.79005278798286
js_cap_G5,204011,warehouse_small_kiva,abrupt,4497,2.2485,1,5,5,0,0.146995081,50.46623357900001,90.59662154101534
random_G5,204011,warehouse_small_kiva,abrupt,4590,2.295,1,5,5,0,0.019106388,52.10095557000001,93.17223293299321
bootstrap_only,204011,warehouse_small_kiva,recurrent,4280,2.14,1,0,0,0,0.006214857,51.281220526000006,86.81309074998717
context_memory_B25,204011,warehouse_small_kiva,recurrent,4589,2.2945,1,8,25,0,0.15222005500000002,51.77503422300001,91.40650933398865
context_no_reactivation_B25,204011,warehouse_small_kiva,recurrent,4596,2.298,1,8,25,0,0.033879377,51.67879325,91.78228536300594
exact_even_B25,204011,warehouse_small_kiva,recurrent,4631,2.3155,1,25,25,0,0.15826017499999998,52.18341083500002,93.17991401298787
exact_even_G4,204011,warehouse_small_kiva,recurrent,4319,2.1595,1,4,4,0,0.074065301,50.921190037,91.02604974401766
exact_even_G5,204011,warehouse_small_kiva,recurrent,4482,2.241,1,5,5,0,0.091336423,50.35692975700001,88.38046124801622
js_cap_G5,204011,warehouse_small_kiva,recurrent,4241,2.1205,1,5,5,0,0.159310983,52.162002411000024,92.80109535300289
random_G5,204011,warehouse_small_kiva,recurrent,4566,2.283,1,5,5,0,0.027369671999999998,51.949183403000006,91.5972764850012
bootstrap_only,204011,warehouse_small_kiva,stationary,4398,2.199,1,0,0,0,0.00623094,50.80746942600001,81.29093942898908
context_memory_B25,204011,warehouse_small_kiva,stationary,4496,2.248,1,4,25,0,0.08701376,51.74796203000002,87.1565957890125
context_no_reactivation_B25,204011,warehouse_small_kiva,stationary,4537,2.2685,1,5,25,0,0.091884036,50.09292619100002,85.97517987800529
exact_even_B25,204011,warehouse_small_kiva,stationary,4567,2.2835,1,25,25,0,0.495958927,52.526365729999995,89.20485987901338
exact_even_G4,204011,warehouse_small_kiva,stationary,4450,2.225,1,4,4,0,0.10085352800000001,52.131246018999995,86.99259390000952
exact_even_G5,204011,warehouse_small_kiva,stationary,4584,2.292,1,5,5,0,0.08232718900000001,52.545960195,86.22782802698202
js_cap_G5,204011,warehouse_small_kiva,stationary,4582,2.291,1,5,5,0,0.11452612999999999,52.54500428800001,86.49828479299322
random_G5,204011,warehouse_small_kiva,stationary,4541,2.2705,1,5,5,0,0.15732556799999997,54.12122925099999,87.49690291201114
bootstrap_only,253714,warehouse_small_kiva,abrupt,4625,2.3125,1,0,0,0,0.006246417,50.39931666700003,88.00046442801249
context_memory_B25,253714,warehouse_small_kiva,abrupt,4631,2.3155,1,8,25,0,0.16419345099999996,54.558650869999994,95.57439236697974
context_no_reactivation_B25,253714,warehouse_small_kiva,abrupt,4631,2.3155,1,8,25,0,0.23989404700000003,51.807072154000025,91.4814106799895
exact_even_B25,253714,warehouse_small_kiva,abrupt,4631,2.3155,1,25,25,0,0.146879044,53.639906195,94.99892985101906
exact_even_G4,253714,warehouse_small_kiva,abrupt,4518,2.259,1,4,4,0,0.140561426,54.14719158100003,90.13018894000561
exact_even_G5,253714,warehouse_small_kiva,abrupt,4607,2.3035,1,5,5,0,0.027471344,52.57992548600003,89.50737679598387
js_cap_G5,253714,warehouse_small_kiva,abrupt,4585,2.2925,1,5,5,0,0.08657194800000001,51.15726449600001,89.69643255701521
random_G5,253714,warehouse_small_kiva,abrupt,4596,2.298,1,5,5,0,0.08258387300000002,52.68526976200002,88.7087786179909
bootstrap_only,253714,warehouse_small_kiva,recurrent,4576,2.288,1,0,0,0,0.003546783,30.53664458099999,71.30912583900499
context_memory_B25,253714,warehouse_small_kiva,recurrent,4655,2.3275,1,7,25,0,0.027555129,30.475218912999985,75.17812942099408
context_no_reactivation_B25,253714,warehouse_small_kiva,recurrent,4627,2.3135,1,7,25,0,0.032332784999999996,30.72992566700001,73.72424503602087
exact_even_B25,253714,warehouse_small_kiva,recurrent,4634,2.317,1,25,25,0,0.34917064100000006,30.897967932000004,73.11035999501473
exact_even_G4,253714,warehouse_small_kiva,recurrent,4284,2.142,1,4,4,0,0.016942233,29.487140119999992,70.69696044400916
exact_even_G5,253714,warehouse_small_kiva,recurrent,4625,2.3125,1,5,5,0,0.080667907,31.120089249,73.07453420801903
js_cap_G5,253714,warehouse_small_kiva,recurrent,4583,2.2915,1,5,5,0,0.098053591,32.616246211,71.52936054597376
random_G5,253714,warehouse_small_kiva,recurrent,4615,2.3075,1,5,5,0,0.160029539,30.586457287000005,73.41643331799423
bootstrap_only,253714,warehouse_small_kiva,stationary,4625,2.3125,1,0,0,0,0.003498942,45.41685165400001,81.0012885509932
context_memory_B25,253714,warehouse_small_kiva,stationary,4581,2.2905,1,9,25,0,0.07823551299999999,49.085704122999985,83.69697494799038
context_no_reactivation_B25,253714,warehouse_small_kiva,stationary,4589,2.2945,1,8,25,0,0.044230818000000005,47.214132169999985,88.07521643099608
exact_even_B25,253714,warehouse_small_kiva,stationary,4608,2.304,1,25,25,0,0.270418048,49.4245255,90.07591621298343
exact_even_G4,253714,warehouse_small_kiva,stationary,4611,2.3055,1,4,4,0,0.016283172999999998,47.694588778999986,85.41249775301549
exact_even_G5,253714,warehouse_small_kiva,stationary,4612,2.306,1,5,5,0,0.019709954,48.144843623999996,85.72826405498199
js_cap_G5,253714,warehouse_small_kiva,stationary,4593,2.2965,1,5,5,0,0.093701769,46.76924061099999,84.78448578499956
random_G5,253714,warehouse_small_kiva,stationary,4576,2.288,1,5,5,0,0.16710228000000002,45.96327043400001,82.41633903601905
bootstrap_only,257578,warehouse_small_kiva,abrupt,4621,2.3105,1,0,0,0,0.070529528,58.90309743599999,105.97543035901617
context_memory_B25,257578,warehouse_small_kiva,abrupt,4609,2.3045,1,8,25,0,0.156168594,58.42490871800001,106.11418147900258
context_no_reactivation_B25,257578,warehouse_small_kiva,abrupt,4609,2.3045,1,8,25,0,0.132377367,58.70996716299999,110.4233791680017
exact_even_B25,257578,warehouse_small_kiva,abrupt,4610,2.305,1,25,25,0,0.238975987,61.00330989699996,113.90534374897834
exact_even_G4,257578,warehouse_small_kiva,abrupt,4609,2.3045,1,4,4,0,0.17193689999999998,56.76974573999998,101.69152677501552
exact_even_G5,257578,warehouse_small_kiva,abrupt,4611,2.3055,1,5,5,0,0.09238528400000001,57.10032246899996,106.3049509000266
js_cap_G5,257578,warehouse_small_kiva,abrupt,4619,2.3095,1,5,5,0,0.024690393999999997,60.002067537999984,105.89055055499193
random_G5,257578,warehouse_small_kiva,abrupt,4596,2.298,1,5,5,0,0.231413782,57.69345051900001,108.31294437599718
bootstrap_only,257578,warehouse_small_kiva,recurrent,4634,2.317,1,0,0,0,0.074054447,47.211134824999995,85.47431994701037
context_memory_B25,257578,warehouse_small_kiva,recurrent,4621,2.3105,1,6,25,0,0.033154018,47.814999320999995,89.92144620901672
context_no_reactivation_B25,257578,warehouse_small_kiva,recurrent,4642,2.321,1,7,25,0,0.10643688999999999,51.782606265999995,95.92417587601813
exact_even_B25,257578,warehouse_small_kiva,recurrent,4594,2.297,1,25,25,0,0.43629890899999996,53.06768950500001,99.2993107039947
exact_even_G4,257578,warehouse_small_kiva,recurrent,4207,2.1035,1,4,4,0,0.08692670400000001,50.52037584999998,87.40613312699134
exact_even_G5,257578,warehouse_small_kiva,recurrent,4492,2.246,1,5,5,0,0.107627936,49.280131444999995,86.16650562701398
js_cap_G5,257578,warehouse_small_kiva,recurrent,4610,2.305,1,5,5,0,0.096222035,51.46319295800001,89.46987529698526
random_G5,257578,warehouse_small_kiva,recurrent,4606,2.303,1,5,5,0,0.061706839,50.18917142099999,86.81617203401402
bootstrap_only,257578,warehouse_small_kiva,stationary,4299,2.1495,1,0,0,0,0.002455242,49.433331346999985,83.5127836119791
context_memory_B25,257578,warehouse_small_kiva,stationary,4620,2.31,1,7,25,0,0.008486312,51.148134223999996,87.89631457999349
context_no_reactivation_B25,257578,warehouse_small_kiva,stationary,4425,2.2125,1,7,25,0,0.033834825,48.16633072600001,85.58811235398753
exact_even_B25,257578,warehouse_small_kiva,stationary,4123,2.0615,1,25,25,0,0.23291940000000003,49.965014313999994,89.90722712801653
exact_even_G4,257578,warehouse_small_kiva,stationary,4447,2.2235,1,4,4,0,0.08375118900000002,47.29752751999998,84.5001794169948
exact_even_G5,257578,warehouse_small_kiva,stationary,4239,2.1195,1,5,5,0,0.087862971,46.25397683500001,80.49072412197711
js_cap_G5,257578,warehouse_small_kiva,stationary,4524,2.262,1,5,5,0,0.082269172,47.44757212100001,84.21341624599881
random_G5,257578,warehouse_small_kiva,stationary,4500,2.25,1,5,5,0,0.022090234,46.33816926399998,80.59657036699355
bootstrap_only,257704,warehouse_small_kiva,abrupt,4405,2.2025,1,0,0,0,0.003715662,44.47467039299999,94.90603512700181
context_memory_B25,257704,warehouse_small_kiva,abrupt,4577,2.2885,1,8,25,0,0.049462837,46.40470356999998,96.77928191199317
context_no_reactivation_B25,257704,warehouse_small_kiva,abrupt,4604,2.302,1,7,25,0,0.106383989,45.908109249,98.77523532498162
exact_even_B25,257704,warehouse_small_kiva,abrupt,4550,2.275,1,25,25,0,0.236313785,52.84135069799998,99.01698246001615
exact_even_G4,257704,warehouse_small_kiva,abrupt,4456,2.228,1,4,4,0,0.019213710000000002,44.81278229200004,94.30477052301285
exact_even_G5,257704,warehouse_small_kiva,abrupt,4582,2.291,1,5,5,0,0.144138835,45.912678148000005,98.39270092599327
js_cap_G5,257704,warehouse_small_kiva,abrupt,4236,2.118,1,5,5,0,0.087017776,50.16928682000001,94.38103258699994
random_G5,257704,warehouse_small_kiva,abrupt,4573,2.2865,1,5,5,0,0.101255024,43.505071093000005,94.50114322500303
bootstrap_only,257704,warehouse_small_kiva,recurrent,4590,2.295,1,0,0,0,0.005135016,54.878905465,91.10623377500451
context_memory_B25,257704,warehouse_small_kiva,recurrent,4606,2.303,1,9,25,0,0.08944403000000001,52.348042143000015,91.17779583099764
context_no_reactivation_B25,257704,warehouse_small_kiva,recurrent,4593,2.2965,1,10,25,0,0.10151509399999999,51.168944870999994,89.90445959501085
exact_even_B25,257704,warehouse_small_kiva,recurrent,4604,2.302,1,25,25,0,0.204474347,50.830455225000016,91.43197045501438
exact_even_G4,257704,warehouse_small_kiva,recurrent,4273,2.1365,1,4,4,0,0.09283745499999999,50.410718048,89.29920946797938
exact_even_G5,257704,warehouse_small_kiva,recurrent,4511,2.2555,1,5,5,0,0.031981733,47.37303553500001,84.68914001699886
js_cap_G5,257704,warehouse_small_kiva,recurrent,4553,2.2765,1,5,5,0,0.117239451,48.02471230900001,86.3846289239882
random_G5,257704,warehouse_small_kiva,recurrent,4593,2.2965,1,5,5,0,0.09194217900000001,50.27669055199999,90.58049252198543
bootstrap_only,257704,warehouse_small_kiva,stationary,4583,2.2915,1,0,0,0,0.005502076,56.947555949,97.27027677898877
context_memory_B25,257704,warehouse_small_kiva,stationary,4597,2.2985,1,10,25,0,0.089061952,56.38485655000001,99.5981217979861
context_no_reactivation_B25,257704,warehouse_small_kiva,stationary,4613,2.3065,1,9,25,0,0.18184967300000002,56.599495448,100.30384738498833
exact_even_B25,257704,warehouse_small_kiva,stationary,4606,2.303,1,25,25,0,0.3857428030000001,55.282705071999985,100.99037122700247
exact_even_G4,257704,warehouse_small_kiva,stationary,4590,2.295,1,4,4,0,0.164624936,55.48482772800001,98.62572881800588
exact_even_G5,257704,warehouse_small_kiva,stationary,4616,2.308,1,5,5,0,0.099264619,55.336221976,96.59928455398767
js_cap_G5,257704,warehouse_small_kiva,stationary,4640,2.32,1,5,5,0,0.09975171199999999,57.94396700700001,100.87629821500741
random_G5,257704,warehouse_small_kiva,stationary,4617,2.3085,1,5,5,0,0.090087973,53.48540888900003,97.39752404700266
bootstrap_only,294860,warehouse_small_kiva,abrupt,4424,2.212,1,0,0,0,0.064637178,45.574079029999986,95.38027907401556
context_memory_B25,294860,warehouse_small_kiva,abrupt,4608,2.304,1,9,25,0,0.163473585,44.60952099499998,98.4683041650278
context_no_reactivation_B25,294860,warehouse_small_kiva,abrupt,4597,2.2985,1,9,25,0,0.16493551300000003,47.410912921999994,100.49288224100019
exact_even_B25,294860,warehouse_small_kiva,abrupt,4631,2.3155,1,25,25,0,0.345240075,49.015681619000006,105.48370380201959
exact_even_G4,294860,warehouse_small_kiva,abrupt,4440,2.22,1,4,4,0,0.15477164,40.196115309,87.76682233499014
exact_even_G5,294860,warehouse_small_kiva,abrupt,4494,2.247,1,5,5,0,0.019152712,42.093234119,92.584437403013
js_cap_G5,294860,warehouse_small_kiva,abrupt,4494,2.247,1,5,5,0,0.04000476,44.000502385999994,95.9001313779736
random_G5,294860,warehouse_small_kiva,abrupt,4543,2.2715,1,5,5,0,0.08617297899999998,43.68227406300001,96.20102184900315
bootstrap_only,294860,warehouse_small_kiva,recurrent,4599,2.2995,1,0,0,0,0.003459736,61.59447603199999,109.28698266501306
context_memory_B25,294860,warehouse_small_kiva,recurrent,4595,2.2975,1,9,25,0,0.025104071,61.89273275000001,111.19688998101628
context_no_reactivation_B25,294860,warehouse_small_kiva,recurrent,4623,2.3115,1,9,25,0,0.19213525199999998,62.01629564200001,113.4239242580079
exact_even_B25,294860,warehouse_small_kiva,recurrent,4624,2.312,1,25,25,0,0.40313531299999994,61.29354588499999,111.67404275099398
exact_even_G4,294860,warehouse_small_kiva,recurrent,4445,2.2225,1,4,4,0,0.018780809,60.11854284300002,104.92259199498221
exact_even_G5,294860,warehouse_small_kiva,recurrent,4595,2.2975,1,5,5,0,0.09827490599999998,59.41119598999998,108.41602369499742
js_cap_G5,294860,warehouse_small_kiva,recurrent,4613,2.3065,1,5,5,0,0.025258047999999998,61.62783358399998,112.59421391200158
random_G5,294860,warehouse_small_kiva,recurrent,4586,2.293,1,5,5,0,0.097127654,59.861169757999996,107.71422756099491
bootstrap_only,294860,warehouse_small_kiva,stationary,3639,1.8195,1,0,0,0,0.008950719,52.76466424700001,90.67694458001642
context_memory_B25,294860,warehouse_small_kiva,stationary,4369,2.1845,1,5,25,0,0.018095311,56.19351805999998,102.69521781400545
context_no_reactivation_B25,294860,warehouse_small_kiva,stationary,4546,2.273,1,6,25,0,0.098111777,56.52290653100001,99.38672049099114
exact_even_B25,294860,warehouse_small_kiva,stationary,4557,2.2785,1,25,25,0,0.25185899800000006,55.39407437700002,104.9998223450093
exact_even_G4,294860,warehouse_small_kiva,stationary,4141,2.0705,1,4,4,0,0.08716661199999999,54.69739702499997,98.30350071701105
exact_even_G5,294860,warehouse_small_kiva,stationary,4249,2.1245,1,5,5,0,0.023999255,53.35284860100001,96.80154342198512
js_cap_G5,294860,warehouse_small_kiva,stationary,4402,2.201,1,5,5,0,0.10503756900000001,55.142387482000004,99.00630386901321
random_G5,294860,warehouse_small_kiva,stationary,3794,1.897,1,5,5,0,0.096815487,53.483594421,93.70456752800965
bootstrap_only,330180,warehouse_small_kiva,abrupt,4575,2.2875,1,0,0,0,0.003659308,45.297155961000016,85.07361838000361
context_memory_B25,330180,warehouse_small_kiva,abrupt,4657,2.3285,1,8,25,0,0.09721896299999999,44.443967588999996,85.79228990100091
context_no_reactivation_B25,330180,warehouse_small_kiva,abrupt,4603,2.3015,1,7,25,0,0.157402791,45.26945523900001,89.38813421799568
exact_even_B25,330180,warehouse_small_kiva,abrupt,4647,2.3235,1,25,25,0,0.20549033800000002,44.49052928599998,88.28680508199614
exact_even_G4,330180,warehouse_small_kiva,abrupt,4509,2.2545,1,4,4,0,0.079934351,55.626532776,94.61240238600294
exact_even_G5,330180,warehouse_small_kiva,abrupt,4645,2.3225,1,5,5,0,0.15568046200000002,43.912337192999985,85.81642814798397
js_cap_G5,330180,warehouse_small_kiva,abrupt,4470,2.235,1,5,5,0,0.031802746,52.868088317,93.70632472599391
random_G5,330180,warehouse_small_kiva,abrupt,4400,2.2,1,5,5,0,0.13583077999999998,44.94281946300001,83.21342934999848
bootstrap_only,330180,warehouse_small_kiva,recurrent,4660,2.33,1,0,0,0,0.004749314,48.466310644,86.19830604700837
context_memory_B25,330180,warehouse_small_kiva,recurrent,4660,2.33,1,6,25,0,0.015986521,54.35460278399999,94.08896491699852
context_no_reactivation_B25,330180,warehouse_small_kiva,recurrent,4635,2.3175,1,6,25,0,0.17435924400000002,52.91870471499999,92.81062037299853
exact_even_B25,330180,warehouse_small_kiva,recurrent,4629,2.3145,1,25,25,0,0.4418490270000001,48.72593555799998,90.98092209000606
exact_even_G4,330180,warehouse_small_kiva,recurrent,4453,2.2265,1,4,4,0,0.078688256,50.60186612099998,90.57430676999502
exact_even_G5,330180,warehouse_small_kiva,recurrent,4638,2.319,1,5,5,0,0.14549902600000003,53.95735817700002,89.4656039759866
js_cap_G5,330180,warehouse_small_kiva,recurrent,4649,2.3245,1,5,5,0,0.08656550199999999,50.925580409000005,91.09294090099866
random_G5,330180,warehouse_small_kiva,recurrent,4635,2.3175,1,5,5,0,0.16011216300000003,53.90575407200001,91.71285050400184
bootstrap_only,330180,warehouse_small_kiva,stationary,4681,2.3405,1,0,0,0,0.002929555,50.58342306099998,82.0800169139984
context_memory_B25,330180,warehouse_small_kiva,stationary,4663,2.3315,1,8,25,0,0.016115564,48.340758042999994,85.12208768801065
context_no_reactivation_B25,330180,warehouse_small_kiva,stationary,4637,2.3185,1,8,25,0,0.098600101,46.97812078700001,84.10122678600601
exact_even_B25,330180,warehouse_small_kiva,stationary,4662,2.331,1,25,25,0,0.3457433279999999,48.69927865400001,86.91957176598953
exact_even_G4,330180,warehouse_small_kiva,stationary,4638,2.319,1,4,4,0,0.039413495,47.75628408700002,79.6752788759768
exact_even_G5,330180,warehouse_small_kiva,stationary,4641,2.3205,1,5,5,0,0.03155202,48.07296537999999,83.5111562529928
js_cap_G5,330180,warehouse_small_kiva,stationary,4650,2.325,1,5,5,0,0.20842618000000002,50.03575638899999,83.11428657299257
random_G5,330180,warehouse_small_kiva,stationary,4638,2.319,1,5,5,0,0.076117287,50.954909372000024,86.91501250499277
bootstrap_only,362413,warehouse_small_kiva,abrupt,4608,2.304,1,0,0,0,0.00387141,52.93876561200003,92.96589241400943
context_memory_B25,362413,warehouse_small_kiva,abrupt,4632,2.316,1,9,25,0,0.037427021,53.565676861,94.07797629400739
context_no_reactivation_B25,362413,warehouse_small_kiva,abrupt,4622,2.311,1,10,25,0,0.055898213,53.29211277400001,94.29875793901738
exact_even_B25,362413,warehouse_small_kiva,abrupt,4627,2.3135,1,25,25,0,0.214488588,50.812969547,96.89649329101667
exact_even_G4,362413,warehouse_small_kiva,abrupt,4465,2.2325,1,4,4,0,0.021194176000000002,51.33040888399999,88.7918000780046
exact_even_G5,362413,warehouse_small_kiva,abrupt,4645,2.3225,1,5,5,0,0.154924068,52.60388301900002,91.10462978598662
js_cap_G5,362413,warehouse_small_kiva,abrupt,4584,2.292,1,5,5,0,0.096580205,52.479321999000014,92.78864634799538
random_G5,362413,warehouse_small_kiva,abrupt,4625,2.3125,1,5,5,0,0.076450689,51.95343877200002,92.4153700780007
bootstrap_only,362413,warehouse_small_kiva,recurrent,4607,2.3035,1,0,0,0,0.003150289,49.70974930799999,87.68323940000846
context_memory_B25,362413,warehouse_small_kiva,recurrent,4651,2.3255,1,11,25,0,0.146261604,50.926507613000034,92.68810204701731
context_no_reactivation_B25,362413,warehouse_small_kiva,recurrent,4627,2.3135,1,9,25,0,0.16460069700000002,55.17693909299997,97.50325384698226
exact_even_B25,362413,warehouse_small_kiva,recurrent,4627,2.3135,1,25,25,0,0.14450159199999996,54.95311041599999,96.68892109501758
exact_even_G4,362413,warehouse_small_kiva,recurrent,4278,2.139,1,4,4,0,0.017196876,57.269874724,97.80412251499365
exact_even_G5,362413,warehouse_small_kiva,recurrent,4574,2.287,1,5,5,0,0.08623077200000001,49.41844545699999,88.9897454949969
js_cap_G5,362413,warehouse_small_kiva,recurrent,4446,2.223,1,5,5,0,0.083634471,57.10236052499999,98.21122317199479
random_G5,362413,warehouse_small_kiva,recurrent,4624,2.312,1,5,5,0,0.154243274,54.021925296999996,94.72448916599387
bootstrap_only,362413,warehouse_small_kiva,stationary,4381,2.1905,1,0,0,0,0.003177073,55.38368284800002,95.5990259249811
context_memory_B25,362413,warehouse_small_kiva,stationary,4030,2.015,1,4,25,0,0.08178470700000001,53.27489499500001,93.20310776401311
context_no_reactivation_B25,362413,warehouse_small_kiva,stationary,4043,2.0215,1,4,25,0,0.08918567899999999,54.96335200099999,99.1916348359955
exact_even_B25,362413,warehouse_small_kiva,stationary,4184,2.092,1,25,25,0,0.44555616800000003,55.867571839,105.77480716299033
exact_even_G4,362413,warehouse_small_kiva,stationary,4361,2.1805,1,4,4,0,0.163313542,55.425691669999985,97.7847011120175
exact_even_G5,362413,warehouse_small_kiva,stationary,4146,2.073,1,5,5,0,0.024755211,57.408721524,102.3128254780022
js_cap_G5,362413,warehouse_small_kiva,stationary,4143,2.0715,1,5,5,0,0.09940413000000002,54.41681122099999,95.6289262160135
random_G5,362413,warehouse_small_kiva,stationary,3843,1.9215,1,5,5,0,0.224476741,55.23230007800001,95.17779772498761
bootstrap_only,371204,warehouse_small_kiva,abrupt,4448,2.224,1,0,0,0,0.005464437,48.00759441400002,84.99983929700102
context_memory_B25,371204,warehouse_small_kiva,abrupt,4609,2.3045,1,6,25,0,0.106079718,49.813625878999986,92.82454457198037
context_no_reactivation_B25,371204,warehouse_small_kiva,abrupt,4569,2.2845,1,6,25,0,0.022356824000000004,49.76407569899999,95.57195845901151
exact_even_B25,371204,warehouse_small_kiva,abrupt,4623,2.3115,1,25,25,0,0.14939611,49.68332204199998,94.93129023400252
exact_even_G4,371204,warehouse_small_kiva,abrupt,4507,2.2535,1,4,4,0,0.078813831,47.07660073500001,88.03238540299935
exact_even_G5,371204,warehouse_small_kiva,abrupt,4615,2.3075,1,5,5,0,0.14129028999999999,46.860459274000014,88.7968005980074
js_cap_G5,371204,warehouse_small_kiva,abrupt,4541,2.2705,1,5,5,0,0.027241662,49.85194044199997,89.57708296601777
random_G5,371204,warehouse_small_kiva,abrupt,4610,2.305,1,5,5,0,0.018797989,49.159265510000004,88.49817135499325
bootstrap_only,371204,warehouse_small_kiva,recurrent,4451,2.2255,1,0,0,0,0.005087204,48.74563558600003,86.98317610300728
context_memory_B25,371204,warehouse_small_kiva,recurrent,4617,2.3085,1,11,25,0,0.027349856999999998,50.38168090900001,93.16017699800432
context_no_reactivation_B25,371204,warehouse_small_kiva,recurrent,4613,2.3065,1,12,25,0,0.16826372500000003,52.52212960099999,96.8670327560103
exact_even_B25,371204,warehouse_small_kiva,recurrent,4620,2.31,1,25,25,0,0.27440608699999997,53.690047572000005,98.38663279497996
exact_even_G4,371204,warehouse_small_kiva,recurrent,4420,2.21,1,4,4,0,0.029406421000000002,48.89856241100002,90.42415566701675
exact_even_G5,371204,warehouse_small_kiva,recurrent,4630,2.315,1,5,5,0,0.022518218,51.96491971500001,92.85990444599884
js_cap_G5,371204,warehouse_small_kiva,recurrent,4345,2.1725,1,5,5,0,0.08420079800000001,48.28780351600001,86.47279596299632
random_G5,371204,warehouse_small_kiva,recurrent,4600,2.3,1,5,5,0,0.11747297,51.45542509499998,93.28194334500586
bootstrap_only,371204,warehouse_small_kiva,stationary,4138,2.069,1,0,0,0,0.00280276,60.19380016200001,100.98482510499889
context_memory_B25,371204,warehouse_small_kiva,stationary,4350,2.175,1,5,25,0,0.08636108299999999,60.61366253400002,105.70612126900232
context_no_reactivation_B25,371204,warehouse_small_kiva,stationary,4341,2.1705,1,5,25,0,0.166336227,60.937994142,103.69947647600202
exact_even_B25,371204,warehouse_small_kiva,stationary,4535,2.2675,1,25,25,0,0.45024776199999994,59.29118659999999,107.30021099001169
exact_even_G4,371204,warehouse_small_kiva,stationary,4111,2.0555,1,4,4,0,0.098688563,60.44246686099999,102.80379274001461
exact_even_G5,371204,warehouse_small_kiva,stationary,4200,2.1,1,5,5,0,0.158393222,59.70934119199999,98.986377919995
js_cap_G5,371204,warehouse_small_kiva,stationary,4500,2.25,1,5,5,0,0.08622043999999998,60.82257382400002,100.59684771500179
random_G5,371204,warehouse_small_kiva,stationary,4072,2.036,1,5,5,0,0.08999667900000001,59.92279339199999,101.58553076401586
bootstrap_only,381214,warehouse_small_kiva,abrupt,4602,2.301,1,0,0,0,0.003472428,51.90787323700002,88.72236320399679
context_memory_B25,381214,warehouse_small_kiva,abrupt,4658,2.329,1,10,25,0,0.028625699000000004,51.69782875999999,93.40402034501312
context_no_reactivation_B25,381214,warehouse_small_kiva,abrupt,4647,2.3235,1,8,25,0,0.165544291,54.593482342,95.40145111898892
exact_even_B25,381214,warehouse_small_kiva,abrupt,4646,2.323,1,25,25,0,0.227056105,55.44187431599999,95.22632673502085
exact_even_G4,381214,warehouse_small_kiva,abrupt,4601,2.3005,1,4,4,0,0.075638412,53.880143166,93.9230937960092
exact_even_G5,381214,warehouse_small_kiva,abrupt,4651,2.3255,1,5,5,0,0.160944311,53.05539308699999,91.8065191549831
js_cap_G5,381214,warehouse_small_kiva,abrupt,4628,2.314,1,5,5,0,0.151698798,52.73768539400001,92.59231991300476
random_G5,381214,warehouse_small_kiva,abrupt,4647,2.3235,1,5,5,0,0.079909199,51.668773012,91.30389019698487
bootstrap_only,381214,warehouse_small_kiva,recurrent,4571,2.2855,1,0,0,0,0.003453484,50.418696875,89.88775866001379
context_memory_B25,381214,warehouse_small_kiva,recurrent,4629,2.3145,1,8,25,0,0.023415022,49.80719170700001,91.30314580001868
context_no_reactivation_B25,381214,warehouse_small_kiva,recurrent,4634,2.317,1,7,25,0,0.182233083,49.694983089999994,93.31370796600822
exact_even_B25,381214,warehouse_small_kiva,recurrent,4643,2.3215,1,25,25,0,0.36327521400000007,51.33171014199998,94.31629130398505
exact_even_G4,381214,warehouse_small_kiva,recurrent,4190,2.095,1,4,4,0,0.01631082,48.882170661999986,87.07741816699854
exact_even_G5,381214,warehouse_small_kiva,recurrent,4562,2.281,1,5,5,0,0.019616712,50.32300922500003,87.89008075799211
js_cap_G5,381214,warehouse_small_kiva,recurrent,4592,2.296,1,5,5,0,0.019629685,50.54561394499999,91.19000503001735
random_G5,381214,warehouse_small_kiva,recurrent,4498,2.249,1,5,5,0,0.031101845,50.01357851200001,88.68175441899803
bootstrap_only,381214,warehouse_small_kiva,stationary,3970,1.985,1,0,0,0,0.006723694,55.32091241799999,98.00243284698809
context_memory_B25,381214,warehouse_small_kiva,stationary,4615,2.3075,1,5,25,0,0.009086356,56.45577154,98.08752408900182
context_no_reactivation_B25,381214,warehouse_small_kiva,stationary,4568,2.284,1,7,25,0,0.026101102,58.160802427999975,101.6030157119967
exact_even_B25,381214,warehouse_small_kiva,stationary,4572,2.286,1,25,25,0,0.3067116109999999,54.646035422000004,97.91193905100226
exact_even_G4,381214,warehouse_small_kiva,stationary,4545,2.2725,1,4,4,0,0.020774159,59.93312915100002,98.99261580099119
exact_even_G5,381214,warehouse_small_kiva,stationary,4516,2.258,1,5,5,0,0.025145967000000005,56.33068557099999,99.6116718550038
js_cap_G5,381214,warehouse_small_kiva,stationary,4384,2.192,1,5,5,0,0.021968367,55.622049869000016,92.42937424898264
random_G5,381214,warehouse_small_kiva,stationary,4595,2.2975,1,5,5,0,0.244270453,54.90736848599999,96.12183316901792
bootstrap_only,398397,warehouse_small_kiva,abrupt,4575,2.2875,1,0,0,0,0.003521039,58.40059229,107.82325215198216
context_memory_B25,398397,warehouse_small_kiva,abrupt,4614,2.307,1,11,25,0,0.23367719299999995,56.49042378000001,109.61226106801769
context_no_reactivation_B25,398397,warehouse_small_kiva,abrupt,4632,2.316,1,9,25,0,0.039122826,57.659821523999994,106.5105577170034
exact_even_B25,398397,warehouse_small_kiva,abrupt,4645,2.3225,1,25,25,0,0.39800087300000003,56.51805453700002,111.80472612398444
exact_even_G4,398397,warehouse_small_kiva,abrupt,4464,2.232,1,4,4,0,0.022174659,55.509636283999995,103.21009094899637
exact_even_G5,398397,warehouse_small_kiva,abrupt,4637,2.3185,1,5,5,0,0.103790775,58.189812246999956,106.3760391419928
js_cap_G5,398397,warehouse_small_kiva,abrupt,4618,2.309,1,5,5,0,0.023285708,59.126313716,102.10729930599337
random_G5,398397,warehouse_small_kiva,abrupt,4442,2.221,1,5,5,0,0.020485736,59.12521776700001,109.11778078300995
bootstrap_only,398397,warehouse_small_kiva,recurrent,4366,2.183,1,0,0,0,0.062527497,49.589807629,90.63172634301009
context_memory_B25,398397,warehouse_small_kiva,recurrent,4632,2.316,1,7,25,0,0.076642713,51.79468068799997,95.90614206399187
context_no_reactivation_B25,398397,warehouse_small_kiva,recurrent,4628,2.314,1,7,25,0,0.09365806700000001,48.861916312000005,92.79618379898602
exact_even_B25,398397,warehouse_small_kiva,recurrent,4640,2.32,1,25,25,0,0.3092644170000001,49.40759083100001,95.193719287985
exact_even_G4,398397,warehouse_small_kiva,recurrent,4417,2.2085,1,4,4,0,0.022915447000000002,50.631826296999996,92.38123420201009
exact_even_G5,398397,warehouse_small_kiva,recurrent,4530,2.265,1,5,5,0,0.26269507299999995,48.166303370000016,90.38605579300201
js_cap_G5,398397,warehouse_small_kiva,recurrent,4600,2.3,1,5,5,0,0.09367040700000001,50.60205843699999,90.22663366398774
random_G5,398397,warehouse_small_kiva,recurrent,4600,2.3,1,5,5,0,0.22169481500000002,49.56480987400001,93.00376360901282
bootstrap_only,398397,warehouse_small_kiva,stationary,4635,2.3175,1,0,0,0,0.003091409,50.31670413199999,83.30431799200596
context_memory_B25,398397,warehouse_small_kiva,stationary,4602,2.301,1,5,25,0,0.087884757,52.51635323700002,88.13803200499387
context_no_reactivation_B25,398397,warehouse_small_kiva,stationary,4630,2.315,1,5,25,0,0.020460467,52.693940921999996,86.39820794799016
exact_even_B25,398397,warehouse_small_kiva,stationary,4621,2.3105,1,25,25,0,0.46713088999999985,50.11067691200003,86.9163453039946
exact_even_G4,398397,warehouse_small_kiva,stationary,4607,2.3035,1,4,4,0,0.026296311,50.730716233999985,84.81585375900613
exact_even_G5,398397,warehouse_small_kiva,stationary,4646,2.323,1,5,5,0,0.020348544,51.040240671,83.578486118
js_cap_G5,398397,warehouse_small_kiva,stationary,4618,2.309,1,5,5,0,0.023255545000000002,49.58856457499998,83.5828451779962
random_G5,398397,warehouse_small_kiva,stationary,4616,2.308,1,5,5,0,0.018895256,51.634981749000005,83.98605482900166
bootstrap_only,429853,warehouse_small_kiva,abrupt,4620,2.31,1,0,0,0,0.005242643,53.531867974000015,89.32594542499282
context_memory_B25,429853,warehouse_small_kiva,abrupt,4627,2.3135,1,8,25,0,0.05307165,55.07562887100002,96.51889323000796
context_no_reactivation_B25,429853,warehouse_small_kiva,abrupt,4633,2.3165,1,8,25,0,0.16350633300000003,52.07051952500001,94.48611203301698
exact_even_B25,429853,warehouse_small_kiva,abrupt,4612,2.306,1,25,25,0,0.5122322939999999,53.071467257999984,95.60784761601826
exact_even_G4,429853,warehouse_small_kiva,abrupt,4481,2.2405,1,4,4,0,0.019200576,54.32690312999999,91.22296059600194
exact_even_G5,429853,warehouse_small_kiva,abrupt,4591,2.2955,1,5,5,0,0.020992869,56.64641774799998,97.79225672199391
js_cap_G5,429853,warehouse_small_kiva,abrupt,4524,2.262,1,5,5,0,0.031062206000000002,53.16242716799998,91.3705204630096
random_G5,429853,warehouse_small_kiva,abrupt,4640,2.32,1,5,5,0,0.017093892,55.079406977999994,95.26319334402797
bootstrap_only,429853,warehouse_small_kiva,recurrent,4516,2.258,1,0,0,0,0.006815681,56.521381887,104.30910579598276
context_memory_B25,429853,warehouse_small_kiva,recurrent,4611,2.3055,1,10,25,0,0.019179151,56.005430165000014,102.50545368299936
context_no_reactivation_B25,429853,warehouse_small_kiva,recurrent,4636,2.318,1,9,25,0,0.185580565,58.16358062800002,105.90588639600901
exact_even_B25,429853,warehouse_small_kiva,recurrent,4611,2.3055,1,25,25,0,0.40425556100000004,57.71611870600002,113.19263689598301
exact_even_G4,429853,warehouse_small_kiva,recurrent,4602,2.301,1,4,4,0,0.24610511100000002,58.191833825000025,106.71203723899089
exact_even_G5,429853,warehouse_small_kiva,recurrent,4636,2.318,1,5,5,0,0.019888053,57.04717406999999,106.49325161098386
js_cap_G5,429853,warehouse_small_kiva,recurrent,4251,2.1255,1,5,5,0,0.09342992499999998,55.635343282,104.59301443299046
random_G5,429853,warehouse_small_kiva,recurrent,4640,2.32,1,5,5,0,0.227245279,57.544476419,105.08489210100379
bootstrap_only,429853,warehouse_small_kiva,stationary,4616,2.308,1,0,0,0,0.003748642,53.281682610999994,96.9071435490041
context_memory_B25,429853,warehouse_small_kiva,stationary,4610,2.305,1,7,25,0,0.09039657300000001,55.83831473199999,98.4990648389794
context_no_reactivation_B25,429853,warehouse_small_kiva,stationary,4624,2.312,1,7,25,0,0.17142935199999998,55.53932207499999,104.28303349099588
exact_even_B25,429853,warehouse_small_kiva,stationary,4616,2.308,1,25,25,0,0.5145333549999999,52.889142496,104.2752876120212
exact_even_G4,429853,warehouse_small_kiva,stationary,4617,2.3085,1,4,4,0,0.017897698,52.16921418399998,97.70035551101319
exact_even_G5,429853,warehouse_small_kiva,stationary,4643,2.3215,1,5,5,0,0.092398492,51.247184452,95.71587013098178
js_cap_G5,429853,warehouse_small_kiva,stationary,4633,2.3165,1,5,5,0,0.165579188,55.18029667100002,100.89916471100878
random_G5,429853,warehouse_small_kiva,stationary,4603,2.3015,1,5,5,0,0.023245539999999995,50.99922084499999,95.49920441998984
bootstrap_only,461566,warehouse_small_kiva,abrupt,4388,2.194,1,0,0,0,0.003773837,51.55881045800002,89.22841558500659
context_memory_B25,461566,warehouse_small_kiva,abrupt,4634,2.317,1,9,25,0,0.186867279,51.173485828000025,92.22292180202203
context_no_reactivation_B25,461566,warehouse_small_kiva,abrupt,4613,2.3065,1,8,25,0,0.08397955899999998,48.979478352999976,90.47340646700468
exact_even_B25,461566,warehouse_small_kiva,abrupt,4628,2.314,1,25,25,0,0.239742471,53.667221776,97.11004412500188
exact_even_G4,461566,warehouse_small_kiva,abrupt,4506,2.253,1,4,4,0,0.027281636,52.34331968000001,91.71046801598277
exact_even_G5,461566,warehouse_small_kiva,abrupt,4619,2.3095,1,5,5,0,0.095236979,51.87868109500002,91.1819346669945
js_cap_G5,461566,warehouse_small_kiva,abrupt,4438,2.219,1,5,5,0,0.07700455099999999,50.47004490000001,90.08961390098557
random_G5,461566,warehouse_small_kiva,abrupt,4637,2.3185,1,5,5,0,0.025080175,51.97432515799999,94.09419523199904
bootstrap_only,461566,warehouse_small_kiva,recurrent,4587,2.2935,1,0,0,0,0.003593187,61.00687017300002,105.30151874601142
context_memory_B25,461566,warehouse_small_kiva,recurrent,4645,2.3225,1,7,25,0,0.02117505,56.840275082000026,105.98794078698847
context_no_reactivation_B25,461566,warehouse_small_kiva,recurrent,4628,2.314,1,8,25,0,0.10489855699999999,55.915595492999984,105.81150413499563
exact_even_B25,461566,warehouse_small_kiva,recurrent,4629,2.3145,1,25,25,0,0.592197735,55.837299638999994,103.79792875601561
exact_even_G4,461566,warehouse_small_kiva,recurrent,4261,2.1305,1,4,4,0,0.091453404,55.58186877599999,103.61090485201566
exact_even_G5,461566,warehouse_small_kiva,recurrent,4530,2.265,1,5,5,0,0.026357080000000005,57.75355239900001,106.50719672898413
js_cap_G5,461566,warehouse_small_kiva,recurrent,4383,2.1915,1,5,5,0,0.093072947,57.345252664,103.5066277939768
random_G5,461566,warehouse_small_kiva,recurrent,4625,2.3125,1,5,5,0,0.225971333,55.97047088200002,103.22571316402173
bootstrap_only,461566,warehouse_small_kiva,stationary,4573,2.2865,1,0,0,0,0.004779411,56.95035516900001,94.98268581498996
context_memory_B25,461566,warehouse_small_kiva,stationary,4584,2.292,1,9,25,0,0.01072926,55.68170191299998,96.721642376011
context_no_reactivation_B25,461566,warehouse_small_kiva,stationary,4547,2.2735,1,10,25,0,0.267824717,57.90539438899999,100.98642768201535
exact_even_B25,461566,warehouse_small_kiva,stationary,4608,2.304,1,25,25,0,0.44000935199999996,53.998188295,100.7009993539832
exact_even_G4,461566,warehouse_small_kiva,stationary,4574,2.287,1,4,4,0,0.083368845,55.374734137999994,94.88439261398162
exact_even_G5,461566,warehouse_small_kiva,stationary,4599,2.2995,1,5,5,0,0.090461679,58.299844667,95.62144149799133
js_cap_G5,461566,warehouse_small_kiva,stationary,4395,2.1975,1,5,5,0,0.086187069,53.14586728,92.68907791399397
random_G5,461566,warehouse_small_kiva,stationary,4612,2.306,1,5,5,0,0.10706355699999999,57.44013501400001,97.50157749999198
bootstrap_only,491276,warehouse_small_kiva,abrupt,4522,2.261,1,0,0,0,0.085518022,51.50514010300001,87.81610150699271
context_memory_B25,491276,warehouse_small_kiva,abrupt,4597,2.2985,1,11,25,0,0.175370093,51.257134784000016,90.69492051398265
context_no_reactivation_B25,491276,warehouse_small_kiva,abrupt,4595,2.2975,1,10,25,0,0.06753216,52.172874108,94.1013048980094
exact_even_B25,491276,warehouse_small_kiva,abrupt,4613,2.3065,1,25,25,0,0.124331314,50.448110232,90.81747235701187
exact_even_G4,491276,warehouse_small_kiva,abrupt,4428,2.214,1,4,4,0,0.07015779700000001,49.50635726799998,88.49337998300325
exact_even_G5,491276,warehouse_small_kiva,abrupt,4626,2.313,1,5,5,0,0.07890158700000001,51.17399468700002,88.28384832799202
js_cap_G5,491276,warehouse_small_kiva,abrupt,4408,2.204,1,5,5,0,0.099281795,51.58721634199998,88.82913235999877
random_G5,491276,warehouse_small_kiva,abrupt,4613,2.3065,1,5,5,0,0.08764816,48.25345706999999,88.88026396100759
bootstrap_only,491276,warehouse_small_kiva,recurrent,4465,2.2325,1,0,0,0,0.00382421,55.31931916299999,96.10760896801366
context_memory_B25,491276,warehouse_small_kiva,recurrent,4641,2.3205,1,10,25,0,0.15782243199999998,53.516610185999994,97.56009907298721
context_no_reactivation_B25,491276,warehouse_small_kiva,recurrent,4630,2.315,1,10,25,0,0.039144944,52.18209220399998,95.78906150098192
exact_even_B25,491276,warehouse_small_kiva,recurrent,4612,2.306,1,25,25,0,0.22070591499999997,53.18790902099999,97.98640771201462
exact_even_G4,491276,warehouse_small_kiva,recurrent,4515,2.2575,1,4,4,0,0.016938956,52.339878753999976,92.88479436998023
exact_even_G5,491276,warehouse_small_kiva,recurrent,4596,2.298,1,5,5,0,0.056932041,54.008325877999994,97.31922423801734
js_cap_G5,491276,warehouse_small_kiva,recurrent,4502,2.251,1,5,5,0,0.082679209,51.41372001499999,91.02743723199819
random_G5,491276,warehouse_small_kiva,recurrent,4629,2.3145,1,5,5,0,0.021325649,52.656022189999995,93.47685993800405
bootstrap_only,491276,warehouse_small_kiva,stationary,4519,2.2595,1,0,0,0,0.004708845,58.628719447000016,101.12597114001983
context_memory_B25,491276,warehouse_small_kiva,stationary,4005,2.0025,1,5,25,0,0.013601657,53.64426780700003,95.09250877198065
context_no_reactivation_B25,491276,warehouse_small_kiva,stationary,4506,2.253,1,5,25,0,0.087273179,57.011055360999976,104.30420142799267
exact_even_B25,491276,warehouse_small_kiva,stationary,4566,2.283,1,25,25,0,0.23927089799999998,54.522317898000004,100.41471212299075
exact_even_G4,491276,warehouse_small_kiva,stationary,4571,2.2855,1,4,4,0,0.017978327000000002,55.78069897699998,97.38228775502648
exact_even_G5,491276,warehouse_small_kiva,stationary,4579,2.2895,1,5,5,0,0.09801318799999999,57.42691374500003,98.31358646199806
js_cap_G5,491276,warehouse_small_kiva,stationary,4603,2.3015,1,5,5,0,0.026949309999999997,57.50587549300003,100.38639656998566
random_G5,491276,warehouse_small_kiva,stationary,4569,2.2845,1,5,5,0,0.09397090000000001,57.587484338999985,101.21401287900517
bootstrap_only,500976,warehouse_small_kiva,abrupt,4499,2.2495,1,0,0,0,0.006900866,51.51167707800002,102.20551263299421
context_memory_B25,500976,warehouse_small_kiva,abrupt,4655,2.3275,1,10,25,0,0.042000543,49.519343161999984,100.20223649099353
context_no_reactivation_B25,500976,warehouse_small_kiva,abrupt,4619,2.3095,1,10,25,0,0.18410924699999998,51.27640749699998,100.99272340501193
exact_even_B25,500976,warehouse_small_kiva,abrupt,4666,2.333,1,25,25,0,0.24057380899999997,52.00262618900001,109.19906645201263
exact_even_G4,500976,warehouse_small_kiva,abrupt,4309,2.1545,1,4,4,0,0.08645785999999998,52.676822639000015,101.481215909007
exact_even_G5,500976,warehouse_small_kiva,abrupt,4637,2.3185,1,5,5,0,0.22474781900000004,52.114639519000015,103.49446345699835
js_cap_G5,500976,warehouse_small_kiva,abrupt,4640,2.32,1,5,5,0,0.241365674,51.94818628499999,98.68989218998468
random_G5,500976,warehouse_small_kiva,abrupt,4627,2.3135,1,5,5,0,0.08769654700000001,50.71505811900002,97.50774651099346
bootstrap_only,500976,warehouse_small_kiva,recurrent,4556,2.278,1,0,0,0,0.006277177,54.550990145000014,103.89153518999228
context_memory_B25,500976,warehouse_small_kiva,recurrent,4645,2.3225,1,7,25,0,0.020638639,55.23538156,101.00357183301821
context_no_reactivation_B25,500976,warehouse_small_kiva,recurrent,4672,2.336,1,8,25,0,0.107819469,53.85401606499998,106.80793382701813
exact_even_B25,500976,warehouse_small_kiva,recurrent,4658,2.329,1,25,25,0,0.32460386099999994,58.676817579,110.12374084600015
exact_even_G4,500976,warehouse_small_kiva,recurrent,4256,2.128,1,4,4,0,0.15928487,55.028186369,103.3262383560068
exact_even_G5,500976,warehouse_small_kiva,recurrent,4641,2.3205,1,5,5,0,0.025236598,55.69569868899998,106.10904782998841
js_cap_G5,500976,warehouse_small_kiva,recurrent,4648,2.324,1,5,5,0,0.023467867,54.311689079000004,101.68061478398158
random_G5,500976,warehouse_small_kiva,recurrent,4625,2.3125,1,5,5,0,0.094361728,54.498342121999976,104.3842172769946
bootstrap_only,500976,warehouse_small_kiva,stationary,3535,1.7675,1,0,0,0,0.003678516,53.13012397000003,85.4972361389955
context_memory_B25,500976,warehouse_small_kiva,stationary,4371,2.1855,1,4,25,0,0.015691603,49.53815603500002,84.99047057001735
context_no_reactivation_B25,500976,warehouse_small_kiva,stationary,4371,2.1855,1,4,25,0,0.12798397299999997,48.295621730000015,84.63250485699973
exact_even_B25,500976,warehouse_small_kiva,stationary,4332,2.166,1,25,25,0,0.403825797,51.651505437000004,90.29462766699726
exact_even_G4,500976,warehouse_small_kiva,stationary,4202,2.101,1,4,4,0,0.018685989,47.03923446400001,81.81820952202543
exact_even_G5,500976,warehouse_small_kiva,stationary,4518,2.259,1,5,5,0,0.041173813000000004,52.22079787800001,85.89405480498681
js_cap_G5,500976,warehouse_small_kiva,stationary,3931,1.9655,1,5,5,0,0.07483828299999999,47.69402621800001,82.59902473699185
random_G5,500976,warehouse_small_kiva,stationary,3747,1.8735,1,5,5,0,0.02337665,48.890005347,82.9295800300024
bootstrap_only,523055,warehouse_small_kiva,abrupt,4375,2.1875,1,0,0,0,0.002985154,48.92197608100001,88.61387868699967
context_memory_B25,523055,warehouse_small_kiva,abrupt,4638,2.319,1,6,25,0,0.086264616,51.19393229199999,96.6018439430045
context_no_reactivation_B25,523055,warehouse_small_kiva,abrupt,4633,2.3165,1,6,25,0,0.09070925,49.42839104299998,91.28788146501756
exact_even_B25,523055,warehouse_small_kiva,abrupt,4624,2.312,1,25,25,0,0.15909625500000002,52.825936807000005,97.1293567919929
exact_even_G4,523055,warehouse_small_kiva,abrupt,4434,2.217,1,4,4,0,0.02311042,51.65940697699999,91.13193082102225
exact_even_G5,523055,warehouse_small_kiva,abrupt,4598,2.299,1,5,5,0,0.09182334499999999,48.892673117,89.18736042300588
js_cap_G5,523055,warehouse_small_kiva,abrupt,4564,2.282,1,5,5,0,0.083974003,50.945241581000005,88.50033387099393
random_G5,523055,warehouse_small_kiva,abrupt,4424,2.212,1,5,5,0,0.015175192,50.99018993700002,89.67823379600304
bootstrap_only,523055,warehouse_small_kiva,recurrent,4356,2.178,1,0,0,0,0.007461539,55.056553440000016,105.48896205300116
context_memory_B25,523055,warehouse_small_kiva,recurrent,4595,2.2975,1,10,25,0,0.08912985899999999,55.46004668099999,104.69796393200522
context_no_reactivation_B25,523055,warehouse_small_kiva,recurrent,4624,2.312,1,7,25,0,0.103283714,56.105486371000026,107.89874381601112
exact_even_B25,523055,warehouse_small_kiva,recurrent,4644,2.322,1,25,25,0,0.316459189,55.130743826,108.81882980599767
exact_even_G4,523055,warehouse_small_kiva,recurrent,4294,2.147,1,4,4,0,0.15991987,55.45983915799997,101.50744636400486
exact_even_G5,523055,warehouse_small_kiva,recurrent,4639,2.3195,1,5,5,0,0.093052016,56.77852961499999,110.49836237801355
js_cap_G5,523055,warehouse_small_kiva,recurrent,4483,2.2415,1,5,5,0,0.15778333700000002,56.494432734000014,108.6076915290032
random_G5,523055,warehouse_small_kiva,recurrent,4461,2.2305,1,5,5,0,0.021701326,54.97448303499999,102.09901650500251
bootstrap_only,523055,warehouse_small_kiva,stationary,4556,2.278,1,0,0,0,0.006569029,59.87320734099999,101.3875164189958
context_memory_B25,523055,warehouse_small_kiva,stationary,4603,2.3015,1,7,25,0,0.012126736,55.41022200800001,97.61603531098808
context_no_reactivation_B25,523055,warehouse_small_kiva,stationary,4617,2.3085,1,6,25,0,0.028287049,59.19955397800002,103.68201112598763
exact_even_B25,523055,warehouse_small_kiva,stationary,4616,2.308,1,25,25,0,0.48255205700000015,56.72232762100001,100.39707890202408
exact_even_G4,523055,warehouse_small_kiva,stationary,4591,2.2955,1,4,4,0,0.020131186000000002,59.73475170200003,102.80127100201207
exact_even_G5,523055,warehouse_small_kiva,stationary,4617,2.3085,1,5,5,0,0.16344866700000002,56.189506545999976,96.61054331899504
js_cap_G5,523055,warehouse_small_kiva,stationary,4535,2.2675,1,5,5,0,0.228871702,56.59489068399999,99.40874604100827
random_G5,523055,warehouse_small_kiva,stationary,4629,2.3145,1,5,5,0,0.024284625999999997,53.847166503999986,95.11430603999179
bootstrap_only,526869,warehouse_small_kiva,abrupt,4541,2.2705,1,0,0,0,0.006112689,58.44502557500001,106.80801432600128
context_memory_B25,526869,warehouse_small_kiva,abrupt,4629,2.3145,1,8,25,0,0.08826280499999999,55.914966162,105.79695138300303
context_no_reactivation_B25,526869,warehouse_small_kiva,abrupt,4593,2.2965,1,8,25,0,0.172207184,55.652721887,106.61169008800061
exact_even_B25,526869,warehouse_small_kiva,abrupt,4617,2.3085,1,25,25,0,0.382916278,56.117272686999996,111.11669621898909
exact_even_G4,526869,warehouse_small_kiva,abrupt,4540,2.27,1,4,4,0,0.090412188,58.49167838900002,109.3989739829849
exact_even_G5,526869,warehouse_small_kiva,abrupt,4599,2.2995,1,5,5,0,0.023959384,56.76722047300001,104.30336742498912
js_cap_G5,526869,warehouse_small_kiva,abrupt,4574,2.287,1,5,5,0,0.162851806,56.40345490699999,105.2027760350029
random_G5,526869,warehouse_small_kiva,abrupt,4610,2.305,1,5,5,0,0.09500521600000002,58.667235856999994,102.30771193100372
bootstrap_only,526869,warehouse_small_kiva,recurrent,4428,2.214,1,0,0,0,0.004663707,50.959609487000016,90.41206428600708
context_memory_B25,526869,warehouse_small_kiva,recurrent,4543,2.2715,1,8,25,0,0.13060329099999998,50.45167935799999,94.09715579400654
context_no_reactivation_B25,526869,warehouse_small_kiva,recurrent,4585,2.2925,1,8,25,0,0.041511035,50.913545465999995,91.38552715998958
exact_even_B25,526869,warehouse_small_kiva,recurrent,4591,2.2955,1,25,25,0,0.22243997599999998,49.62777689099999,92.6291833499854
exact_even_G4,526869,warehouse_small_kiva,recurrent,4199,2.0995,1,4,4,0,0.038012923,50.555421005000014,89.82231889100512
exact_even_G5,526869,warehouse_small_kiva,recurrent,4612,2.306,1,5,5,0,0.028119702,48.25366541400003,88.70465905897436
js_cap_G5,526869,warehouse_small_kiva,recurrent,4550,2.275,1,5,5,0,0.213739316,51.52173051800001,93.29722459000186
random_G5,526869,warehouse_small_kiva,recurrent,4382,2.191,1,5,5,0,0.017476837,48.39397942999998,88.00025602598907
bootstrap_only,526869,warehouse_small_kiva,stationary,4566,2.283,1,0,0,0,0.004809216,54.501195436999964,95.17832464101957
context_memory_B25,526869,warehouse_small_kiva,stationary,4611,2.3055,1,5,25,0,0.01064417,57.213837597999984,100.41759218400693
context_no_reactivation_B25,526869,warehouse_small_kiva,stationary,4619,2.3095,1,6,25,0,0.094834003,57.82220415399998,101.09516725098365
exact_even_B25,526869,warehouse_small_kiva,stationary,4609,2.3045,1,25,25,0,0.484323988,56.397322362,104.19049659601296
exact_even_G4,526869,warehouse_small_kiva,stationary,4615,2.3075,1,4,4,0,0.016965703,57.11716933400001,100.52420486300252
exact_even_G5,526869,warehouse_small_kiva,stationary,4596,2.298,1,5,5,0,0.09271274900000002,55.489494522,96.0990177539934
js_cap_G5,526869,warehouse_small_kiva,stationary,4215,2.1075,1,5,5,0,0.086812536,53.81269575199997,94.58884719901835
random_G5,526869,warehouse_small_kiva,stationary,4135,2.0675,1,5,5,0,0.161256229,57.88021441200002,100.4891075710184
bootstrap_only,534821,warehouse_small_kiva,abrupt,4620,2.31,1,0,0,0,0.005733723,43.233264156000025,95.48163946799468
context_memory_B25,534821,warehouse_small_kiva,abrupt,4630,2.315,1,7,25,0,0.025788239,44.549818808999994,98.09963630398852
context_no_reactivation_B25,534821,warehouse_small_kiva,abrupt,4653,2.3265,1,7,25,0,0.08383601099999999,44.521519387999994,96.27466233400628
exact_even_B25,534821,warehouse_small_kiva,abrupt,4621,2.3105,1,25,25,0,0.36283748299999996,45.388072292,102.66721022699494
exact_even_G4,534821,warehouse_small_kiva,abrupt,4569,2.2845,1,4,4,0,0.01422326,42.80344532000001,93.79198150298907
exact_even_G5,534821,warehouse_small_kiva,abrupt,4625,2.3125,1,5,5,0,0.143140845,43.978162532999995,94.08710978200543
js_cap_G5,534821,warehouse_small_kiva,abrupt,4599,2.2995,1,5,5,0,0.100300508,43.47551434700002,96.99039255702519
random_G5,534821,warehouse_small_kiva,abrupt,4603,2.3015,1,5,5,0,0.080713695,47.03572081700001,96.60854268100229
bootstrap_only,534821,warehouse_small_kiva,recurrent,4660,2.33,1,0,0,0,0.006596625,52.545140240000016,97.60715894799796
context_memory_B25,534821,warehouse_small_kiva,recurrent,4652,2.326,1,8,25,0,0.16926415199999997,52.042651246000005,100.09912632300984
context_no_reactivation_B25,534821,warehouse_small_kiva,recurrent,4608,2.304,1,9,25,0,0.10619853700000001,53.077006179,102.19924875098513
exact_even_B25,534821,warehouse_small_kiva,recurrent,4646,2.323,1,25,25,0,0.5852142979999999,52.75975812999998,105.49723126800382
exact_even_G4,534821,warehouse_small_kiva,recurrent,4364,2.182,1,4,4,0,0.08634708299999999,53.458042428999995,102.1914232080162
exact_even_G5,534821,warehouse_small_kiva,recurrent,4621,2.3105,1,5,5,0,0.184443729,53.489334891999995,102.3958847229951
js_cap_G5,534821,warehouse_small_kiva,recurrent,4656,2.328,1,5,5,0,0.021374744,52.20249427799999,102.19707887098775
random_G5,534821,warehouse_small_kiva,recurrent,4553,2.2765,1,5,5,0,0.025226539000000003,53.509102584999994,100.79834931399091
bootstrap_only,534821,warehouse_small_kiva,stationary,4601,2.3005,1,0,0,0,0.076702306,55.11706224100001,98.40369293797994
context_memory_B25,534821,warehouse_small_kiva,stationary,4570,2.285,1,5,25,0,0.08580855899999999,53.41683400199997,99.20807847299147
context_no_reactivation_B25,534821,warehouse_small_kiva,stationary,4597,2.2985,1,6,25,0,0.23488473400000004,51.77271118100002,97.4197052079835
exact_even_B25,534821,warehouse_small_kiva,stationary,4606,2.303,1,25,25,0,0.44897207899999997,55.187949540000034,102.79076387701207
exact_even_G4,534821,warehouse_small_kiva,stationary,4524,2.262,1,4,4,0,0.022711782,54.066738293,99.18795737897744
exact_even_G5,534821,warehouse_small_kiva,stationary,4573,2.2865,1,5,5,0,0.241813493,52.44852468299999,94.89852124400204
js_cap_G5,534821,warehouse_small_kiva,stationary,4621,2.3105,1,5,5,0,0.100612727,52.232212483000005,94.41961550398264
random_G5,534821,warehouse_small_kiva,stationary,4601,2.3005,1,5,5,0,0.022737960999999998,54.69621718200001,97.37782089901157
bootstrap_only,537643,warehouse_small_kiva,abrupt,4629,2.3145,1,0,0,0,0.004627224,50.50282069400001,100.12211310301791
context_memory_B25,537643,warehouse_small_kiva,abrupt,4677,2.3385,1,6,25,0,0.097288231,51.592206155999996,104.08862117299577
context_no_reactivation_B25,537643,warehouse_small_kiva,abrupt,4677,2.3385,1,6,25,0,0.160980793,52.366974925,98.60233177198097
exact_even_B25,537643,warehouse_small_kiva,abrupt,4630,2.315,1,25,25,0,0.31025536699999995,50.961180687999985,103.9984998650034
exact_even_G4,537643,warehouse_small_kiva,abrupt,4437,2.2185,1,4,4,0,0.16358517099999997,49.989289243,99.09099503300968
exact_even_G5,537643,warehouse_small_kiva,abrupt,4642,2.321,1,5,5,0,0.095700434,53.812436138000024,99.68844761600485
js_cap_G5,537643,warehouse_small_kiva,abrupt,4506,2.253,1,5,5,0,0.15797031,52.643940046,100.82144686600077
random_G5,537643,warehouse_small_kiva,abrupt,4622,2.311,1,5,5,0,0.157742112,53.33491412800001,102.39782349800225
bootstrap_only,537643,warehouse_small_kiva,recurrent,4484,2.242,1,0,0,0,0.003432464,49.281910739999994,91.68828631399083
context_memory_B25,537643,warehouse_small_kiva,recurrent,4629,2.3145,1,7,25,0,0.14682250300000002,50.24599891500001,91.10727244798909
context_no_reactivation_B25,537643,warehouse_small_kiva,recurrent,4638,2.319,1,7,25,0,0.030064549,50.409663655,92.57707368500996
exact_even_B25,537643,warehouse_small_kiva,recurrent,4638,2.319,1,25,25,0,0.4342359839999999,51.338512352999985,95.22735940798884
exact_even_G4,537643,warehouse_small_kiva,recurrent,4403,2.2015,1,4,4,0,0.22831215700000002,50.31300939300001,91.5179576340015
exact_even_G5,537643,warehouse_small_kiva,recurrent,4620,2.31,1,5,5,0,0.018515681,50.70600678299999,91.12679772201227
js_cap_G5,537643,warehouse_small_kiva,recurrent,4582,2.291,1,5,5,0,0.093944651,51.42689640700001,91.37439928198
random_G5,537643,warehouse_small_kiva,recurrent,4623,2.3115,1,5,5,0,0.21177144399999998,49.92314604399998,89.22484089300269
bootstrap_only,537643,warehouse_small_kiva,stationary,4644,2.322,1,0,0,0,0.072856207,52.85424768500003,85.19896934897406
context_memory_B25,537643,warehouse_small_kiva,stationary,4633,2.3165,1,8,25,0,0.085233979,53.96078311100002,89.30267797299894
context_no_reactivation_B25,537643,warehouse_small_kiva,stationary,4641,2.3205,1,9,25,0,0.21061091,49.62099055600001,86.08613643900026
exact_even_B25,537643,warehouse_small_kiva,stationary,4637,2.3185,1,25,25,0,0.27959251900000004,49.15396959499998,88.11702883298858
exact_even_G4,537643,warehouse_small_kiva,stationary,4633,2.3165,1,4,4,0,0.209543862,49.89176030600001,84.58913018900785
exact_even_G5,537643,warehouse_small_kiva,stationary,4653,2.3265,1,5,5,0,0.094744943,52.072476461000015,86.08691030400223
js_cap_G5,537643,warehouse_small_kiva,stationary,4626,2.313,1,5,5,0,0.021151953,47.383708779,80.81599806901067
random_G5,537643,warehouse_small_kiva,stationary,4647,2.3235,1,5,5,0,0.07918117,49.95455250499998,82.4995847500104
bootstrap_only,541256,warehouse_small_kiva,abrupt,4543,2.2715,1,0,0,0,0.003609387,53.40049886099999,90.51536438101903
context_memory_B25,541256,warehouse_small_kiva,abrupt,4646,2.323,1,8,25,0,0.15855360300000002,54.19779898700001,96.02148016600404
context_no_reactivation_B25,541256,warehouse_small_kiva,abrupt,4647,2.3235,1,8,25,0,0.036234177000000006,54.43178277899997,95.5112374239834
exact_even_B25,541256,warehouse_small_kiva,abrupt,4645,2.3225,1,25,25,0,0.21559322699999997,55.39820191500001,96.81304228299996
exact_even_G4,541256,warehouse_small_kiva,abrupt,4601,2.3005,1,4,4,0,0.09584921600000001,53.29863870700001,91.33551547999377
exact_even_G5,541256,warehouse_small_kiva,abrupt,4619,2.3095,1,5,5,0,0.022304618999999998,52.36493214,88.79478018902591
js_cap_G5,541256,warehouse_small_kiva,abrupt,4638,2.319,1,5,5,0,0.024674263000000002,53.96296174700002,90.89083092700457
random_G5,541256,warehouse_small_kiva,abrupt,4553,2.2765,1,5,5,0,0.03924365,51.26357228599999,89.88392361899605
bootstrap_only,541256,warehouse_small_kiva,recurrent,4630,2.315,1,0,0,0,0.005095017,50.326193800000006,89.67557951100753
context_memory_B25,541256,warehouse_small_kiva,recurrent,4655,2.3275,1,6,25,0,0.08690651,53.51120644699998,91.6847976979916
context_no_reactivation_B25,541256,warehouse_small_kiva,recurrent,4649,2.3245,1,7,25,0,0.030973149,52.15663360499998,93.81650820499635
exact_even_B25,541256,warehouse_small_kiva,recurrent,4647,2.3235,1,25,25,0,0.248430187,53.140716527999984,96.42412620500545
exact_even_G4,541256,warehouse_small_kiva,recurrent,4379,2.1895,1,4,4,0,0.071257809,52.553034087,91.20599353199941
exact_even_G5,541256,warehouse_small_kiva,recurrent,4632,2.316,1,5,5,0,0.080217284,49.97999766199999,89.43010114398203
js_cap_G5,541256,warehouse_small_kiva,recurrent,4613,2.3065,1,5,5,0,0.09455594800000001,51.072508256000006,90.084956339997
random_G5,541256,warehouse_small_kiva,recurrent,4541,2.2705,1,5,5,0,0.07693897999999999,55.573098921999986,94.02455824200297
bootstrap_only,541256,warehouse_small_kiva,stationary,4633,2.3165,1,0,0,0,0.004928395,59.02973184199999,99.91572436102433
context_memory_B25,541256,warehouse_small_kiva,stationary,4618,2.309,1,8,25,0,0.014493128999999999,56.52887504399999,98.70208834900404
context_no_reactivation_B25,541256,warehouse_small_kiva,stationary,4612,2.306,1,8,25,0,0.10917975899999999,55.38566832199998,100.49595554699772
exact_even_B25,541256,warehouse_small_kiva,stationary,4621,2.3105,1,25,25,0,0.384461147,56.39752699800001,102.89285427701543
exact_even_G4,541256,warehouse_small_kiva,stationary,4619,2.3095,1,4,4,0,0.020652657999999997,56.88020156300003,98.47746988898143
exact_even_G5,541256,warehouse_small_kiva,stationary,4629,2.3145,1,5,5,0,0.022220418000000002,54.18556319200001,95.01032553100958
js_cap_G5,541256,warehouse_small_kiva,stationary,4612,2.306,1,5,5,0,0.159441835,55.95342711300001,98.20030376501381
random_G5,541256,warehouse_small_kiva,stationary,4633,2.3165,1,5,5,0,0.159601928,55.54997502500002,97.60890290699899
bootstrap_only,552654,warehouse_small_kiva,abrupt,4643,2.3215,1,0,0,0,0.004215027,58.05415344100003,103.09403250200558
context_memory_B25,552654,warehouse_small_kiva,abrupt,4625,2.3125,1,6,25,0,0.028145482000000003,56.05650476200001,104.81301343301311
context_no_reactivation_B25,552654,warehouse_small_kiva,abrupt,4625,2.3125,1,6,25,0,0.027659582999999998,57.70647351499999,108.11482698199688
exact_even_B25,552654,warehouse_small_kiva,abrupt,4612,2.306,1,25,25,0,0.378192228,56.52598578699999,110.4859595040034
exact_even_G4,552654,warehouse_small_kiva,abrupt,4638,2.319,1,4,4,0,0.085811639,58.49763397100001,106.68767077999655
exact_even_G5,552654,warehouse_small_kiva,abrupt,4625,2.3125,1,5,5,0,0.035553421,56.20230681200001,105.90969666402088
js_cap_G5,552654,warehouse_small_kiva,abrupt,4623,2.3115,1,5,5,0,0.087967357,61.927053803,108.20694805000676
random_G5,552654,warehouse_small_kiva,abrupt,4644,2.322,1,5,5,0,0.095064459,59.24568077199999,108.88204749999568
bootstrap_only,552654,warehouse_small_kiva,recurrent,4606,2.303,1,0,0,0,0.005842265,56.59520625299998,95.61636589700356
context_memory_B25,552654,warehouse_small_kiva,recurrent,4649,2.3245,1,5,25,0,0.010498926,50.40145926700001,92.70668708800804
context_no_reactivation_B25,552654,warehouse_small_kiva,recurrent,4651,2.3255,1,6,25,0,0.088785281,48.780310429999986,90.21345146102249
exact_even_B25,552654,warehouse_small_kiva,recurrent,4644,2.322,1,25,25,0,0.144569642,49.311479921,90.59917006499018
exact_even_G4,552654,warehouse_small_kiva,recurrent,4325,2.1625,1,4,4,0,0.08273819400000001,49.99153438700002,89.21892601001309
exact_even_G5,552654,warehouse_small_kiva,recurrent,4628,2.314,1,5,5,0,0.14391111399999998,52.80661855299998,93.46683615600341
js_cap_G5,552654,warehouse_small_kiva,recurrent,4371,2.1855,1,5,5,0,0.150304369,49.12925347999998,86.48425832798239
random_G5,552654,warehouse_small_kiva,recurrent,4625,2.3125,1,5,5,0,0.092226686,53.662724096,91.11374040399096
bootstrap_only,552654,warehouse_small_kiva,stationary,3970,1.985,1,0,0,0,0.073007368,44.49737423700004,80.47368776000803
context_memory_B25,552654,warehouse_small_kiva,stationary,4629,2.3145,1,7,25,0,0.07746743899999999,47.49768707800001,82.908661458001
context_no_reactivation_B25,552654,warehouse_small_kiva,stationary,4609,2.3045,1,7,25,0,0.043907196,46.39925633499998,85.4353660820052
exact_even_B25,552654,warehouse_small_kiva,stationary,4571,2.2855,1,25,25,0,0.426119097,45.917445821000015,84.62263045902364
exact_even_G4,552654,warehouse_small_kiva,stationary,4429,2.2145,1,4,4,0,0.07420152399999999,46.69404400600001,83.98196406700299
exact_even_G5,552654,warehouse_small_kiva,stationary,4308,2.154,1,5,5,0,0.111097953,45.941722124999984,82.50239997400786
js_cap_G5,552654,warehouse_small_kiva,stationary,4608,2.304,1,5,5,0,0.018665199,46.35632343400001,82.21538002899615
random_G5,552654,warehouse_small_kiva,stationary,4202,2.101,1,5,5,0,0.030914247000000002,48.514372874,83.68751448698458
bootstrap_only,560584,warehouse_small_kiva,abrupt,4635,2.3175,1,0,0,0,0.004382978,53.448482014,93.89974076801445
context_memory_B25,560584,warehouse_small_kiva,abrupt,4615,2.3075,1,7,25,0,0.13880518300000003,51.26485847499998,94.30760753600043
context_no_reactivation_B25,560584,warehouse_small_kiva,abrupt,4608,2.304,1,7,25,0,0.274499661,49.08578484499999,89.24314141101786
exact_even_B25,560584,warehouse_small_kiva,abrupt,4625,2.3125,1,25,25,0,0.5027007380000001,50.48285180600001,91.70294699000078
exact_even_G4,560584,warehouse_small_kiva,abrupt,4614,2.307,1,4,4,0,0.13018081099999998,51.85996371199998,90.3817526579951
exact_even_G5,560584,warehouse_small_kiva,abrupt,4622,2.311,1,5,5,0,0.041637849000000005,53.54160579599997,91.50793436702224
js_cap_G5,560584,warehouse_small_kiva,abrupt,4632,2.316,1,5,5,0,0.09048400699999999,51.022193568,89.50938229000894
random_G5,560584,warehouse_small_kiva,abrupt,4609,2.3045,1,5,5,0,0.094375492,52.45201444399999,91.32286946501699
bootstrap_only,560584,warehouse_small_kiva,recurrent,4477,2.2385,1,0,0,0,0.006470634,46.40877718700001,85.09483056000317
context_memory_B25,560584,warehouse_small_kiva,recurrent,4657,2.3285,1,8,25,0,0.080479434,49.13473186,90.20209390899981
context_no_reactivation_B25,560584,warehouse_small_kiva,recurrent,4644,2.322,1,8,25,0,0.041629751,49.82039457499998,92.08020513900556
exact_even_B25,560584,warehouse_small_kiva,recurrent,4627,2.3135,1,25,25,0,0.447278387,47.408223873000004,92.11521314500715
exact_even_G4,560584,warehouse_small_kiva,recurrent,3905,1.9525,1,4,4,0,0.08421704299999999,45.617980162000016,81.88451128898305
exact_even_G5,560584,warehouse_small_kiva,recurrent,4634,2.317,1,5,5,0,0.09182160800000001,56.614460434000016,95.81929663199116
js_cap_G5,560584,warehouse_small_kiva,recurrent,4647,2.3235,1,5,5,0,0.09689503299999999,56.54448214000001,93.31072786397999
random_G5,560584,warehouse_small_kiva,recurrent,4647,2.3235,1,5,5,0,0.020380394,48.623169711000024,87.10505529298098
bootstrap_only,560584,warehouse_small_kiva,stationary,3231,1.6155,1,0,0,0,0.003199695,48.43154738899997,81.7980975380051
context_memory_B25,560584,warehouse_small_kiva,stationary,3520,1.76,1,5,25,0,0.028885926,50.51386932700001,89.69113962500705
context_no_reactivation_B25,560584,warehouse_small_kiva,stationary,4088,2.044,1,5,25,0,0.018518131,53.31704841699998,90.61712041200371
exact_even_B25,560584,warehouse_small_kiva,stationary,4412,2.206,1,25,25,0,0.512044416,50.27723354,90.72464811999816
exact_even_G4,560584,warehouse_small_kiva,stationary,4344,2.172,1,4,4,0,0.08259114799999999,51.26193967199998,87.29662536800606
exact_even_G5,560584,warehouse_small_kiva,stationary,4474,2.237,1,5,5,0,0.086772152,50.319138106000004,86.79185732299811
js_cap_G5,560584,warehouse_small_kiva,stationary,4630,2.315,1,5,5,0,0.020507228,52.266692881,89.29024816100718
random_G5,560584,warehouse_small_kiva,stationary,4245,2.1225,1,5,5,0,0.08210261999999999,54.647789333999995,91.77844384600758
bootstrap_only,583444,warehouse_small_kiva,abrupt,4503,2.2515,1,0,0,0,0.005335571,55.77981463000002,102.03162751201307
context_memory_B25,583444,warehouse_small_kiva,abrupt,4603,2.3015,1,7,25,0,0.163900285,59.526525138999986,108.80085134200635
context_no_reactivation_B25,583444,warehouse_small_kiva,abrupt,4616,2.308,1,7,25,0,0.098881975,57.414497180000005,107.68360828299774
exact_even_B25,583444,warehouse_small_kiva,abrupt,4626,2.313,1,25,25,0,0.237315668,59.79628475300004,113.29427319800016
exact_even_G4,583444,warehouse_small_kiva,abrupt,4368,2.184,1,4,4,0,0.021074928,57.736230408000004,109.30718761699973
exact_even_G5,583444,warehouse_small_kiva,abrupt,4630,2.315,1,5,5,0,0.104039124,56.621981524000006,103.49431787899812
js_cap_G5,583444,warehouse_small_kiva,abrupt,4602,2.301,1,5,5,0,0.16375254599999997,57.13641787000001,104.88846656301757
random_G5,583444,warehouse_small_kiva,abrupt,4597,2.2985,1,5,5,0,0.092673536,58.34531690700001,104.70282515700092
bootstrap_only,583444,warehouse_small_kiva,recurrent,4455,2.2275,1,0,0,0,0.004816815,44.537664445,89.01001912000356
context_memory_B25,583444,warehouse_small_kiva,recurrent,4568,2.284,1,9,25,0,0.08795902299999998,52.38762428499999,97.82125959699624
context_no_reactivation_B25,583444,warehouse_small_kiva,recurrent,4615,2.3075,1,9,25,0,0.03612719,55.775955709000044,100.09325203599292
exact_even_B25,583444,warehouse_small_kiva,recurrent,4616,2.308,1,25,25,0,0.34310831899999994,53.97089024599998,100.90759292201255
exact_even_G4,583444,warehouse_small_kiva,recurrent,4510,2.255,1,4,4,0,0.08290989,50.305763203999994,93.50687417099834
exact_even_G5,583444,warehouse_small_kiva,recurrent,4626,2.313,1,5,5,0,0.083190884,49.102449711,93.19929023299483
js_cap_G5,583444,warehouse_small_kiva,recurrent,4591,2.2955,1,5,5,0,0.022315682,53.90235050199999,96.41639925201889
random_G5,583444,warehouse_small_kiva,recurrent,4582,2.291,1,5,5,0,0.027418099,51.548266341000016,93.73606791900238
bootstrap_only,583444,warehouse_small_kiva,stationary,3590,1.795,1,0,0,0,0.008386919,53.586981368999986,85.40076362501713
context_memory_B25,583444,warehouse_small_kiva,stationary,3955,1.9775,1,4,25,0,0.084617288,51.808476793000004,87.68301244001486
context_no_reactivation_B25,583444,warehouse_small_kiva,stationary,3955,1.9775,1,4,25,0,0.013906999,53.578231445999975,88.41522607000661
exact_even_B25,583444,warehouse_small_kiva,stationary,4461,2.2305,1,25,25,0,0.24115913400000002,55.078806374,91.19395723202615
exact_even_G4,583444,warehouse_small_kiva,stationary,4264,2.132,1,4,4,0,0.10008276099999999,53.95897498299999,85.51383527400321
exact_even_G5,583444,warehouse_small_kiva,stationary,4593,2.2965,1,5,5,0,0.029862728,52.61661030999998,88.5007796449936
js_cap_G5,583444,warehouse_small_kiva,stationary,4588,2.294,1,5,5,0,0.022101042,51.025433377999995,84.49733226001263
random_G5,583444,warehouse_small_kiva,stationary,4544,2.272,1,5,5,0,0.019177551999999997,53.138906313999975,89.99814392000553
bootstrap_only,585455,warehouse_small_kiva,abrupt,4617,2.3085,1,0,0,0,0.079933731,57.81214395299999,107.98714141600067
context_memory_B25,585455,warehouse_small_kiva,abrupt,4654,2.327,1,7,25,0,0.09522818,56.862000292999994,114.68381196202245
context_no_reactivation_B25,585455,warehouse_small_kiva,abrupt,4616,2.308,1,7,25,0,0.102852002,57.04445210399999,109.47983405101695
exact_even_B25,585455,warehouse_small_kiva,abrupt,4639,2.3195,1,25,25,0,0.3783699380000001,55.73210791100002,112.01065949597978
exact_even_G4,585455,warehouse_small_kiva,abrupt,4592,2.296,1,4,4,0,0.019248586,57.91030742200002,104.71210116497241
exact_even_G5,585455,warehouse_small_kiva,abrupt,4620,2.31,1,5,5,0,0.10247092499999999,54.99411005999999,103.01010236900765
js_cap_G5,585455,warehouse_small_kiva,abrupt,4623,2.3115,1,5,5,0,0.028007162,57.012888115999985,104.90662799400161
random_G5,585455,warehouse_small_kiva,abrupt,4632,2.316,1,5,5,0,0.174954329,58.93931985600002,109.32420997400186
bootstrap_only,585455,warehouse_small_kiva,recurrent,4467,2.2335,1,0,0,0,0.005056477,56.818691107999996,102.79486998097855
context_memory_B25,585455,warehouse_small_kiva,recurrent,4607,2.3035,1,12,25,0,0.16902340900000004,58.966092483999994,105.99963455999386
context_no_reactivation_B25,585455,warehouse_small_kiva,recurrent,4599,2.2995,1,9,25,0,0.202375602,58.164614713000006,112.80709424801171
exact_even_B25,585455,warehouse_small_kiva,recurrent,4629,2.3145,1,25,25,0,0.6288946029999999,58.716497925,104.30615956400288
exact_even_G4,585455,warehouse_small_kiva,recurrent,4373,2.1865,1,4,4,0,0.017162933999999998,56.728380896999994,99.18526835998637
exact_even_G5,585455,warehouse_small_kiva,recurrent,4584,2.292,1,5,5,0,0.094434489,58.296058767,106.07911205900018
js_cap_G5,585455,warehouse_small_kiva,recurrent,4413,2.2065,1,5,5,0,0.099790069,59.084835258999966,102.48336299299262
random_G5,585455,warehouse_small_kiva,recurrent,4466,2.233,1,5,5,0,0.024136528999999997,54.005202701,105.10665730800247
bootstrap_only,585455,warehouse_small_kiva,stationary,4477,2.2385,1,0,0,0,0.002908456,51.38423774400001,86.41072730399901
context_memory_B25,585455,warehouse_small_kiva,stationary,4428,2.214,1,6,25,0,0.021409769000000002,49.68492316700001,87.37795246799942
context_no_reactivation_B25,585455,warehouse_small_kiva,stationary,4325,2.1625,1,5,25,0,0.093273384,54.20587009299998,93.27585242502391
exact_even_B25,585455,warehouse_small_kiva,stationary,4544,2.272,1,25,25,0,0.31348304000000005,52.323910478999984,95.13231979601551
exact_even_G4,585455,warehouse_small_kiva,stationary,4456,2.228,1,4,4,0,0.08634714000000002,52.395055509,89.82546487401123
exact_even_G5,585455,warehouse_small_kiva,stationary,4502,2.251,1,5,5,0,0.039715476,51.30010241199999,87.6998625069973
js_cap_G5,585455,warehouse_small_kiva,stationary,4447,2.2235,1,5,5,0,0.022216512,49.78478242700001,87.40783099000691
random_G5,585455,warehouse_small_kiva,stationary,4583,2.2915,1,5,5,0,0.09914753500000001,52.198245067,88.3946390489873
bootstrap_only,598292,warehouse_small_kiva,abrupt,4456,2.228,1,0,0,0,0.059670762,51.44919093900002,91.1820898290025
context_memory_B25,598292,warehouse_small_kiva,abrupt,4611,2.3055,1,8,25,0,0.08922688799999999,53.11740224299999,94.98203351700795
context_no_reactivation_B25,598292,warehouse_small_kiva,abrupt,4606,2.303,1,8,25,0,0.16325334099999997,52.925019306,97.00104953499977
exact_even_B25,598292,warehouse_small_kiva,abrupt,4621,2.3105,1,25,25,0,0.438667502,52.405669719,96.71390931200585
exact_even_G4,598292,warehouse_small_kiva,abrupt,4599,2.2995,1,4,4,0,0.074284083,52.653992561,90.70017057200312
exact_even_G5,598292,warehouse_small_kiva,abrupt,4594,2.297,1,5,5,0,0.021849785000000004,49.87660509000002,92.32602505199611
js_cap_G5,598292,warehouse_small_kiva,abrupt,4395,2.1975,1,5,5,0,0.07377187199999999,48.63837978499999,91.50189307902474
random_G5,598292,warehouse_small_kiva,abrupt,4613,2.3065,1,5,5,0,0.018599781,46.868906515000006,89.61400686501293
bootstrap_only,598292,warehouse_small_kiva,recurrent,4334,2.167,1,0,0,0,0.003064367,55.636760360000004,95.296378619998
context_memory_B25,598292,warehouse_small_kiva,recurrent,4604,2.302,1,7,25,0,0.112337033,55.651848884,97.87669580199872
context_no_reactivation_B25,598292,warehouse_small_kiva,recurrent,4596,2.298,1,7,25,0,0.032172488000000006,55.053734707,95.58831565201399
exact_even_B25,598292,warehouse_small_kiva,recurrent,4625,2.3125,1,25,25,0,0.295670865,53.27906536899999,95.98386193398619
exact_even_G4,598292,warehouse_small_kiva,recurrent,4508,2.254,1,4,4,0,0.019423724,50.710916071999975,91.29439181400812
exact_even_G5,598292,warehouse_small_kiva,recurrent,4606,2.303,1,5,5,0,0.023646331,55.225882159,94.50435429898789
js_cap_G5,598292,warehouse_small_kiva,recurrent,4587,2.2935,1,5,5,0,0.022663467,56.237765943,96.78781195101328
random_G5,598292,warehouse_small_kiva,recurrent,4592,2.296,1,5,5,0,0.027853717000000004,54.73766898999999,95.08501824800624
bootstrap_only,598292,warehouse_small_kiva,stationary,4575,2.2875,1,0,0,0,0.003615149,56.428440486000014,97.88539452300756
context_memory_B25,598292,warehouse_small_kiva,stationary,4629,2.3145,1,9,25,0,0.013073199,55.09431821899999,100.79029051301768
context_no_reactivation_B25,598292,warehouse_small_kiva,stationary,4620,2.31,1,7,25,0,0.172550416,56.020267309,101.97447781200754
exact_even_B25,598292,warehouse_small_kiva,stationary,4624,2.312,1,25,25,0,0.6578278979999999,57.38048636300001,106.67632419298752
exact_even_G4,598292,warehouse_small_kiva,stationary,4609,2.3045,1,4,4,0,0.018921326000000002,54.754228639000004,99.57249993100413
exact_even_G5,598292,warehouse_small_kiva,stationary,4619,2.3095,1,5,5,0,0.23760350000000002,55.73850591700002,97.59421892202226
js_cap_G5,598292,warehouse_small_kiva,stationary,4634,2.317,1,5,5,0,0.095842046,54.57635707600001,95.593387506
random_G5,598292,warehouse_small_kiva,stationary,4623,2.3115,1,5,5,0,0.09174330600000001,55.845194099999986,99.09839696600102
bootstrap_only,655067,warehouse_small_kiva,abrupt,4567,2.2835,1,0,0,0,0.005972555,57.77061316699998,101.77920348299085
context_memory_B25,655067,warehouse_small_kiva,abrupt,4618,2.309,1,10,25,0,0.167228172,57.33703120700001,109.58447506598895
context_no_reactivation_B25,655067,warehouse_small_kiva,abrupt,4628,2.314,1,10,25,0,0.17545797,55.020010532,106.18849657199462
exact_even_B25,655067,warehouse_small_kiva,abrupt,4628,2.314,1,25,25,0,0.187051756,57.76005290000002,111.18596849800088
exact_even_G4,655067,warehouse_small_kiva,abrupt,4249,2.1245,1,4,4,0,0.10272740300000001,55.526536910999994,105.08509937900817
exact_even_G5,655067,warehouse_small_kiva,abrupt,4635,2.3175,1,5,5,0,0.02751687,57.023228116000006,107.607386735006
js_cap_G5,655067,warehouse_small_kiva,abrupt,4496,2.248,1,5,5,0,0.022380256999999997,57.366832581999994,102.19346523101558
random_G5,655067,warehouse_small_kiva,abrupt,4641,2.3205,1,5,5,0,0.10312590899999999,55.899330209000006,103.59956043498823
bootstrap_only,655067,warehouse_small_kiva,recurrent,4408,2.204,1,0,0,0,0.003480389,46.84320460300001,85.68454304500483
context_memory_B25,655067,warehouse_small_kiva,recurrent,4565,2.2825,1,8,25,0,0.161692922,45.10016278300001,89.23490601900266
context_no_reactivation_B25,655067,warehouse_small_kiva,recurrent,4603,2.3015,1,8,25,0,0.115697742,45.361869856000006,91.67343257399625
exact_even_B25,655067,warehouse_small_kiva,recurrent,4633,2.3165,1,25,25,0,0.153052439,45.62992450800003,90.59697191498708
exact_even_G4,655067,warehouse_small_kiva,recurrent,4443,2.2215,1,4,4,0,0.017197693,45.430535788000014,89.87959310901351
exact_even_G5,655067,warehouse_small_kiva,recurrent,4624,2.312,1,5,5,0,0.168016249,45.68047819400002,92.68349448801018
js_cap_G5,655067,warehouse_small_kiva,recurrent,4598,2.299,1,5,5,0,0.08900484900000001,45.357613510000014,84.90906695698504
random_G5,655067,warehouse_small_kiva,recurrent,4438,2.219,1,5,5,0,0.1439607,44.20627759799999,88.11863664499833
bootstrap_only,655067,warehouse_small_kiva,stationary,4167,2.0835,1,0,0,0,0.003585613,55.99501222199999,95.4148540640017
context_memory_B25,655067,warehouse_small_kiva,stationary,3777,1.8885,1,5,25,0,0.09256754900000001,57.342582066000006,103.09774248101166
context_no_reactivation_B25,655067,warehouse_small_kiva,stationary,4477,2.2385,1,4,25,0,0.022201855,57.96915002500002,101.99824083599378
exact_even_B25,655067,warehouse_small_kiva,stationary,4600,2.3,1,25,25,0,0.47594824999999996,58.54312732899999,109.99730346701108
exact_even_G4,655067,warehouse_small_kiva,stationary,4016,2.008,1,4,4,0,0.016935574000000002,57.363797930999986,98.80863265000517
exact_even_G5,655067,warehouse_small_kiva,stationary,4040,2.02,1,5,5,0,0.125037101,59.032713513000004,99.49879694599076
js_cap_G5,655067,warehouse_small_kiva,stationary,4607,2.3035,1,5,5,0,0.09123501099999999,59.360742066,101.19978374100174
random_G5,655067,warehouse_small_kiva,stationary,4556,2.278,1,5,5,0,0.023028566999999996,59.02979297299997,99.62566365799285
bootstrap_only,657283,warehouse_small_kiva,abrupt,4458,2.229,1,0,0,0,0.00544176,52.313158981000036,100.20875532299397
context_memory_B25,657283,warehouse_small_kiva,abrupt,4621,2.3105,1,9,25,0,0.166015191,54.87007333800002,104.88961568500963
context_no_reactivation_B25,657283,warehouse_small_kiva,abrupt,4597,2.2985,1,8,25,0,0.11280102199999999,56.64439367799999,108.40138636200572
exact_even_B25,657283,warehouse_small_kiva,abrupt,4614,2.307,1,25,25,0,0.5163404239999999,57.313477226,114.59844948298996
exact_even_G4,657283,warehouse_small_kiva,abrupt,4508,2.254,1,4,4,0,0.019693517,53.720564465999985,102.80019528901903
exact_even_G5,657283,warehouse_small_kiva,abrupt,4430,2.215,1,5,5,0,0.021918642,52.019984630999986,100.29809525000746
js_cap_G5,657283,warehouse_small_kiva,abrupt,4598,2.299,1,5,5,0,0.10818956400000002,56.873473401000005,107.813132847019
random_G5,657283,warehouse_small_kiva,abrupt,4616,2.308,1,5,5,0,0.093357388,53.181725129000014,101.7229066970176
bootstrap_only,657283,warehouse_small_kiva,recurrent,4431,2.2155,1,0,0,0,0.006534165,53.175346137,102.01110752101522
context_memory_B25,657283,warehouse_small_kiva,recurrent,4638,2.319,1,6,25,0,0.309763226,51.57075942299999,103.89797022097628
context_no_reactivation_B25,657283,warehouse_small_kiva,recurrent,4591,2.2955,1,7,25,0,0.19972086199999997,53.30870561700002,105.19891693801037
exact_even_B25,657283,warehouse_small_kiva,recurrent,4600,2.3,1,25,25,0,0.24649336900000005,52.10324349900001,106.4885344899958
exact_even_G4,657283,warehouse_small_kiva,recurrent,4409,2.2045,1,4,4,0,0.025163093000000004,54.470756521999974,108.5968958940066
exact_even_G5,657283,warehouse_small_kiva,recurrent,4592,2.296,1,5,5,0,0.174367102,52.07310325500001,104.42169489999651
js_cap_G5,657283,warehouse_small_kiva,recurrent,4302,2.151,1,5,5,0,0.09234980899999998,53.35490352099999,103.8143153419951
random_G5,657283,warehouse_small_kiva,recurrent,4619,2.3095,1,5,5,0,0.09006407300000001,54.619246405000005,106.5909362869861
bootstrap_only,657283,warehouse_small_kiva,stationary,4583,2.2915,1,0,0,0,0.004479629,57.40661996000001,99.39819904702017
context_memory_B25,657283,warehouse_small_kiva,stationary,4570,2.285,1,7,25,0,0.011065008999999999,54.80843432500001,97.99773940999876
context_no_reactivation_B25,657283,warehouse_small_kiva,stationary,4587,2.2935,1,7,25,0,0.028911216999999996,56.99739762500001,99.62050896600704
exact_even_B25,657283,warehouse_small_kiva,stationary,4596,2.298,1,25,25,0,0.5359016419999999,57.065683439000004,103.21503500800463
exact_even_G4,657283,warehouse_small_kiva,stationary,4153,2.0765,1,4,4,0,0.163890911,57.598070503,98.62796835199697
exact_even_G5,657283,warehouse_small_kiva,stationary,4623,2.3115,1,5,5,0,0.240571714,56.275956868,99.80712065598345
js_cap_G5,657283,warehouse_small_kiva,stationary,4277,2.1385,1,5,5,0,0.101880296,54.733286658,97.58085902497987
random_G5,657283,warehouse_small_kiva,stationary,4336,2.168,1,5,5,0,0.10023474299999999,55.021290371999996,97.79220225999597
bootstrap_only,664860,warehouse_small_kiva,abrupt,4523,2.2615,1,0,0,0,0.003018554,46.867661312,89.52260021999246
context_memory_B25,664860,warehouse_small_kiva,abrupt,4610,2.305,1,7,25,0,0.02212351,43.89947387099999,91.67964193999069
context_no_reactivation_B25,664860,warehouse_small_kiva,abrupt,4624,2.312,1,7,25,0,0.092788533,44.644790255,91.93568735400913
exact_even_B25,664860,warehouse_small_kiva,abrupt,4596,2.298,1,25,25,0,0.16641684899999998,45.137233862000016,93.92818316401099
exact_even_G4,664860,warehouse_small_kiva,abrupt,4400,2.2,1,4,4,0,0.07137671000000001,42.89162904699999,90.21152111201081
exact_even_G5,664860,warehouse_small_kiva,abrupt,4601,2.3005,1,5,5,0,0.16162168,45.788320326999994,95.50248548400123
js_cap_G5,664860,warehouse_small_kiva,abrupt,4445,2.2225,1,5,5,0,0.019622050999999998,43.322946167000005,89.11462311001378
random_G5,664860,warehouse_small_kiva,abrupt,4453,2.2265,1,5,5,0,0.023155684,44.48870964800002,87.0113817260135
bootstrap_only,664860,warehouse_small_kiva,recurrent,4558,2.279,1,0,0,0,0.005833175,49.352630421,85.71176668300177
context_memory_B25,664860,warehouse_small_kiva,recurrent,4614,2.307,1,11,25,0,0.10857586899999999,52.46453709899998,92.91311895000399
context_no_reactivation_B25,664860,warehouse_small_kiva,recurrent,4619,2.3095,1,10,25,0,0.21688263300000002,52.65249877499998,92.91140517700114
exact_even_B25,664860,warehouse_small_kiva,recurrent,4628,2.314,1,25,25,0,0.22380277599999995,53.432303398999984,94.48023649601964
exact_even_G4,664860,warehouse_small_kiva,recurrent,4234,2.117,1,4,4,0,0.020729894000000002,52.23274023999997,90.27648994899937
exact_even_G5,664860,warehouse_small_kiva,recurrent,4618,2.309,1,5,5,0,0.088998773,51.339396309,89.21297215201776
js_cap_G5,664860,warehouse_small_kiva,recurrent,4522,2.261,1,5,5,0,0.040877287,51.265111481000005,89.40157494400046
random_G5,664860,warehouse_small_kiva,recurrent,4398,2.199,1,5,5,0,0.085345593,45.82194374,85.31742063199636
bootstrap_only,664860,warehouse_small_kiva,stationary,4601,2.3005,1,0,0,0,0.003336123,47.85890986600001,80.90035170599003
context_memory_B25,664860,warehouse_small_kiva,stationary,4624,2.312,1,7,25,0,0.030222782,52.295452792000006,87.36249626698554
context_no_reactivation_B25,664860,warehouse_small_kiva,stationary,4614,2.307,1,7,25,0,0.17482242799999997,50.74285407199997,85.40800093198777
exact_even_B25,664860,warehouse_small_kiva,stationary,4605,2.3025,1,25,25,0,0.287267982,54.55812721099998,93.36465263401624
exact_even_G4,664860,warehouse_small_kiva,stationary,4604,2.302,1,4,4,0,0.020128582000000002,49.819761339999985,87.91662910900777
exact_even_G5,664860,warehouse_small_kiva,stationary,4602,2.301,1,5,5,0,0.09153095799999998,50.63579262300001,87.3771402509883
js_cap_G5,664860,warehouse_small_kiva,stationary,4637,2.3185,1,5,5,0,0.021651453999999997,48.48778032400002,84.99293847801164
random_G5,664860,warehouse_small_kiva,stationary,4607,2.3035,1,5,5,0,0.147931958,48.68008659999999,81.60799197599408
bootstrap_only,699809,warehouse_small_kiva,abrupt,4619,2.3095,1,0,0,0,0.003697064,45.813455617,85.91889632301172
context_memory_B25,699809,warehouse_small_kiva,abrupt,4637,2.3185,1,7,25,0,0.08729027400000001,49.07721576400003,90.7957432520052
context_no_reactivation_B25,699809,warehouse_small_kiva,abrupt,4627,2.3135,1,6,25,0,0.083152579,47.01326879700001,91.38314510299824
exact_even_B25,699809,warehouse_small_kiva,abrupt,4654,2.327,1,25,25,0,0.268705581,47.381244337000005,91.19069782801671
exact_even_G4,699809,warehouse_small_kiva,abrupt,4435,2.2175,1,4,4,0,0.022623902,46.76397425399998,88.17963682601112
exact_even_G5,699809,warehouse_small_kiva,abrupt,4636,2.318,1,5,5,0,0.086963216,43.68354842099998,83.88945138599956
js_cap_G5,699809,warehouse_small_kiva,abrupt,4471,2.2355,1,5,5,0,0.14000825,44.705032797,85.59845889598364
random_G5,699809,warehouse_small_kiva,abrupt,4643,2.3215,1,5,5,0,0.159805204,44.84133543599999,86.29227980200085
bootstrap_only,699809,warehouse_small_kiva,recurrent,4528,2.264,1,0,0,0,0.003731116,53.121189366999985,89.88122709799791
context_memory_B25,699809,warehouse_small_kiva,recurrent,4619,2.3095,1,10,25,0,0.16831504500000002,52.421609000000025,91.99477353598922
context_no_reactivation_B25,699809,warehouse_small_kiva,recurrent,4576,2.288,1,10,25,0,0.11698565300000001,52.901514397,94.47639879499911
exact_even_B25,699809,warehouse_small_kiva,recurrent,4636,2.318,1,25,25,0,0.369945327,54.07840765799999,96.0035068510042
exact_even_G4,699809,warehouse_small_kiva,recurrent,4428,2.214,1,4,4,0,0.023799904,51.44054661199999,91.5161061490071
exact_even_G5,699809,warehouse_small_kiva,recurrent,4639,2.3195,1,5,5,0,0.15332970399999998,55.68359682200001,93.28585492298589
js_cap_G5,699809,warehouse_small_kiva,recurrent,4590,2.295,1,5,5,0,0.019342039000000002,52.74255551300002,89.98102959801327
random_G5,699809,warehouse_small_kiva,recurrent,4627,2.3135,1,5,5,0,0.147423139,53.41174342999999,89.6963033649954
bootstrap_only,699809,warehouse_small_kiva,stationary,4481,2.2405,1,0,0,0,0.003004194,48.595538812999976,82.69535212498158
context_memory_B25,699809,warehouse_small_kiva,stationary,4631,2.3155,1,5,25,0,0.011380623,50.059506545000005,84.62748442200245
context_no_reactivation_B25,699809,warehouse_small_kiva,stationary,4566,2.283,1,6,25,0,0.11077192499999998,50.012225347000005,87.88573556099436
exact_even_B25,699809,warehouse_small_kiva,stationary,4553,2.2765,1,25,25,0,0.313623802,52.67865791299997,91.71206876100041
exact_even_G4,699809,warehouse_small_kiva,stationary,4558,2.279,1,4,4,0,0.017992008,50.17503516700002,85.4876923369884
exact_even_G5,699809,warehouse_small_kiva,stationary,4577,2.2885,1,5,5,0,0.023754209,49.183191699999995,85.21727849601302
js_cap_G5,699809,warehouse_small_kiva,stationary,4376,2.188,1,5,5,0,0.08518463599999998,48.42554605000001,80.9209313110041
random_G5,699809,warehouse_small_kiva,stationary,4405,2.2025,1,5,5,0,0.154693733,50.95534247100001,86.20533625801909
bootstrap_only,713041,warehouse_small_kiva,abrupt,4512,2.256,1,0,0,0,0.004652629,51.853175314000005,90.58782564400462
context_memory_B25,713041,warehouse_small_kiva,abrupt,4658,2.329,1,8,25,0,0.08444937599999999,53.06539425900002,93.68624211699353
context_no_reactivation_B25,713041,warehouse_small_kiva,abrupt,4641,2.3205,1,7,25,0,0.041726475,56.87018720000001,98.30388508198666
exact_even_B25,713041,warehouse_small_kiva,abrupt,4638,2.319,1,25,25,0,0.43978459,54.49345632600002,96.50593720198958
exact_even_G4,713041,warehouse_small_kiva,abrupt,4609,2.3045,1,4,4,0,0.100300558,51.916324538,92.80701372399926
exact_even_G5,713041,warehouse_small_kiva,abrupt,4645,2.3225,1,5,5,0,0.078656048,52.816988511999995,90.28967580999597
js_cap_G5,713041,warehouse_small_kiva,abrupt,4632,2.316,1,5,5,0,0.150766285,54.696076018,93.49903510900913
random_G5,713041,warehouse_small_kiva,abrupt,4652,2.326,1,5,5,0,0.087714091,53.85652851399997,95.11216433800291
bootstrap_only,713041,warehouse_small_kiva,recurrent,4615,2.3075,1,0,0,0,0.003107433,54.407539427999986,88.90870914500556
context_memory_B25,713041,warehouse_small_kiva,recurrent,4651,2.3255,1,7,25,0,0.014155359999999999,52.300208741000006,90.41128304801532
context_no_reactivation_B25,713041,warehouse_small_kiva,recurrent,4647,2.3235,1,8,25,0,0.087295563,53.435872575999994,91.77054920699447
exact_even_B25,713041,warehouse_small_kiva,recurrent,4613,2.3065,1,25,25,0,0.518009754,51.258945447,94.48134662400116
exact_even_G4,713041,warehouse_small_kiva,recurrent,4314,2.157,1,4,4,0,0.09368546700000001,53.57179571300001,91.10742113401648
exact_even_G5,713041,warehouse_small_kiva,recurrent,4614,2.307,1,5,5,0,0.07620976900000001,50.22469943200001,88.70420832201489
js_cap_G5,713041,warehouse_small_kiva,recurrent,4644,2.322,1,5,5,0,0.026683349000000002,54.18692581199999,92.61087818199303
random_G5,713041,warehouse_small_kiva,recurrent,4660,2.33,1,5,5,0,0.020379806,55.77512613599999,93.31132276699645
bootstrap_only,713041,warehouse_small_kiva,stationary,4619,2.3095,1,0,0,0,0.003968925,34.859352174,70.58890135600814
context_memory_B25,713041,warehouse_small_kiva,stationary,4592,2.296,1,9,25,0,0.14777489900000002,35.102718900000006,72.28796354000224
context_no_reactivation_B25,713041,warehouse_small_kiva,stationary,4602,2.301,1,7,25,0,0.102930408,34.474035015000005,75.22423716200865
exact_even_B25,713041,warehouse_small_kiva,stationary,4607,2.3035,1,25,25,0,0.16277466199999993,34.74187687399999,76.4232244619925
exact_even_G4,713041,warehouse_small_kiva,stationary,4606,2.303,1,4,4,0,0.017451941,38.592007734999996,72.52478819098906
exact_even_G5,713041,warehouse_small_kiva,stationary,4627,2.3135,1,5,5,0,0.01743241,37.25958990399998,74.90219461399829
js_cap_G5,713041,warehouse_small_kiva,stationary,4607,2.3035,1,5,5,0,0.09456215,38.043386540999975,74.01255451000179
random_G5,713041,warehouse_small_kiva,stationary,4546,2.273,1,5,5,0,0.018529885,37.68901917100001,72.30264947598334
bootstrap_only,880565,warehouse_small_kiva,abrupt,4463,2.2315,1,0,0,0,0.008380445,54.535569304999996,100.89188415999524
context_memory_B25,880565,warehouse_small_kiva,abrupt,4603,2.3015,1,9,25,0,0.378325272,54.168454418999985,104.5233535610023
context_no_reactivation_B25,880565,warehouse_small_kiva,abrupt,4603,2.3015,1,9,25,0,0.041039551,55.06047126599997,108.60035048099235
exact_even_B25,880565,warehouse_small_kiva,abrupt,4630,2.315,1,25,25,0,0.176423148,56.01448220600001,110.18541355800699
exact_even_G4,880565,warehouse_small_kiva,abrupt,4457,2.2285,1,4,4,0,0.018869447999999997,56.85628450799997,105.70067794100032
exact_even_G5,880565,warehouse_small_kiva,abrupt,4625,2.3125,1,5,5,0,0.023489554000000003,54.429643524,102.10585427598562
js_cap_G5,880565,warehouse_small_kiva,abrupt,4576,2.288,1,5,5,0,0.099150434,51.94917623300001,101.9017495290027
random_G5,880565,warehouse_small_kiva,abrupt,4551,2.2755,1,5,5,0,0.094220994,57.21900720600001,107.89591650301008
bootstrap_only,880565,warehouse_small_kiva,recurrent,4464,2.232,1,0,0,0,0.004634146,49.84112284299998,90.60122832699562
context_memory_B25,880565,warehouse_small_kiva,recurrent,4633,2.3165,1,10,25,0,0.14182147500000003,49.80042158999997,93.92217725899536
context_no_reactivation_B25,880565,warehouse_small_kiva,recurrent,4607,2.3035,1,8,25,0,0.138789694,53.11605887600003,95.4151324229897
exact_even_B25,880565,warehouse_small_kiva,recurrent,4619,2.3095,1,25,25,0,0.22361073599999995,53.087772947000005,97.31096081298892
exact_even_G4,880565,warehouse_small_kiva,recurrent,4577,2.2885,1,4,4,0,0.10100017699999998,47.48924410600001,87.43399572197814
exact_even_G5,880565,warehouse_small_kiva,recurrent,4638,2.319,1,5,5,0,0.024340373999999998,52.87626206400002,93.7260518729745
js_cap_G5,880565,warehouse_small_kiva,recurrent,4485,2.2425,1,5,5,0,0.023403360999999998,49.156775063999994,91.46123670900124
random_G5,880565,warehouse_small_kiva,recurrent,4622,2.311,1,5,5,0,0.08286526,46.516008844999995,85.39482684701215
bootstrap_only,880565,warehouse_small_kiva,stationary,4076,2.038,1,0,0,0,0.005479941,56.990333855999985,98.40664755899343
context_memory_B25,880565,warehouse_small_kiva,stationary,4619,2.3095,1,5,25,0,0.15654431800000002,56.93444898899999,102.79423193400726
context_no_reactivation_B25,880565,warehouse_small_kiva,stationary,4442,2.221,1,5,25,0,0.089585781,57.80533783699998,101.60128122099559
exact_even_B25,880565,warehouse_small_kiva,stationary,4613,2.3065,1,25,25,0,0.48051178999999994,55.36771505199999,103.30404330301099
exact_even_G4,880565,warehouse_small_kiva,stationary,4598,2.299,1,4,4,0,0.022268325,56.21273111000001,99.4025135889824
exact_even_G5,880565,warehouse_small_kiva,stationary,4575,2.2875,1,5,5,0,0.025665258,59.05044322399999,102.41934974200558
js_cap_G5,880565,warehouse_small_kiva,stationary,4618,2.309,1,5,5,0,0.17193999999999998,57.316392299000015,99.89845323900227
random_G5,880565,warehouse_small_kiva,stationary,4592,2.296,1,5,5,0,0.22833094999999998,58.845235290000026,101.9984662339848
bootstrap_only,907962,warehouse_small_kiva,abrupt,4572,2.286,1,0,0,0,0.003866626,49.500997192000014,89.58657577901613
context_memory_B25,907962,warehouse_small_kiva,abrupt,4627,2.3135,1,10,25,0,0.023340239999999998,51.218564738000005,89.58308523800224
context_no_reactivation_B25,907962,warehouse_small_kiva,abrupt,4649,2.3245,1,8,25,0,0.097911672,51.314524338,93.97253532402101
exact_even_B25,907962,warehouse_small_kiva,abrupt,4620,2.31,1,25,25,0,0.29343207400000004,52.236149502999986,93.61366437299876
exact_even_G4,907962,warehouse_small_kiva,abrupt,4633,2.3165,1,4,4,0,0.081298944,49.819078247,89.61256909099757
exact_even_G5,907962,warehouse_small_kiva,abrupt,4624,2.312,1,5,5,0,0.14865345300000002,50.43788863300001,87.51794212299865
js_cap_G5,907962,warehouse_small_kiva,abrupt,4610,2.305,1,5,5,0,0.036939008,50.614818448,90.68049863001215
random_G5,907962,warehouse_small_kiva,abrupt,4466,2.233,1,5,5,0,0.022722517,52.422082487999994,91.49656231398694
bootstrap_only,907962,warehouse_small_kiva,recurrent,4389,2.1945,1,0,0,0,0.006585896,28.505070293,68.70388695198926
context_memory_B25,907962,warehouse_small_kiva,recurrent,4541,2.2705,1,7,25,0,0.022922833000000004,28.561422710000006,69.40880621800898
context_no_reactivation_B25,907962,warehouse_small_kiva,recurrent,4627,2.3135,1,7,25,0,0.21957715700000002,27.096311787999998,60.52044700499391
exact_even_B25,907962,warehouse_small_kiva,recurrent,4629,2.3145,1,25,25,0,0.270773002,28.005799962999998,69.62407102598809
exact_even_G4,907962,warehouse_small_kiva,recurrent,4158,2.079,1,4,4,0,0.015643354,27.692684730999996,67.59332150500268
exact_even_G5,907962,warehouse_small_kiva,recurrent,4608,2.304,1,5,5,0,0.079332201,30.759061202,68.70287563299644
js_cap_G5,907962,warehouse_small_kiva,recurrent,4227,2.1135,1,5,5,0,0.023948940999999998,27.761175271999992,67.91152969302493
random_G5,907962,warehouse_small_kiva,recurrent,4293,2.1465,1,5,5,0,0.088668689,30.533956533999987,72.49940197099932
bootstrap_only,907962,warehouse_small_kiva,stationary,4050,2.025,1,0,0,0,0.005381587,48.56380881299999,80.30050759101869
context_memory_B25,907962,warehouse_small_kiva,stationary,4557,2.2785,1,8,25,0,0.012065068,47.66910738099998,83.2023773539986
context_no_reactivation_B25,907962,warehouse_small_kiva,stationary,4538,2.269,1,8,25,0,0.09461420300000001,50.09859042799998,87.791839092999
exact_even_B25,907962,warehouse_small_kiva,stationary,4606,2.303,1,25,25,0,0.29379977900000004,47.05066142700002,87.69749599698116
exact_even_G4,907962,warehouse_small_kiva,stationary,4551,2.2755,1,4,4,0,0.073177578,46.58772973400001,79.78433267900255
exact_even_G5,907962,warehouse_small_kiva,stationary,4598,2.299,1,5,5,0,0.075757234,48.78850692700001,82.9068651900161
js_cap_G5,907962,warehouse_small_kiva,stationary,4569,2.2845,1,5,5,0,0.074933005,48.70367705000003,83.8977795309911
random_G5,907962,warehouse_small_kiva,stationary,4590,2.295,1,5,5,0,0.14551760500000002,48.60719891399999,82.10222463100217
bootstrap_only,934561,warehouse_small_kiva,abrupt,4502,2.251,1,0,0,0,0.072064559,61.70505894500001,111.08292187098414
context_memory_B25,934561,warehouse_small_kiva,abrupt,4607,2.3035,1,8,25,0,0.164421135,60.70431159600001,108.60497932700673
context_no_reactivation_B25,934561,warehouse_small_kiva,abrupt,4638,2.319,1,8,25,0,0.09773767299999998,56.527491841999975,103.52205273398431
exact_even_B25,934561,warehouse_small_kiva,abrupt,4659,2.3295,1,25,25,0,0.593465949,57.913569509999995,115.10616747097811
exact_even_G4,934561,warehouse_small_kiva,abrupt,4389,2.1945,1,4,4,0,0.08856309100000001,57.265780660999994,105.30921837300411
exact_even_G5,934561,warehouse_small_kiva,abrupt,4642,2.321,1,5,5,0,0.09262642600000001,58.38612222599996,108.98270347798825
js_cap_G5,934561,warehouse_small_kiva,abrupt,4630,2.315,1,5,5,0,0.08891614799999999,53.417837094,102.90663785900688
random_G5,934561,warehouse_small_kiva,abrupt,4607,2.3035,1,5,5,0,0.019942248000000003,57.313487864,106.19909078199998
bootstrap_only,934561,warehouse_small_kiva,recurrent,4393,2.1965,1,0,0,0,0.003653033,57.07840361500001,104.907871257019
context_memory_B25,934561,warehouse_small_kiva,recurrent,4647,2.3235,1,7,25,0,0.089652745,55.697983813,104.19114418499521
context_no_reactivation_B25,934561,warehouse_small_kiva,recurrent,4643,2.3215,1,8,25,0,0.036520213999999995,55.97643303900002,106.61640720101423
exact_even_B25,934561,warehouse_small_kiva,recurrent,4615,2.3075,1,25,25,0,0.4549134489999999,54.745451616999986,107.3061494010035
exact_even_G4,934561,warehouse_small_kiva,recurrent,4225,2.1125,1,4,4,0,0.022053044999999997,56.97658520599999,104.7195548589807
exact_even_G5,934561,warehouse_small_kiva,recurrent,4607,2.3035,1,5,5,0,0.09191493299999999,54.594861810999966,102.38668162000249
js_cap_G5,934561,warehouse_small_kiva,recurrent,4413,2.2065,1,5,5,0,0.17311936900000002,54.01053048600001,102.77846760800458
random_G5,934561,warehouse_small_kiva,recurrent,4581,2.2905,1,5,5,0,0.16749632799999997,55.012215512000026,100.80909163202159
bootstrap_only,934561,warehouse_small_kiva,stationary,4630,2.315,1,0,0,0,0.003150994,55.306847671999975,94.11346165998839
context_memory_B25,934561,warehouse_small_kiva,stationary,4650,2.325,1,8,25,0,0.011486822,52.623721259999996,95.38790628200513
context_no_reactivation_B25,934561,warehouse_small_kiva,stationary,4649,2.3245,1,7,25,0,0.031714985,53.568344669999995,96.99969478099956
exact_even_B25,934561,warehouse_small_kiva,stationary,4614,2.307,1,25,25,0,0.4722263870000001,55.09740467199998,100.40029958699597
exact_even_G4,934561,warehouse_small_kiva,stationary,4606,2.303,1,4,4,0,0.017834169,51.29903734799999,89.79703988699475
exact_even_G5,934561,warehouse_small_kiva,stationary,4636,2.318,1,5,5,0,0.16009461300000002,53.362923366999986,94.10933886200655
js_cap_G5,934561,warehouse_small_kiva,stationary,4621,2.3105,1,5,5,0,0.16156618899999997,56.92023632600001,99.21916075100307
random_G5,934561,warehouse_small_kiva,stationary,4643,2.3215,1,5,5,0,0.09652427799999999,54.36762276799999,95.5083520479966
bootstrap_only,954705,warehouse_small_kiva,abrupt,4538,2.269,1,0,0,0,0.005545677,53.76536451199998,94.40018091801903
context_memory_B25,954705,warehouse_small_kiva,abrupt,4618,2.309,1,7,25,0,0.15487911,51.52937713299999,96.991609151999
context_no_reactivation_B25,954705,warehouse_small_kiva,abrupt,4647,2.3235,1,7,25,0,0.095765524,51.04708531199999,97.29441552099888
exact_even_B25,954705,warehouse_small_kiva,abrupt,4609,2.3045,1,25,25,0,0.4314095440000001,54.393844802999986,100.51881466602208
exact_even_G4,954705,warehouse_small_kiva,abrupt,4547,2.2735,1,4,4,0,0.024673584999999998,47.39888539599998,90.99651566200191
exact_even_G5,954705,warehouse_small_kiva,abrupt,4636,2.318,1,5,5,0,0.17272055600000003,48.702053901000006,91.42353032901883
js_cap_G5,954705,warehouse_small_kiva,abrupt,4631,2.3155,1,5,5,0,0.108922885,46.76462626899999,91.1421149619855
random_G5,954705,warehouse_small_kiva,abrupt,4625,2.3125,1,5,5,0,0.020991136999999997,51.05993503999999,96.27321204799227
bootstrap_only,954705,warehouse_small_kiva,recurrent,4116,2.058,1,0,0,0,0.00325013,53.17396805299997,102.38906274101464
context_memory_B25,954705,warehouse_small_kiva,recurrent,4617,2.3085,1,7,25,0,0.098055473,56.48960423699999,108.59867189099896
context_no_reactivation_B25,954705,warehouse_small_kiva,recurrent,4618,2.309,1,8,25,0,0.177313173,54.59156928600001,100.67883057601284
exact_even_B25,954705,warehouse_small_kiva,recurrent,4616,2.308,1,25,25,0,0.24012467399999998,56.048428831999985,112.38393507202272
exact_even_G4,954705,warehouse_small_kiva,recurrent,4315,2.1575,1,4,4,0,0.157629953,56.556205070999994,110.68948561698198
exact_even_G5,954705,warehouse_small_kiva,recurrent,4583,2.2915,1,5,5,0,0.023136246,54.80993903099999,101.32055773300817
js_cap_G5,954705,warehouse_small_kiva,recurrent,4244,2.122,1,5,5,0,0.027010398,57.70871249800002,107.99364840201451
random_G5,954705,warehouse_small_kiva,recurrent,4590,2.295,1,5,5,0,0.18307099,56.968868142000005,102.22144975000992
bootstrap_only,954705,warehouse_small_kiva,stationary,4597,2.2985,1,0,0,0,0.003451982,47.784962967,79.62917080099578
context_memory_B25,954705,warehouse_small_kiva,stationary,4586,2.293,1,10,25,0,0.012062534000000001,51.756632640000014,85.21337324698106
context_no_reactivation_B25,954705,warehouse_small_kiva,stationary,4618,2.309,1,7,25,0,0.156513487,52.09986141199999,87.49633839700255
exact_even_B25,954705,warehouse_small_kiva,stationary,4611,2.3055,1,25,25,0,0.163288632,52.725686885999984,90.02269695300492
exact_even_G4,954705,warehouse_small_kiva,stationary,4618,2.309,1,4,4,0,0.15293100400000004,50.709467640000035,83.32155559700914
exact_even_G5,954705,warehouse_small_kiva,stationary,4625,2.3125,1,5,5,0,0.018417555,47.381251552999984,82.9240972760017
js_cap_G5,954705,warehouse_small_kiva,stationary,4621,2.3105,1,5,5,0,0.025428549999999998,52.037802385999996,83.98195739899529
random_G5,954705,warehouse_small_kiva,stationary,4621,2.3105,1,5,5,0,0.044042432000000006,52.350621224,82.52615217497805
bootstrap_only,962860,warehouse_small_kiva,abrupt,4603,2.3015,1,0,0,0,0.003596802,60.30633150300001,105.5103683800262
context_memory_B25,962860,warehouse_small_kiva,abrupt,4600,2.3,1,8,25,0,0.163679868,57.76087227300001,109.39558987598866
context_no_reactivation_B25,962860,warehouse_small_kiva,abrupt,4627,2.3135,1,7,25,0,0.030274567000000006,57.81771753500002,110.6027785410115
exact_even_B25,962860,warehouse_small_kiva,abrupt,4618,2.309,1,25,25,0,0.454494855,58.25805973200002,114.71706174800056
exact_even_G4,962860,warehouse_small_kiva,abrupt,4588,2.294,1,4,4,0,0.086774556,59.63694313500001,108.29880105899065
exact_even_G5,962860,warehouse_small_kiva,abrupt,4611,2.3055,1,5,5,0,0.08723359500000001,57.559099317000005,105.80186075699748
js_cap_G5,962860,warehouse_small_kiva,abrupt,4572,2.286,1,5,5,0,0.09006769099999999,56.078782693000015,106.52112228400074
random_G5,962860,warehouse_small_kiva,abrupt,4531,2.2655,1,5,5,0,0.183786333,57.235028152000005,109.39197481001611
bootstrap_only,962860,warehouse_small_kiva,recurrent,4623,2.3115,1,0,0,0,0.003648546,58.01871458300002,106.21050776101765
context_memory_B25,962860,warehouse_small_kiva,recurrent,4623,2.3115,1,6,25,0,0.1589124,57.87958543799999,108.70526605998748
context_no_reactivation_B25,962860,warehouse_small_kiva,recurrent,4622,2.311,1,7,25,0,0.104428569,55.547470312999984,103.09647017199313
exact_even_B25,962860,warehouse_small_kiva,recurrent,4648,2.324,1,25,25,0,0.3723425030000001,57.87413332199999,110.5994753499981
exact_even_G4,962860,warehouse_small_kiva,recurrent,4319,2.1595,1,4,4,0,0.16192162599999999,55.435409568000004,105.7058325120015
exact_even_G5,962860,warehouse_small_kiva,recurrent,4619,2.3095,1,5,5,0,0.023654684000000002,56.34846691200002,103.01909782399889
js_cap_G5,962860,warehouse_small_kiva,recurrent,4552,2.276,1,5,5,0,0.092859236,56.634351181999996,105.59357964899391
random_G5,962860,warehouse_small_kiva,recurrent,4257,2.1285,1,5,5,0,0.025388008,55.07080653,105.90231092800968
bootstrap_only,962860,warehouse_small_kiva,stationary,3900,1.95,1,0,0,0,0.00568201,41.442070251000004,82.1051533179998
context_memory_B25,962860,warehouse_small_kiva,stationary,4560,2.28,1,7,25,0,0.011179760999999998,45.02773841599999,84.40723516000435
context_no_reactivation_B25,962860,warehouse_small_kiva,stationary,4525,2.2625,1,7,25,0,0.17162754999999996,48.628098146999996,93.69593761800206
exact_even_B25,962860,warehouse_small_kiva,stationary,4601,2.3005,1,25,25,0,0.232230236,39.933047881000014,83.9991795529786
exact_even_G4,962860,warehouse_small_kiva,stationary,4392,2.196,1,4,4,0,0.017596064,50.78948145899998,90.51505640498362
exact_even_G5,962860,warehouse_small_kiva,stationary,4354,2.177,1,5,5,0,0.08426813200000001,52.16303393899997,95.00042515801033
js_cap_G5,962860,warehouse_small_kiva,stationary,4568,2.284,1,5,5,0,0.023351456,40.470903226,80.0152507390012
random_G5,962860,warehouse_small_kiva,stationary,4317,2.1585,1,5,5,0,0.150896645,37.688340667,76.30386223798268
