run_id,method,map_id,workload,n_agents,seed,selector_seed,event_delay,guidance_scale,horizon,completed,throughput,post_shift_completed_100,post_shift_throughput_100,post_shift_wait_rate_100,stale_fraction_auc,version_lag_auc,repair_event_count,repair_rebind_count,unique_field_build_count,new_task_rebind_count,new_task_unique_field_build_count,guidance_generation_seconds,exposure_seconds,repair_field_build_seconds,new_task_field_build_seconds,executor_seconds,wall_time_seconds,collision_count,deadlocked,trace_hash,task_tape_hash
1b98370a5a3cb4d1,no_update,two_corridor,abrupt,24,200,0,0,2.0,400,140,0.35,37,0.37,0.18541666666666667,0.0,0.0,0,0,0,140,85,0.0,0.0,0.0,0.009642830000000002,0.02273874000000002,0.035200917,0,False,1305d736291342ab,437291d5c3579000
326f0c66b6c01677,lazy_0,two_corridor,abrupt,24,200,0,0,2.0,400,173,0.4325,52,0.52,0.14583333333333334,0.23958333333333334,0.23958333333333334,1,0,0,173,95,0.000350125,0.000182917,0.0,0.010172295000000001,0.01969176599999999,0.033027708,0,False,b9471d0cddb2a3ce,437291d5c3579000
153a4f6168c9720d,random_10,two_corridor,abrupt,24,200,1701,0,2.0,400,147,0.3675,32,0.32,0.15583333333333332,0.19831730769230768,0.19831730769230768,1,3,3,147,86,0.000105291,0.000178708,0.00032137400000000003,0.009160457,0.019458449,0.031787584,0,False,901887a4807bd054,437291d5c3579000
b26c1e478dabf98e,random_10,two_corridor,abrupt,24,200,2903,0,2.0,400,136,0.34,43,0.43,0.13125,0.25721153846153844,0.25721153846153844,1,3,3,136,85,0.000114208,0.000186041,0.000330792,0.009156702999999999,0.019747921999999977,0.032154417,0,False,b8d950b7a95a6ad0,437291d5c3579000
9ed75b8a6f1d4317,random_10,two_corridor,abrupt,24,200,4307,0,2.0,400,142,0.355,22,0.22,0.17291666666666666,0.2764423076923077,0.2764423076923077,1,3,3,141,80,0.000132958,0.000202209,0.00033949999999999996,0.009796288999999996,0.02288834099999998,0.036300166,0,False,602d8ccdffac9b7f,437291d5c3579000
967c58f6eae6ac2f,random_25,two_corridor,abrupt,24,200,1701,0,2.0,400,138,0.345,38,0.38,0.15083333333333335,0.09415064102564102,0.09415064102564102,1,6,5,138,84,0.000102458,0.000176917,0.000527584,0.008901587000000002,0.01975895599999999,0.031998791,0,False,6db1808f12551e74,437291d5c3579000
da8cd7058e3fc7c5,random_25,two_corridor,abrupt,24,200,2903,0,2.0,400,172,0.43,53,0.53,0.13916666666666666,0.09435096153846154,0.09435096153846154,1,6,6,172,96,0.000102125,0.000177208,0.000632376,0.010144625999999997,0.01935046999999998,0.032928458,0,False,9ee5fd436b97f7ba,437291d5c3579000
83ca2eaa69d9dc7e,random_25,two_corridor,abrupt,24,200,4307,0,2.0,400,181,0.4525,48,0.48,0.11208333333333333,0.24018429487179485,0.24018429487179485,1,6,6,181,98,0.000121083,0.000163625,0.000634666,0.010568127999999998,0.019588334000000006,0.033699084,0,False,a25c27fb0faa6b87,437291d5c3579000
e8195a9dfae79a84,top_10,two_corridor,abrupt,24,200,0,0,2.0,400,176,0.44,65,0.65,0.13708333333333333,0.10917467948717949,0.10917467948717949,1,3,3,176,97,0.000102542,0.000177292,0.000316959,0.01030892,0.019276582000000018,0.032719542,0,False,8f1168781cc8713f,437291d5c3579000
095d3d8a38c5b471,top_25,two_corridor,abrupt,24,200,0,0,2.0,400,140,0.35,45,0.45,0.17291666666666666,0.08794070512820513,0.08794070512820513,1,6,5,140,81,0.0001015,0.000176708,0.0005703759999999999,0.008585546000000001,0.019438747999999995,0.031459292,0,False,4931b1fda94a073e,437291d5c3579000
59fbb55ae41508ac,repair_all,two_corridor,abrupt,24,200,0,0,2.0,400,104,0.26,9,0.09,0.16833333333333333,0.0,0.0,1,23,21,102,64,0.00010725,0.000177083,0.002205501,0.006853999,0.019799078999999987,0.031845125,0,False,ba59449a658c056a,437291d5c3579000
637adde23527d9be,no_update,two_corridor,abrupt,24,201,0,0,2.0,400,76,0.19,19,0.19,0.18833333333333332,0.0,0.0,0,0,0,76,62,0.0,0.0,0.0,0.0066141260000000006,0.019389033000000007,0.028488625,0,False,36c8ceb63faad6f6,b26cfa1619408951
48bd0883e389ce14,lazy_0,two_corridor,abrupt,24,201,0,0,2.0,400,92,0.23,30,0.3,0.16833333333333333,0.2668333333333333,0.2668333333333333,1,0,0,92,70,0.000120334,0.000213,0.0,0.009290538000000001,0.024710340999999986,0.037459583,0,False,7398a97809941f62,b26cfa1619408951
647c7d358fdb5fe3,random_10,two_corridor,abrupt,24,201,1701,0,2.0,400,134,0.335,41,0.41,0.13916666666666666,0.3083333333333333,0.3083333333333333,1,3,3,134,89,0.000103583,0.0002075,0.000321874,0.009517292000000004,0.019730593000000008,0.03248525,0,False,935736f0c5e92113,b26cfa1619408951
657383ce736418be,random_10,two_corridor,abrupt,24,201,2903,0,2.0,400,94,0.235,13,0.13,0.15458333333333332,0.44233333333333336,0.44233333333333336,1,3,3,94,71,0.000106333,0.000205709,0.000321543,0.007546162999999998,0.019534573,0.030299417,0,False,eb3143d2838fd5e4,b26cfa1619408951
3a067eb1a4faaa59,random_10,two_corridor,abrupt,24,201,4307,0,2.0,400,80,0.2,30,0.3,0.16583333333333333,0.11633333333333333,0.11633333333333333,1,3,3,80,61,0.000236167,0.000203041,0.00032037499999999997,0.006468216,0.019382913999999994,0.029145166,0,False,04e8afceffe96fa8,b26cfa1619408951
4bc3525067f8fd34,random_25,two_corridor,abrupt,24,201,1701,0,2.0,400,137,0.3425,34,0.34,0.16791666666666666,0.3098333333333333,0.3098333333333333,1,6,6,136,90,0.00012125,0.000207292,0.000655167,0.009722669,0.01987525499999999,0.033295,0,False,542242aae67646a3,b26cfa1619408951
979b82255a1b237a,random_25,two_corridor,abrupt,24,201,2903,0,2.0,400,117,0.2925,52,0.52,0.1475,0.1255,0.1255,1,6,6,116,82,0.000104709,0.000206875,0.000643625,0.008788955999999999,0.01995579100000002,0.032373458,0,False,45166a89981e8f98,b26cfa1619408951
65d0c38375a64bdd,random_25,two_corridor,abrupt,24,201,4307,0,2.0,400,112,0.28,30,0.3,0.14583333333333334,0.3808333333333333,0.3808333333333333,1,6,6,112,81,0.000103209,0.000205416,0.0006446659999999999,0.008706126999999998,0.019136921,0.031404334,0,False,387f3988a444581b,b26cfa1619408951
5ee51d0cbca9c142,top_10,two_corridor,abrupt,24,201,0,0,2.0,400,120,0.3,33,0.33,0.17666666666666667,0.227,0.227,1,3,3,119,84,0.000100666,0.00020425,0.000321125,0.008943713999999998,0.019147638000000005,0.031279292,0,False,3ce8640560bd1921,b26cfa1619408951
856ceaece55bf561,top_25,two_corridor,abrupt,24,201,0,0,2.0,400,85,0.2125,33,0.33,0.17166666666666666,0.124,0.124,1,6,5,85,64,0.000105416,0.000272583,0.000555376,0.006809754999999998,0.019521725,0.029843291,0,False,9d36f9ee0ef2ad8a,b26cfa1619408951
8726dfc5e658b8d5,repair_all,two_corridor,abrupt,24,201,0,0,2.0,400,55,0.1375,9,0.09,0.16625,0.0,0.0,1,24,22,55,44,0.000102208,0.000203167,0.002326582,0.004658871,0.019572785000000002,0.029509208,0,False,284b2631e7dcc8b0,b26cfa1619408951
7b55392509cd0f2c,no_update,two_corridor,abrupt,24,202,0,0,2.0,400,94,0.235,39,0.39,0.20208333333333334,0.0,0.0,0,0,0,94,60,0.0,0.0,0.0,0.00641875,0.019484584000000003,0.028311292,0,False,acc536ce6084c4ef,e2f8b3772fa48062
98a798ec8bccc4f6,lazy_0,two_corridor,abrupt,24,202,0,0,2.0,400,138,0.345,69,0.69,0.11958333333333333,0.07516750418760469,0.07516750418760469,1,0,0,138,76,0.000101417,0.000150042,0.0,0.008102708,0.01930125499999999,0.0301225,0,False,c7a0d08c71245754,e2f8b3772fa48062
1b5028b93de55513,random_10,two_corridor,abrupt,24,202,1701,0,2.0,400,117,0.2925,34,0.34,0.1575,0.06386097152428812,0.06386097152428812,1,3,2,117,70,0.000106166,0.000150625,0.000216084,0.0074892139999999975,0.01968544999999999,0.03018775,0,False,84073bdec99bb477,e2f8b3772fa48062
f62030b77cee5e2f,random_10,two_corridor,abrupt,24,202,2903,0,2.0,400,119,0.2975,43,0.43,0.12875,0.0829145728643216,0.0829145728643216,1,3,3,118,71,0.000102375,0.000148625,0.000321334,0.007562127000000003,0.019617287,0.030235917,0,False,10c160c75f61bcdc,e2f8b3772fa48062
d884a248c371d2c7,random_10,two_corridor,abrupt,24,202,4307,0,2.0,400,153,0.3825,68,0.68,0.15,0.061767169179229475,0.061767169179229475,1,3,3,153,84,0.000111375,0.000148833,0.000325166,0.009083581000000004,0.019700716000000017,0.031944375,0,False,574315378c06537c,e2f8b3772fa48062
545d57e96325e204,random_25,two_corridor,abrupt,24,202,1701,0,2.0,400,117,0.2925,34,0.34,0.1575,0.056532663316582916,0.056532663316582916,1,6,5,117,70,0.000113291,0.000149041,0.0005180829999999999,0.007423257999999999,0.02149417400000002,0.03222475,0,False,84073bdec99bb477,e2f8b3772fa48062
fa70aeacb3175253,random_25,two_corridor,abrupt,24,202,2903,0,2.0,400,131,0.3275,51,0.51,0.1475,0.059254606365159126,0.059254606365159126,1,6,6,131,76,0.000124375,0.000151541,0.000639375,0.008334463999999998,0.020156211000000007,0.032066625,0,False,95bc2e23dbad9ba4,e2f8b3772fa48062
cb405e9318e3bc3a,random_25,two_corridor,abrupt,24,202,4307,0,2.0,400,119,0.2975,41,0.41,0.18875,0.05108877721943048,0.05108877721943048,1,6,5,119,69,0.000113,0.000149708,0.000599583,0.007394502000000001,0.01933533200000001,0.030174542,0,False,36843692aab0a6b9,e2f8b3772fa48062
acae091f64e9c33f,top_10,two_corridor,abrupt,24,202,0,0,2.0,400,128,0.32,58,0.58,0.14708333333333334,0.07077051926298157,0.07077051926298157,1,3,3,128,74,0.000101875,0.000151875,0.00031841599999999997,0.007957338000000001,0.019487008000000004,0.0305225,0,False,0f9231e6fcfd4ec8,e2f8b3772fa48062
659039b80407ff6d,top_25,two_corridor,abrupt,24,202,0,0,2.0,400,91,0.2275,42,0.42,0.20208333333333334,0.04794807370184254,0.04794807370184254,1,6,5,91,58,0.000104083,0.000146208,0.000527083,0.0061159579999999995,0.019455411999999984,0.028837708,0,False,93a8137739d7b1be,e2f8b3772fa48062
8501a2510fff8677,repair_all,two_corridor,abrupt,24,202,0,0,2.0,400,112,0.28,31,0.31,0.15166666666666667,0.0,0.0,1,23,21,112,66,0.00011225,0.000155542,0.002212081,0.007035916,0.019866626000000016,0.031977791,0,False,efb1e830aa189c36,e2f8b3772fa48062
5fbba5b8f294cbf4,no_update,two_corridor,abrupt,24,203,0,0,2.0,400,138,0.345,29,0.29,0.19791666666666666,0.0,0.0,0,0,0,138,89,0.0,0.0,0.0,0.009485753000000001,0.019696986999999992,0.031664875,0,False,250742158f312e54,7ac28b9cf7a2ebd9
663787385a3dfa65,lazy_0,two_corridor,abrupt,24,203,0,0,2.0,400,149,0.3725,34,0.34,0.15625,0.21568627450980393,0.21568627450980393,1,0,0,149,94,0.000110583,0.000207041,0.0,0.010119586000000002,0.01956646899999999,0.032496958,0,False,e8031c262514209c,7ac28b9cf7a2ebd9
e9322e59940c6b4c,random_10,two_corridor,abrupt,24,203,1701,0,2.0,400,108,0.27,30,0.3,0.13125,0.4293300653594771,0.4293300653594771,1,3,3,108,75,0.000112833,0.000211875,0.000319959,0.007987044999999998,0.019054697000000002,0.030153959,0,False,ed9624a501047849,7ac28b9cf7a2ebd9
bd5e4a2530b376e3,random_10,two_corridor,abrupt,24,203,2903,0,2.0,400,142,0.355,40,0.4,0.15083333333333335,0.18566176470588236,0.18566176470588236,1,3,3,142,90,0.000102166,0.0002065,0.00031925,0.009540246,0.019534452000000004,0.032232875,0,False,7cec79d6d0b16aee,7ac28b9cf7a2ebd9
9d0c5615c198e723,random_10,two_corridor,abrupt,24,203,4307,0,2.0,400,133,0.3325,44,0.44,0.15875,0.12193627450980392,0.12193627450980392,1,3,3,132,87,0.000101417,0.000205375,0.000321042,0.009263500999999997,0.019450921999999992,0.031880292,0,False,8b4edd7781735ecb,7ac28b9cf7a2ebd9
c22a8511dbb5e160,random_25,two_corridor,abrupt,24,203,1701,0,2.0,400,143,0.3575,47,0.47,0.15333333333333332,0.1409313725490196,0.1409313725490196,1,6,6,143,90,0.0001025,0.000219416,0.000636249,0.009495251,0.019499866999999994,0.032471416,0,False,d92eaf83251466f5,7ac28b9cf7a2ebd9
7a16e0ab72da32f2,random_25,two_corridor,abrupt,24,203,2903,0,2.0,400,127,0.3175,34,0.34,0.13458333333333333,0.2977941176470588,0.2977941176470588,1,6,6,127,83,0.000103459,0.000209542,0.000644709,0.008847957999999994,0.019394418000000014,0.031744334,0,False,cdf296e93f510fd3,7ac28b9cf7a2ebd9
2e64431d17caae87,random_25,two_corridor,abrupt,24,203,4307,0,2.0,400,123,0.3075,31,0.31,0.1575,0.15073529411764705,0.15073529411764705,1,6,6,123,81,0.000101084,0.000210083,0.000641374,0.008621877000000002,0.019267307999999997,0.0313795,0,False,167ea08f8df87096,7ac28b9cf7a2ebd9
ed1332fe5f94fda5,top_10,two_corridor,abrupt,24,203,0,0,2.0,400,153,0.3825,50,0.5,0.1325,0.17483660130718953,0.17483660130718953,1,3,3,152,92,0.000105,0.00020875,0.000320042,0.009814373000000003,0.019664084999999984,0.032694625,0,False,8e8479fff92bf35e,7ac28b9cf7a2ebd9
16f39ea835f0a909,top_25,two_corridor,abrupt,24,203,0,0,2.0,400,153,0.3825,54,0.54,0.1525,0.12336601307189543,0.12336601307189543,1,6,5,151,92,0.000106708,0.00020425,0.000528749,0.009780416000000004,0.01959354799999999,0.032795292,0,False,806f2ae116931d41,7ac28b9cf7a2ebd9
84baa7a0d021e3e0,repair_all,two_corridor,abrupt,24,203,0,0,2.0,400,112,0.28,25,0.25,0.18666666666666668,0.0,0.0,1,23,20,112,73,0.000106042,0.000204875,0.002191457,0.007721123,0.019737205000000015,0.032680959,0,False,e7b6a81621317892,7ac28b9cf7a2ebd9
c348bb64363daa37,no_update,two_corridor,abrupt,24,204,0,0,2.0,400,91,0.2275,22,0.22,0.16958333333333334,0.0,0.0,0,0,0,91,61,0.0,0.0,0.0,0.006530124999999999,0.019797624000000003,0.028803875,0,False,1dfd3f0db17f9f1a,cee9f440aa816274
6b01a83cd1ad1b21,lazy_0,two_corridor,abrupt,24,204,0,0,2.0,400,122,0.305,33,0.33,0.12833333333333333,0.3911290322580645,0.3911290322580645,1,0,0,122,74,0.00010325,0.000206,0.0,0.007948623999999998,0.019654911999999993,0.030432292,0,False,7c665bb79d0ed8ab,cee9f440aa816274
f011b6a6a92a646f,random_10,two_corridor,abrupt,24,204,1701,0,2.0,400,110,0.275,40,0.4,0.11416666666666667,0.3195084485407066,0.3195084485407066,1,3,3,110,72,0.000104542,0.000202125,0.000330792,0.007653164999999998,0.019731378000000032,0.030571875,0,False,9a0f6553c406e168,cee9f440aa816274
0584236dcf73502d,random_10,two_corridor,abrupt,24,204,2903,0,2.0,400,115,0.2875,35,0.35,0.1425,0.359062980030722,0.359062980030722,1,3,3,115,71,0.000100166,0.000227083,0.00034275,0.007625459000000001,0.019193095999999996,0.030048625,0,False,743e2d001072c915,cee9f440aa816274
7cf79add02263e77,random_10,two_corridor,abrupt,24,204,4307,0,2.0,400,144,0.36,51,0.51,0.13458333333333333,0.2357910906298003,0.2357910906298003,1,3,3,144,80,0.000101708,0.000203125,0.000320917,0.008574288000000005,0.019634369,0.03139225,0,False,136b5d61a081fba0,cee9f440aa816274
9bafdfec83e3762f,random_25,two_corridor,abrupt,24,204,1701,0,2.0,400,147,0.3675,59,0.59,0.12583333333333332,0.14285714285714285,0.14285714285714285,1,6,6,147,81,0.000101208,0.000199458,0.0006310840000000001,0.008633415000000002,0.019648620999999995,0.031768333,0,False,201ff3f8b522d55b,cee9f440aa816274
83f5daea62510dd6,random_25,two_corridor,abrupt,24,204,2903,0,2.0,400,103,0.2575,48,0.48,0.14791666666666667,0.20142089093701998,0.20142089093701998,1,6,5,103,70,9.9875e-05,0.000240375,0.000565249,0.007444455999999999,0.019416501,0.030265542,0,False,0928c0aa8ef9ffc5,cee9f440aa816274
eb7d0ef0d2be0e64,random_25,two_corridor,abrupt,24,204,4307,0,2.0,400,141,0.3525,50,0.5,0.14875,0.18490783410138248,0.18490783410138248,1,6,6,141,81,0.000101416,0.000201625,0.000641874,0.008688923,0.019582177000000017,0.031790542,0,False,d2ce920d41eaf8e0,cee9f440aa816274
4d931f778d5564aa,top_10,two_corridor,abrupt,24,204,0,0,2.0,400,129,0.3225,54,0.54,0.12833333333333333,0.1975806451612903,0.1975806451612903,1,3,2,128,74,0.000109917,0.000203541,0.000213458,0.007920046,0.01938034,0.030397084,0,False,fa439e3912036629,cee9f440aa816274
d76dc23e9eb7ceab,top_25,two_corridor,abrupt,24,204,0,0,2.0,400,111,0.2775,47,0.47,0.13333333333333333,0.2273425499231951,0.2273425499231951,1,6,5,111,71,0.000100541,0.000202333,0.000529415,0.007575625999999999,0.019342375,0.030336458,0,False,d87b9d94adf8aca0,cee9f440aa816274
f26a60af0ef64cee,repair_all,two_corridor,abrupt,24,204,0,0,2.0,400,111,0.2775,20,0.2,0.19458333333333333,0.0,0.0,1,24,20,111,71,0.000106833,0.000204,0.0021046250000000006,0.007645789999999999,0.020076839999999985,0.032877917,0,False,479b462e33a77711,cee9f440aa816274
18de51457b11f0f0,no_update,two_corridor,abrupt,24,205,0,0,2.0,400,93,0.2325,15,0.15,0.17291666666666666,0.0,0.0,0,0,0,93,69,0.0,0.0,0.0,0.007425790999999999,0.01983807,0.029671834,0,False,7f7566de4457ea87,16841bdd28418ffb
c01046be3fb95f30,lazy_0,two_corridor,abrupt,24,205,0,0,2.0,400,145,0.3625,33,0.33,0.12666666666666668,0.33511586452762926,0.33511586452762926,1,0,0,145,93,0.000104209,0.000171667,0.0,0.009876833000000005,0.019652502999999988,0.032271459,0,False,53aafccd317de7d3,16841bdd28418ffb
cd3854577dacb73d,random_10,two_corridor,abrupt,24,205,1701,0,2.0,400,146,0.365,59,0.59,0.12458333333333334,0.11207664884135472,0.11207664884135472,1,3,3,145,93,0.000585042,0.000171625,0.000320292,0.009937709000000001,0.019388667999999987,0.032884292,0,False,a9d100db7d3de8e3,16841bdd28418ffb
fca691604d9c6c68,random_10,two_corridor,abrupt,24,205,2903,0,2.0,400,134,0.335,44,0.44,0.12458333333333334,0.14505347593582887,0.14505347593582887,1,3,3,133,92,0.000112958,0.000175209,0.00036320899999999997,0.009754581000000003,0.019403165999999993,0.032309209,0,False,291d454049c7edb5,16841bdd28418ffb
275011954ec8f646,random_10,two_corridor,abrupt,24,205,4307,0,2.0,400,76,0.19,17,0.17,0.14625,0.3725490196078431,0.3725490196078431,1,3,3,76,57,0.000104208,0.000171042,0.000321833,0.0060669159999999995,0.01901858799999999,0.028091875,0,False,738279bbb4c50d14,16841bdd28418ffb
f1dab52d86611f2e,random_25,two_corridor,abrupt,24,205,1701,0,2.0,400,126,0.315,33,0.33,0.16875,0.1532976827094474,0.1532976827094474,1,6,6,126,88,0.000103208,0.000171375,0.000627375,0.009340379,0.01973239800000001,0.032471625,0,False,c5be7541fb7f98b9,16841bdd28418ffb
7d79c4bdbe909a23,random_25,two_corridor,abrupt,24,205,2903,0,2.0,400,109,0.2725,41,0.41,0.12375,0.1822638146167558,0.1822638146167558,1,6,6,109,81,0.00010675,0.000172666,0.000678167,0.008652624000000001,0.019425449999999997,0.031509084,0,False,03d252bf509e71cc,16841bdd28418ffb
442f3f3e08d26fcb,random_25,two_corridor,abrupt,24,205,4307,0,2.0,400,130,0.325,31,0.31,0.15833333333333333,0.09581105169340465,0.09581105169340465,1,6,6,129,88,0.000104916,0.000170583,0.0006370000000000001,0.00953433,0.019634498000000018,0.032596917,0,False,6c40522d374a2cde,16841bdd28418ffb
f7ad80d817196cb1,top_10,two_corridor,abrupt,24,205,0,0,2.0,400,116,0.29,35,0.35,0.13083333333333333,0.47370766488413546,0.47370766488413546,1,3,3,116,83,0.000102958,0.000182708,0.000319833,0.008826544999999998,0.018857780999999987,0.03072075,0,False,e0787fbd617aadbe,16841bdd28418ffb
0dbe36dbba935d13,top_25,two_corridor,abrupt,24,205,0,0,2.0,400,113,0.2825,25,0.25,0.145,0.1089572192513369,0.1089572192513369,1,6,6,112,82,0.000102584,0.000171875,0.000635709,0.008717459000000002,0.01976157999999999,0.031923708,0,False,9836c0e1649a34c0,16841bdd28418ffb
7ad09ea2dfef6692,repair_all,two_corridor,abrupt,24,205,0,0,2.0,400,116,0.29,34,0.34,0.19166666666666668,0.0,0.0,1,24,22,116,83,0.000101625,0.000173125,0.002316294,0.008936666000000001,0.019976957999999993,0.034145666,0,False,257f877d71c9f972,16841bdd28418ffb
c9dd616248091bad,no_update,two_corridor,abrupt,24,206,0,0,2.0,400,81,0.2025,21,0.21,0.18291666666666667,0.0,0.0,0,0,0,80,62,0.0,0.0,0.0,0.006592672000000002,0.019566,0.028585666,0,False,000c15e242438865,09e2fc4210499fc2
2abde0e9f9c9158d,lazy_0,two_corridor,abrupt,24,206,0,0,2.0,400,120,0.3,37,0.37,0.16666666666666666,0.2924603174603175,0.2924603174603175,1,0,0,120,86,0.000108083,0.000205917,0.0,0.009096212999999997,0.019466087999999982,0.031323333,0,False,a5da13a92bda5025,09e2fc4210499fc2
82d2e2d17a7ea839,random_10,two_corridor,abrupt,24,206,1701,0,2.0,400,75,0.1875,26,0.26,0.16,0.5513888888888889,0.5513888888888889,1,3,3,74,61,9.7916e-05,0.000205042,0.000320959,0.0064448749999999975,0.019104545,0.028640084,0,False,4dbbec4a3795b39b,09e2fc4210499fc2
a8da0c5ed6b3a468,random_10,two_corridor,abrupt,24,206,2903,0,2.0,400,127,0.3175,41,0.41,0.10875,0.3376984126984127,0.3376984126984127,1,3,3,127,82,0.000103792,0.000211125,0.000327333,0.008737126,0.019462076999999987,0.031349833,0,False,17ca2ff633ef6b1c,09e2fc4210499fc2
ca7344c574a3d40e,random_10,two_corridor,abrupt,24,206,4307,0,2.0,400,158,0.395,52,0.52,0.14625,0.17182539682539683,0.17182539682539683,1,3,3,158,99,0.000105708,0.000207666,0.000321959,0.010576749999999994,0.019634205999999994,0.033402375,0,False,c3e9e846c75b38a2,09e2fc4210499fc2
fb7c005a547b2b85,random_25,two_corridor,abrupt,24,206,1701,0,2.0,400,146,0.365,39,0.39,0.14666666666666667,0.291468253968254,0.291468253968254,1,6,6,145,94,0.000241834,0.00020575,0.000637209,0.009992749,0.019664715000000003,0.033294959,0,False,eebe37dc05c0458c,09e2fc4210499fc2
31ab33a9d64785bd,random_25,two_corridor,abrupt,24,206,2903,0,2.0,400,136,0.34,59,0.59,0.14,0.17817460317460315,0.17817460317460315,1,6,6,136,89,0.000106042,0.000218333,0.000637249,0.009427864,0.019465376999999992,0.032432709,0,False,00e174a72db09a80,09e2fc4210499fc2
34a83b1b5b9ec260,random_25,two_corridor,abrupt,24,206,4307,0,2.0,400,80,0.2,35,0.35,0.13125,0.4626984126984127,0.4626984126984127,1,6,5,80,63,0.000103917,0.000206333,0.000535917,0.006740002,0.019024498999999993,0.029104666,0,False,a815335a47d89442,09e2fc4210499fc2
edfe538f86fb6d09,top_10,two_corridor,abrupt,24,206,0,0,2.0,400,129,0.3225,41,0.41,0.12,0.291468253968254,0.291468253968254,1,3,3,129,88,0.000103208,0.00020575,0.000321375,0.009346590999999994,0.019200659000000005,0.031706292,0,False,76a97784f6daef01,09e2fc4210499fc2
6d24ca2787959976,top_25,two_corridor,abrupt,24,206,0,0,2.0,400,144,0.36,36,0.36,0.19958333333333333,0.15674603174603174,0.15674603174603174,1,6,6,143,92,0.000101833,0.000210917,0.000640375,0.009814499999999999,0.019655037000000014,0.032991916,0,False,8e055a8ae502005e,09e2fc4210499fc2
42d540a92cdd3656,repair_all,two_corridor,abrupt,24,206,0,0,2.0,400,45,0.1125,9,0.09,0.19041666666666668,0.0,0.0,1,24,23,45,34,0.0001055,0.000206417,0.0024437929999999997,0.0036548350000000004,0.019735958000000012,0.028759042,0,True,541e00f8e20998df,09e2fc4210499fc2
96a38250771d27cb,no_update,two_corridor,abrupt,24,207,0,0,2.0,400,93,0.2325,20,0.2,0.18625,0.0,0.0,0,0,0,93,51,0.0,0.0,0.0,0.005412171000000001,0.01942954300000002,0.0272285,0,False,2f2e9c7a2e274166,9a440577b2342fa8
01ff315ee84d94e5,lazy_0,two_corridor,abrupt,24,207,0,0,2.0,400,146,0.365,60,0.6,0.13833333333333334,0.2222222222222222,0.2222222222222222,1,0,0,146,82,0.000104917,0.000205125,0.0,0.008805418999999997,0.01959104800000002,0.031148958,0,False,69a7dafcecfdafb4,9a440577b2342fa8
4ee6020f85efdfc1,random_10,two_corridor,abrupt,24,207,1701,0,2.0,400,152,0.38,43,0.43,0.11875,0.4305555555555556,0.4305555555555556,1,3,3,151,83,0.000107958,0.000205875,0.000322792,0.008872338,0.019433300000000014,0.031465,0,False,9342b2b8c4710eba,9a440577b2342fa8
11adfd0c436c0394,random_10,two_corridor,abrupt,24,207,2903,0,2.0,400,117,0.2925,30,0.3,0.12833333333333333,0.2925347222222222,0.2925347222222222,1,3,2,117,65,0.000104,0.000205334,0.00021775,0.007058375999999999,0.019623455999999997,0.029695833,0,False,9f29d76a965eade4,9a440577b2342fa8
30191e327f84af8a,random_10,two_corridor,abrupt,24,207,4307,0,2.0,400,146,0.365,33,0.33,0.15041666666666667,0.5620659722222222,0.5620659722222222,1,3,3,146,80,0.000101292,0.000203666,0.000324207,0.008673874000000003,0.019326459,0.031122417,0,False,49334a7c5497d5a5,9a440577b2342fa8
854f908cc06d6108,random_25,two_corridor,abrupt,24,207,1701,0,2.0,400,132,0.33,29,0.29,0.14375,0.17643229166666666,0.17643229166666666,1,6,6,132,72,0.000114625,0.000219292,0.0006382520000000001,0.007679707,0.022054837999999986,0.033288417,0,False,2afe30a5cbb35451,9a440577b2342fa8
60bf19a4d0932701,random_25,two_corridor,abrupt,24,207,2903,0,2.0,400,149,0.3725,50,0.5,0.14708333333333334,0.197265625,0.197265625,1,6,5,149,87,0.000102291,0.000201,0.0005290830000000001,0.009255293999999996,0.019354417999999984,0.031968,0,False,d4f61500dff29cef,9a440577b2342fa8
e9ee1d8a35d3d661,random_25,two_corridor,abrupt,24,207,4307,0,2.0,400,140,0.35,28,0.28,0.16291666666666665,0.16514756944444445,0.16514756944444445,1,6,6,139,79,0.000102166,0.000202209,0.0006527910000000001,0.008424376999999999,0.01963920899999998,0.031545167,0,False,834047a659c302e7,9a440577b2342fa8
b707ecf11f6c8188,top_10,two_corridor,abrupt,24,207,0,0,2.0,400,140,0.35,39,0.39,0.15666666666666668,0.1325954861111111,0.1325954861111111,1,3,3,140,78,0.000116833,0.000208792,0.000331333,0.008330912999999999,0.019469201999999994,0.030979417,0,False,fd9d652c9f03fad3,9a440577b2342fa8
26eb5612b0f4d276,top_25,two_corridor,abrupt,24,207,0,0,2.0,400,132,0.33,43,0.43,0.17916666666666667,0.08875868055555557,0.08875868055555557,1,6,6,132,73,0.0001005,0.000201583,0.000640084,0.007788916999999997,0.01928629999999999,0.030492667,0,False,efeaecb1914c5181,9a440577b2342fa8
8135cdc695757532,repair_all,two_corridor,abrupt,24,207,0,0,2.0,400,136,0.34,43,0.43,0.17708333333333334,0.0,0.0,1,24,21,133,76,0.00010075,0.000202959,0.0022274569999999995,0.008064334,0.01964128700000001,0.032849167,0,False,b7f30ed7b2c673ce,9a440577b2342fa8
9db1be38c93c3c72,no_update,two_corridor,abrupt,24,208,0,0,2.0,400,53,0.1325,18,0.18,0.1675,0.0,0.0,0,0,0,53,37,0.0,0.0,0.0,0.003951333,0.019300506000000016,0.025638042,0,False,6a2aa14615bdc763,5e2688c5162899ad
588785287bfe4927,lazy_0,two_corridor,abrupt,24,208,0,0,2.0,400,89,0.2225,31,0.31,0.14291666666666666,0.35015290519877673,0.35015290519877673,1,0,0,89,63,0.000100333,0.00022025,0.0,0.006725453,0.019288444000000016,0.028795916,0,False,284a7e8d77025191,5e2688c5162899ad
cf1cf09c4cec8c85,random_10,two_corridor,abrupt,24,208,1701,0,2.0,400,102,0.255,47,0.47,0.15458333333333332,0.19896788990825687,0.19896788990825687,1,3,2,101,66,0.00024875,0.000215917,0.00021316599999999998,0.006946792000000001,0.019331514999999987,0.029418333,0,False,bcf730cd36498314,5e2688c5162899ad
258ccfcb1c56116e,random_10,two_corridor,abrupt,24,208,2903,0,2.0,400,58,0.145,23,0.23,0.14666666666666667,0.5454892966360857,0.5454892966360857,1,3,3,58,41,0.000102875,0.000211209,0.000316959,0.004352209000000001,0.018965371000000005,0.026384583,0,False,ce899ab1a61a589e,5e2688c5162899ad
1dfb9e5a7c3914e9,random_10,two_corridor,abrupt,24,208,4307,0,2.0,400,138,0.345,41,0.41,0.14208333333333334,0.23031345565749237,0.23031345565749237,1,3,3,138,82,0.000101458,0.000213834,0.000319417,0.008806911,0.019332637000000003,0.031298541,0,False,01ca10a643020795,5e2688c5162899ad
556f5242a9670e8f,random_25,two_corridor,abrupt,24,208,1701,0,2.0,400,42,0.105,17,0.17,0.15666666666666668,0.5575305810397554,0.5575305810397554,1,6,5,42,30,0.000100959,0.00021225,0.000527751,0.003190999,0.018479047,0.024950084,0,True,c53851c0905478f9,5e2688c5162899ad
de043d1e936925a4,random_25,two_corridor,abrupt,24,208,2903,0,2.0,400,92,0.23,36,0.36,0.16958333333333334,0.20623088685015292,0.20623088685015292,1,6,5,92,64,9.9542e-05,0.000213208,0.0005306660000000001,0.0068318369999999995,0.019237739999999996,0.029403458,0,False,4291de3084b80222,5e2688c5162899ad
5fbbd3a866cf88e7,random_25,two_corridor,abrupt,24,208,4307,0,2.0,400,102,0.255,25,0.25,0.15041666666666667,0.3331422018348624,0.3331422018348624,1,6,6,102,70,0.000100292,0.000215416,0.000645292,0.007516704000000001,0.019249622,0.030239959,0,False,6fb80067026f034e,5e2688c5162899ad
0940a8d393844d59,top_10,two_corridor,abrupt,24,208,0,0,2.0,400,116,0.29,32,0.32,0.135,0.4378822629969419,0.4378822629969419,1,3,2,115,73,0.000100375,0.000212542,0.000214292,0.007765125000000001,0.01917732900000001,0.029985083,0,False,cd2dfc26e863df50,5e2688c5162899ad
c30da3a1b865c4cc,top_25,two_corridor,abrupt,24,208,0,0,2.0,400,94,0.235,14,0.14,0.14958333333333335,0.2595565749235474,0.2595565749235474,1,6,5,94,66,9.9333e-05,0.000211042,0.0005328339999999999,0.00704729,0.01926154200000001,0.029667208,0,False,93442d84f2a1994d,5e2688c5162899ad
cd25ee9e79d83f42,repair_all,two_corridor,abrupt,24,208,0,0,2.0,400,97,0.2425,27,0.27,0.18416666666666667,0.0,0.0,1,24,19,97,67,9.9875e-05,0.000212041,0.0019993320000000004,0.007101126000000002,0.019655326999999986,0.031741042,0,False,ac7dab46219b2f95,5e2688c5162899ad
6e04ac1d0acc2417,no_update,two_corridor,abrupt,24,209,0,0,2.0,400,109,0.2725,7,0.07,0.17666666666666667,0.0,0.0,0,0,0,107,66,0.0,0.0,0.0,0.007074581999999999,0.01969288900000001,0.029257708,0,False,8daa28991c6c072b,9459a6d1a68e054b
013e400f33e448e3,lazy_0,two_corridor,abrupt,24,209,0,0,2.0,400,122,0.305,23,0.23,0.15,0.635519801980198,0.635519801980198,1,0,0,121,77,0.000103875,0.000223708,0.0,0.008219414000000001,0.019367792999999998,0.030349583,0,False,5e013316adc40304,9459a6d1a68e054b
d91ea83cddafedc2,random_10,two_corridor,abrupt,24,209,1701,0,2.0,400,101,0.2525,25,0.25,0.155,0.2755775577557756,0.2755775577557756,1,3,3,101,62,0.000100625,0.000223333,0.00032099900000000003,0.0066252920000000005,0.019572882999999985,0.02927675,0,False,e95a32ec311e3501,9459a6d1a68e054b
6906d0e84a23d996,random_10,two_corridor,abrupt,24,209,2903,0,2.0,400,100,0.25,18,0.18,0.16458333333333333,0.6522277227722773,0.6522277227722773,1,3,3,100,62,0.000137375,0.000235209,0.000330917,0.006925872,0.020091628000000004,0.030392834,0,False,852d67cde0e34932,9459a6d1a68e054b
b9ae2c91bcad3d24,random_10,two_corridor,abrupt,24,209,4307,0,2.0,400,80,0.2,6,0.06,0.1575,0.5985973597359736,0.5985973597359736,1,3,3,80,45,0.000122375,0.00024825,0.000338292,0.005018377,0.01971245700000001,0.028030458,0,False,38fd04d4d95a9c10,9459a6d1a68e054b
d615e4ce2dfaae81,random_25,two_corridor,abrupt,24,209,1701,0,2.0,400,112,0.28,29,0.29,0.15916666666666668,0.17698019801980197,0.17698019801980197,1,6,6,112,71,0.000141167,0.000232458,0.000657999,0.007956294999999997,0.020199487,0.031807708,0,False,23853c2aae46eda6,9459a6d1a68e054b
3dead92aad8623ac,random_25,two_corridor,abrupt,24,209,2903,0,2.0,400,113,0.2825,27,0.27,0.15583333333333332,0.5612623762376238,0.5612623762376238,1,6,6,113,74,0.000140833,0.000233917,0.000656042,0.008123203,0.019980910999999994,0.031830166,0,False,e58dd9633a0b2706,9459a6d1a68e054b
f31ba6d10d897cea,random_25,two_corridor,abrupt,24,209,4307,0,2.0,400,127,0.3175,33,0.33,0.165,0.11757425742574257,0.11757425742574257,1,6,6,126,81,0.00013075,0.000226917,0.000639707,0.008804043999999999,0.02053607700000001,0.033097459,0,False,9413c8a26c8fc7ce,9459a6d1a68e054b
7abcce9961541f15,top_10,two_corridor,abrupt,24,209,0,0,2.0,400,103,0.2575,6,0.06,0.1825,0.6627475247524752,0.6627475247524752,1,3,3,101,62,0.000130375,0.000223791,0.000324958,0.006812539,0.01977603899999999,0.029874625,0,False,1befcb9246a28d0e,9459a6d1a68e054b
4ac43f1501693321,top_25,two_corridor,abrupt,24,209,0,0,2.0,400,153,0.3825,36,0.36,0.17083333333333334,0.12025577557755776,0.12025577557755776,1,6,6,152,95,0.000161958,0.000238667,0.000665833,0.010113375999999999,0.020024282999999993,0.03377375,0,False,aec330e152c30ebf,9459a6d1a68e054b
897f6e0be87b043a,repair_all,two_corridor,abrupt,24,209,0,0,2.0,400,125,0.3125,24,0.24,0.18541666666666667,0.0,0.0,1,24,22,125,78,0.000104958,0.000221166,0.002328539999999999,0.008275208,0.019874550000000005,0.033450291,0,False,e1706263f8135bc2,9459a6d1a68e054b
92f3e76a0f7f604e,no_update,two_corridor,abrupt,24,210,0,0,2.0,400,101,0.2525,37,0.37,0.19375,0.0,0.0,0,0,0,101,67,0.0,0.0,0.0,0.007104167000000001,0.019387200000000007,0.028893833,0,False,4cb119e345e7e36f,6844c9446874c975
f1118264f20633bb,lazy_0,two_corridor,abrupt,24,210,0,0,2.0,400,136,0.34,43,0.43,0.13541666666666666,0.24004065040650407,0.24004065040650407,1,0,0,136,81,0.00010325,0.000215792,0.0,0.008635627999999998,0.019468043999999986,0.030886833,0,False,8fac4b625f965d17,6844c9446874c975
6393624c7adb07a9,random_10,two_corridor,abrupt,24,210,1701,0,2.0,400,106,0.265,43,0.43,0.14375,0.22134146341463415,0.22134146341463415,1,3,3,106,67,0.000111125,0.00021975,0.000320333,0.007122419000000001,0.019603468999999995,0.029882833,0,False,f55c9ae6f6152d00,6844c9446874c975
671dcfdeb689021c,random_10,two_corridor,abrupt,24,210,2903,0,2.0,400,108,0.27,33,0.33,0.15333333333333332,0.4823170731707317,0.4823170731707317,1,3,3,108,68,0.000101958,0.000217542,0.0003195,0.007211713000000003,0.01911741400000001,0.029443541,0,False,a663174ec48d35cf,6844c9446874c975
f1ab0925c5a9464e,random_10,two_corridor,abrupt,24,210,4307,0,2.0,400,102,0.255,32,0.32,0.17208333333333334,0.15,0.15,1,3,3,102,68,0.000101542,0.000214541,0.00031775,0.007207459999999996,0.019268043,0.029582458,0,False,e6179a5e461a02f8,6844c9446874c975
d1c1b45ca6d03bbe,random_25,two_corridor,abrupt,24,210,1701,0,2.0,400,125,0.3125,54,0.54,0.15375,0.11483739837398374,0.11483739837398374,1,6,6,125,80,9.8916e-05,0.000212208,0.000639959,0.008518415,0.019285287999999998,0.031272417,0,False,1563fe52deeb1506,6844c9446874c975
7712e928d48eb986,random_25,two_corridor,abrupt,24,210,2903,0,2.0,400,105,0.2625,28,0.28,0.15166666666666667,0.5707317073170731,0.5707317073170731,1,6,6,104,65,0.000100708,0.000214041,0.0006407920000000001,0.006965498,0.019350210999999996,0.029791334,0,False,631b3ac073c9d199,6844c9446874c975
53d5764bc56a1bba,random_25,two_corridor,abrupt,24,210,4307,0,2.0,400,124,0.31,38,0.38,0.15166666666666667,0.17682926829268292,0.17682926829268292,1,6,5,124,80,0.000102459,0.000217625,0.000553084,0.008583124,0.019897797999999998,0.031949208,0,False,f799e890b294555b,6844c9446874c975
98485613401b121d,top_10,two_corridor,abrupt,24,210,0,0,2.0,400,127,0.3175,39,0.39,0.11875,0.49918699186991866,0.49918699186991866,1,3,3,127,75,0.0001015,0.000216875,0.0003185,0.00803695,0.019283831000000036,0.030426708,0,False,3fe3d49d3297d1d2,6844c9446874c975
8829249377c04450,top_25,two_corridor,abrupt,24,210,0,0,2.0,400,136,0.34,28,0.28,0.15083333333333335,0.32865853658536587,0.32865853658536587,1,6,6,135,82,0.000109208,0.000217166,0.000642251,0.008895917,0.019749834999999997,0.032212875,0,False,97d5ed37c8f6d519,6844c9446874c975
6e693ae24b46f4de,repair_all,two_corridor,abrupt,24,210,0,0,2.0,400,103,0.2575,20,0.2,0.1775,0.0,0.0,1,24,22,103,68,0.00011825,0.0002235,0.0023604169999999996,0.007385830000000002,0.020433046000000017,0.033246541,0,False,0275b62413a361b2,6844c9446874c975
fab69c1ee5eaf6c6,no_update,two_corridor,abrupt,24,211,0,0,2.0,400,79,0.1975,21,0.21,0.17833333333333334,0.0,0.0,0,0,0,79,56,0.0,0.0,0.0,0.006033666,0.01990649499999999,0.02836825,0,False,24dbf5ee186201ab,3fba60b0d3b1eaca
db1b46c5f91af5ce,lazy_0,two_corridor,abrupt,24,211,0,0,2.0,400,124,0.31,31,0.31,0.14666666666666667,0.49093364197530864,0.49093364197530864,1,0,0,122,74,0.000107958,0.000201667,0.0,0.007945459000000005,0.019473743999999998,0.03022425,0,False,faba4efca36f46cf,3fba60b0d3b1eaca
7ca5e5c9916842ee,random_10,two_corridor,abrupt,24,211,1701,0,2.0,400,141,0.3525,40,0.4,0.14666666666666667,0.22145061728395063,0.22145061728395063,1,3,3,140,76,0.000103666,0.000201417,0.00032912400000000003,0.008179038000000001,0.019641000999999984,0.031032083,0,False,6f00f7edc8d82c1c,3fba60b0d3b1eaca
f58551d1de15b98d,random_10,two_corridor,abrupt,24,211,2903,0,2.0,400,91,0.2275,25,0.25,0.17458333333333334,0.38908179012345684,0.38908179012345684,1,3,3,91,62,0.00010025,0.000201208,0.000324334,0.006571585000000001,0.019202418999999995,0.028925333,0,False,9c6c5591fb7a4c74,3fba60b0d3b1eaca
147ba73a1a2f2496,random_10,two_corridor,abrupt,24,211,4307,0,2.0,400,130,0.325,50,0.5,0.12791666666666668,0.20910493827160492,0.20910493827160492,1,3,3,130,74,0.000105917,0.000200958,0.00031670799999999996,0.007945919999999999,0.019563005999999987,0.030707459,0,False,cc47b0666860c1e0,3fba60b0d3b1eaca
c1d0909a18133e42,random_25,two_corridor,abrupt,24,211,1701,0,2.0,400,83,0.2075,22,0.22,0.1475,0.543016975308642,0.543016975308642,1,6,6,83,60,0.000105125,0.000205334,0.000633499,0.006429831999999998,0.018945925000000013,0.028841583,0,False,d78606f706e46bff,3fba60b0d3b1eaca
4e93c45dcfd49c90,random_25,two_corridor,abrupt,24,211,2903,0,2.0,400,105,0.2625,14,0.14,0.19916666666666666,0.6471836419753086,0.6471836419753086,1,6,6,104,66,0.000108833,0.000206,0.0006497089999999999,0.007060165000000001,0.019473539999999998,0.030062125,0,False,b3d29a08ed858f45,3fba60b0d3b1eaca
38c60650270c68b1,random_25,two_corridor,abrupt,24,211,4307,0,2.0,400,104,0.26,28,0.28,0.13,0.4891975308641975,0.4891975308641975,1,6,6,104,64,0.000115084,0.000205792,0.0006317079999999999,0.0068078279999999975,0.019550421999999998,0.029864334,0,False,d1b1a65af24c6906,3fba60b0d3b1eaca
0913bf327f8b9b8f,top_10,two_corridor,abrupt,24,211,0,0,2.0,400,113,0.2825,31,0.31,0.17083333333333334,0.17264660493827158,0.17264660493827158,1,3,3,113,73,0.000101125,0.000202916,0.000319542,0.007839833000000003,0.01971608399999999,0.030674916,0,False,016036f4ff5b6fdb,3fba60b0d3b1eaca
49cf096c4bac8867,top_25,two_corridor,abrupt,24,211,0,0,2.0,400,133,0.3325,29,0.29,0.15416666666666667,0.10667438271604938,0.10667438271604938,1,6,6,133,70,0.000122084,0.000213166,0.0006596250000000001,0.007521912999999999,0.019810577999999995,0.030921209,0,False,7dfcd3683bc032f5,3fba60b0d3b1eaca
5c42c71866b84e74,repair_all,two_corridor,abrupt,24,211,0,0,2.0,400,89,0.2225,13,0.13,0.18541666666666667,0.0,0.0,1,24,22,89,62,0.000110458,0.000212333,0.0023738730000000003,0.006647121999999999,0.020205706999999996,0.032256209,0,False,9e076b818e9adcf9,3fba60b0d3b1eaca
4ad0819bd607a803,no_update,two_corridor,recurring,24,200,0,0,2.0,400,126,0.315,31,0.31,0.18958333333333333,0.0,0.0,0,0,0,125,75,0.0,0.0,0.0,0.008098207999999999,0.020010205999999985,0.030718625,0,False,d4085c36bdc2feb9,cd836674c6c49f8d
8d60a15817b585b7,lazy_0,two_corridor,recurring,24,200,0,0,2.0,400,143,0.3575,59,0.59,0.14,0.3890977443609023,0.3890977443609023,2,0,0,143,95,0.000210333,0.000368333,0.0,0.010266704999999996,0.01942636900000001,0.032915458,0,False,f6ec3f9334ec27e3,cd836674c6c49f8d
04dd8b229524dc1a,random_10,two_corridor,recurring,24,200,1701,0,2.0,400,145,0.3625,35,0.35,0.16833333333333333,0.1300125313283208,0.1300125313283208,2,6,6,145,103,0.000206834,0.000368125,0.0006387910000000001,0.011042252999999998,0.01994896899999999,0.034970583,0,False,9a59d5c4dc060422,cd836674c6c49f8d
b077b7788889f66f,random_10,two_corridor,recurring,24,200,2903,0,2.0,400,181,0.4525,62,0.62,0.14291666666666666,0.2567355889724311,0.2567355889724311,2,6,6,179,120,0.000204917,0.000381417,0.000635334,0.012826207999999997,0.01991579000000001,0.036735709,0,False,1279accb69526d48,cd836674c6c49f8d
8fa2339807fdedf2,random_10,two_corridor,recurring,24,200,4307,0,2.0,400,197,0.4925,72,0.72,0.10666666666666667,0.11168546365914786,0.11168546365914786,2,6,6,197,119,0.000219708,0.00035258399999999997,0.0006647929999999999,0.012827419,0.019849505,0.036717166,0,False,95e8421c670fd342,cd836674c6c49f8d
8cbc848545ce5486,random_25,two_corridor,recurring,24,200,1701,0,2.0,400,118,0.295,39,0.39,0.15,0.16901629072681706,0.16901629072681706,2,12,11,118,85,0.00020529199999999999,0.00037216699999999996,0.0011832090000000002,0.009099340000000001,0.019842577999999986,0.033433209,0,False,5c2636d2992b7cb8,cd836674c6c49f8d
41e2c7adb1934534,random_25,two_corridor,recurring,24,200,2903,0,2.0,400,117,0.2925,41,0.41,0.16458333333333333,0.3081140350877193,0.3081140350877193,2,12,12,117,84,0.000205833,0.000373709,0.001276335,0.009043419999999998,0.01949138200000001,0.033107792,0,False,852c90b54ccd6722,cd836674c6c49f8d
1714eac9f16fd726,random_25,two_corridor,recurring,24,200,4307,0,2.0,400,165,0.4125,55,0.55,0.15208333333333332,0.08333333333333334,0.08333333333333334,2,12,12,165,112,0.000356042,0.000355959,0.001281458,0.011980455000000003,0.01996936099999999,0.036754417,0,False,690a73405374cf9d,cd836674c6c49f8d
2ba0663c37852eaf,top_10,two_corridor,recurring,24,200,0,0,2.0,400,132,0.33,52,0.52,0.17,0.3240914786967418,0.3240914786967418,2,6,6,132,90,0.000212791,0.000355499,0.000642416,0.009587128000000006,0.022376935000000032,0.035849625,0,False,5e7be7de8d65736b,cd836674c6c49f8d
6b7e15917363c7aa,top_25,two_corridor,recurring,24,200,0,0,2.0,400,166,0.415,52,0.52,0.16166666666666665,0.08098370927318296,0.08098370927318296,2,12,12,166,112,0.000200417,0.000333209,0.0012885400000000001,0.011931330999999995,0.019868657999999997,0.03637225,0,False,eb8eae59e81849a8,cd836674c6c49f8d
7763474e95d64c40,repair_all,two_corridor,recurring,24,200,0,0,2.0,400,118,0.295,37,0.37,0.18791666666666668,0.0,0.0,2,48,40,118,85,0.000205668,0.000353584,0.004184748,0.009122164999999998,0.020020004000000015,0.036861083,0,False,43abd3ee2f778dba,cd836674c6c49f8d
9ade2f1677aed8ce,no_update,two_corridor,recurring,24,201,0,0,2.0,400,83,0.2075,21,0.21,0.18875,0.0,0.0,0,0,0,82,51,0.0,0.0,0.0,0.005491585999999999,0.019692636000000013,0.02775325,0,False,3505797ab57def86,de45d5b04d4f22a8
c143afbb0cc37507,lazy_0,two_corridor,recurring,24,201,0,0,2.0,400,125,0.3125,20,0.2,0.1575,0.5222125435540069,0.6212253193960511,2,0,0,125,98,0.000211625,0.000388958,0.0,0.010456089000000003,0.019262468000000015,0.032994,0,False,f7aaf79a69ec52d8,de45d5b04d4f22a8
3179ae892e9e940b,random_10,two_corridor,recurring,24,201,1701,0,2.0,400,158,0.395,54,0.54,0.155,0.28237514518002327,0.28237514518002327,2,6,6,158,113,0.000244541,0.000370583,0.000672249,0.012189633000000004,0.020317374999999995,0.036656959,0,False,c3df86ebe4ab1362,de45d5b04d4f22a8
e0b8c15ce4bc680d,random_10,two_corridor,recurring,24,201,2903,0,2.0,400,154,0.385,24,0.24,0.16791666666666666,0.42276422764227645,0.43016840882694546,2,6,6,154,110,0.00021275,0.00040737499999999997,0.000651833,0.011828246000000004,0.01990821199999999,0.035809584,0,False,cd792400d9fc6925,de45d5b04d4f22a8
48a40a8f9805f8a8,random_10,two_corridor,recurring,24,201,4307,0,2.0,400,135,0.3375,47,0.47,0.15083333333333335,0.44831591173054586,0.44831591173054586,2,6,6,135,103,0.00023666600000000001,0.000412542,0.00065571,0.011198713,0.02049537299999998,0.035814125,0,False,6ce7c5188a41a1a4,de45d5b04d4f22a8
74ffe9d8953c4b1d,random_25,two_corridor,recurring,24,201,1701,0,2.0,400,121,0.3025,19,0.19,0.15791666666666668,0.5034843205574913,0.514808362369338,2,12,12,120,93,0.000217291,0.000373209,0.0012827889999999999,0.009962831999999998,0.019146326000000005,0.033745041,0,False,2209cdaf3cf6cc58,de45d5b04d4f22a8
1e3f50b09abc7275,random_25,two_corridor,recurring,24,201,2903,0,2.0,400,123,0.3075,16,0.16,0.18416666666666667,0.3966318234610917,0.4372822299651568,2,12,12,122,94,0.000210709,0.000367708,0.00126425,0.010021421999999997,0.018912663,0.033539125,0,False,3469e51f1b18badd,de45d5b04d4f22a8
e0cf03eee62b221a,random_25,two_corridor,recurring,24,201,4307,0,2.0,400,143,0.3575,48,0.48,0.15083333333333335,0.19599303135888502,0.19599303135888502,2,12,12,143,107,0.000345,0.000367667,0.001274458,0.011367667000000005,0.01960287800000002,0.035706708,0,False,c0da0d74ddee5340,de45d5b04d4f22a8
a2a1e29f61f9caf2,top_10,two_corridor,recurring,24,201,0,0,2.0,400,105,0.2625,21,0.21,0.175,0.5152439024390244,0.6469221835075494,2,6,6,105,86,0.000205584,0.000390666,0.000638874,0.009183878999999992,0.019066913999999997,0.032151959,0,False,cd17dd8b9bb7576e,de45d5b04d4f22a8
04a958639beade14,top_25,two_corridor,recurring,24,201,0,0,2.0,400,128,0.32,21,0.21,0.14666666666666667,0.3208478513356562,0.3208478513356562,2,12,10,128,100,0.000214125,0.000391708,0.0010793320000000001,0.010559212999999996,0.019206332000000013,0.03425225,0,False,7f38af8bf2a8e372,de45d5b04d4f22a8
0f9733906e27b9ce,repair_all,two_corridor,recurring,24,201,0,0,2.0,400,104,0.26,29,0.29,0.16708333333333333,0.0,0.0,2,46,42,104,78,0.000205,0.00036987399999999996,0.004547453999999999,0.008303581,0.019667888000000005,0.036123167,0,False,44a7531ac80f433f,de45d5b04d4f22a8
5470535cc9fa1bec,no_update,two_corridor,recurring,24,202,0,0,2.0,400,75,0.1875,32,0.32,0.18541666666666667,0.0,0.0,0,0,0,75,55,0.0,0.0,0.0,0.005926212000000001,0.019635545999999986,0.028096125,0,False,df5ecbb0d41de36e,61ddfd576f05a3de
6dd73b60def4dc06,lazy_0,two_corridor,recurring,24,202,0,0,2.0,400,90,0.225,49,0.49,0.14333333333333334,0.49473180076628354,0.49473180076628354,2,0,0,90,68,0.000212416,0.000434959,0.0,0.007296751,0.019281084999999993,0.029799583,0,False,542b911efc6e9293,61ddfd576f05a3de
dd514e3f62700f17,random_10,two_corridor,recurring,24,202,1701,0,2.0,400,96,0.24,9,0.09,0.15916666666666668,0.4581736909323116,0.5507662835249042,2,6,6,96,63,0.000199375,0.00042091700000000004,0.000638209,0.006684628000000001,0.019127002000000004,0.029706833,0,False,22dfa6f451dd924c,61ddfd576f05a3de
bdd5bae3b10f8c8a,random_10,two_corridor,recurring,24,202,2903,0,2.0,400,64,0.16,11,0.11,0.14291666666666666,0.5866858237547893,0.7624521072796935,2,6,6,64,45,0.000199791,0.00042287499999999997,0.000635041,0.004832584,0.018961282,0.027670292,0,False,6fff14c9e416e7fd,61ddfd576f05a3de
b18f100cd659bd00,random_10,two_corridor,recurring,24,202,4307,0,2.0,400,73,0.1825,26,0.26,0.14833333333333334,0.6135057471264368,0.6628352490421456,2,6,6,73,54,0.000209542,0.000435459,0.000646875,0.005815041000000002,0.019241391000000004,0.028930291,0,False,1361a228102a2eca,61ddfd576f05a3de
e3d198e2e85d31cf,random_25,two_corridor,recurring,24,202,1701,0,2.0,400,134,0.335,26,0.26,0.16708333333333333,0.2123243933588761,0.2123243933588761,2,12,11,133,87,0.000199583,0.000401916,0.001183461,0.009287581999999997,0.019761091,0.033613917,0,False,0fcc42e3a851669d,61ddfd576f05a3de
333b6761a09f6eab,random_25,two_corridor,recurring,24,202,2903,0,2.0,400,86,0.215,22,0.22,0.17875,0.3789910600255428,0.3789910600255428,2,12,12,86,64,0.000356167,0.00043012499999999995,0.001291417,0.00685629,0.019126415000000008,0.030746166,0,False,3a19e5aa7b1034cf,61ddfd576f05a3de
4458ea8c480de635,random_25,two_corridor,recurring,24,202,4307,0,2.0,400,85,0.2125,21,0.21,0.15166666666666667,0.33508939974457214,0.4228927203065134,2,12,11,85,67,0.000206209,0.000392583,0.001162209,0.007150744999999998,0.019242502999999998,0.030878792,0,False,65aab6e7eb6a2846,61ddfd576f05a3de
f487f2d1d54b32e7,top_10,two_corridor,recurring,24,202,0,0,2.0,400,95,0.2375,40,0.4,0.14583333333333334,0.3403575989782886,0.3403575989782886,2,6,5,95,66,0.000209084,0.000433958,0.000542541,0.007016412,0.019461001999999988,0.030258166,0,False,ee0e4e5602cfaa4a,61ddfd576f05a3de
5ceb1195592f7e14,top_25,two_corridor,recurring,24,202,0,0,2.0,400,100,0.25,27,0.27,0.15916666666666668,0.3116219667943806,0.3116219667943806,2,12,9,100,69,0.000354918,0.000413458,0.0009570829999999998,0.00738863,0.01924926100000002,0.031046042,0,False,270ca60671f203f6,61ddfd576f05a3de
f5a48fa2ea6cd335,repair_all,two_corridor,recurring,24,202,0,0,2.0,400,70,0.175,19,0.19,0.17916666666666667,0.0,0.0,2,47,42,70,54,0.000209876,0.000394375,0.004431624,0.005771169999999999,0.019672621000000005,0.033392417,0,False,11410b2cc43cd02c,61ddfd576f05a3de
3e5168bf7d38fee6,no_update,two_corridor,recurring,24,203,0,0,2.0,400,93,0.2325,40,0.4,0.19041666666666668,0.0,0.0,0,0,0,93,67,0.0,0.0,0.0,0.007155116999999999,0.01949669900000001,0.029163042,0,False,1ff201ca3ba36b53,e7a7fe7ac92cf75b
b598b2d10a8dc07e,lazy_0,two_corridor,recurring,24,203,0,0,2.0,400,150,0.375,64,0.64,0.13291666666666666,0.3702651515151515,0.3702651515151515,2,0,0,149,110,0.000200125,0.00036050000000000003,0.0,0.011785378999999999,0.019846006999999978,0.034797417,0,False,71a81f92ae3f6376,e7a7fe7ac92cf75b
d51ef16e98919d29,random_10,two_corridor,recurring,24,203,1701,0,2.0,400,138,0.345,35,0.35,0.1275,0.40546085858585856,0.43023989898989895,2,6,6,138,107,0.000205209,0.000355333,0.000642166,0.011472082999999996,0.019231913999999992,0.034602542,0,False,8d017d642fe9c04a,e7a7fe7ac92cf75b
c0334a5795073b1d,random_10,two_corridor,recurring,24,203,2903,0,2.0,400,165,0.4125,40,0.4,0.115,0.3428030303030303,0.3428030303030303,2,6,6,165,119,0.000205333,0.000351708,0.000639083,0.012697625000000008,0.01961292399999999,0.036212916,0,False,37a72c9ea0d3a1f1,e7a7fe7ac92cf75b
e5a5f29b6666e585,random_10,two_corridor,recurring,24,203,4307,0,2.0,400,142,0.355,64,0.64,0.13291666666666666,0.4079861111111111,0.4079861111111111,2,6,6,141,106,0.00020266700000000002,0.000359,0.000635375,0.011253126000000006,0.019755425000000004,0.034895,0,False,f9511c06e1fce51a,e7a7fe7ac92cf75b
072602d65649b3e0,random_25,two_corridor,recurring,24,203,1701,0,2.0,400,162,0.405,39,0.39,0.14375,0.13888888888888887,0.13888888888888887,2,12,10,161,121,0.000210584,0.00034825000000000004,0.0010980830000000001,0.012864243000000008,0.019864087000000002,0.037128375,0,False,be6c24301a733745,e7a7fe7ac92cf75b
73e38ed7e9b149ef,random_25,two_corridor,recurring,24,203,2903,0,2.0,400,68,0.17,21,0.21,0.1375,0.5577651515151515,0.6518308080808081,2,12,11,68,53,0.00020566600000000002,0.000361708,0.001185416,0.005668038999999999,0.01877412799999998,0.02882975,0,False,e9a49bfd92d252c0,e7a7fe7ac92cf75b
b4cdeea6d6bf9656,random_25,two_corridor,recurring,24,203,4307,0,2.0,400,116,0.29,30,0.3,0.1575,0.2152777777777778,0.2152777777777778,2,12,12,116,92,0.00020441600000000002,0.000385209,0.0012782520000000001,0.009756288000000002,0.019850625999999993,0.034158125,0,False,2541e806c08d02ad,e7a7fe7ac92cf75b
833cf401fdc1ef18,top_10,two_corridor,recurring,24,203,0,0,2.0,400,145,0.3625,44,0.44,0.14708333333333334,0.3178661616161616,0.3178661616161616,2,6,5,143,108,0.00020320800000000002,0.0003675,0.000532709,0.011566331000000008,0.019574296000000005,0.034944958,0,False,e4939498ecebdfb5,e7a7fe7ac92cf75b
b90c11619797c440,top_25,two_corridor,recurring,24,203,0,0,2.0,400,130,0.325,40,0.4,0.16833333333333333,0.30855429292929293,0.30855429292929293,2,12,9,130,95,0.000203583,0.000361917,0.000952292,0.010106925000000004,0.019540006000000013,0.0338895,0,False,50efd1ff5e1a9200,e7a7fe7ac92cf75b
11b4a116719a1f07,repair_all,two_corridor,recurring,24,203,0,0,2.0,400,118,0.295,54,0.54,0.15958333333333333,0.0,0.0,2,46,40,118,94,0.000208959,0.00036458300000000003,0.004200708,0.009997922000000001,0.01950025699999999,0.037266458,0,False,ac4579d481994f35,e7a7fe7ac92cf75b
4d055157d39cdeeb,no_update,two_corridor,recurring,24,204,0,0,2.0,400,95,0.2375,18,0.18,0.19125,0.0,0.0,0,0,0,94,57,0.0,0.0,0.0,0.006142251,0.019913493,0.028641875,0,False,ff94192b969fe8fd,dc0bfa0b2ad79aec
231395d16352977b,lazy_0,two_corridor,recurring,24,204,0,0,2.0,400,152,0.38,29,0.29,0.16375,0.3645061728395062,0.3648148148148148,2,0,0,152,101,0.000206667,0.000369125,0.0,0.010851505999999997,0.019943278999999994,0.034058083,0,False,4f78b24535d1d299,dc0bfa0b2ad79aec
c665269d86b9d001,random_10,two_corridor,recurring,24,204,1701,0,2.0,400,58,0.145,11,0.11,0.15958333333333333,0.7804012345679012,1.066820987654321,2,6,6,58,45,0.000204125,0.00039716700000000003,0.0006334590000000001,0.004835044,0.019732661000000016,0.028464875,0,False,111002a1ab5014f4,dc0bfa0b2ad79aec
38b4b7bb7d2ae06a,random_10,two_corridor,recurring,24,204,2903,0,2.0,400,76,0.19,27,0.27,0.14333333333333334,0.5455246913580246,0.6969135802469135,2,6,6,76,58,0.000202584,0.000399166,0.000642542,0.006242293999999999,0.01935478599999998,0.029457125,0,False,695d2d7a1de9bb31,dc0bfa0b2ad79aec
49cda2b9bd23abc0,random_10,two_corridor,recurring,24,204,4307,0,2.0,400,154,0.385,47,0.47,0.11875,0.2773148148148148,0.2773148148148148,2,6,6,154,102,0.00020199999999999998,0.000348333,0.0006386250000000001,0.010904790000000001,0.019764445999999998,0.034554125,0,False,67a00d8c11aa24da,dc0bfa0b2ad79aec
b62bee2492cf7b2a,random_25,two_corridor,recurring,24,204,1701,0,2.0,400,82,0.205,19,0.19,0.13916666666666666,0.5195987654320987,0.6620370370370371,2,12,12,81,57,0.000200749,0.000410083,0.001326167,0.006054497000000001,0.019419457999999997,0.030107458,0,False,21122357e3834c2b,dc0bfa0b2ad79aec
5f1c3a17eefee45c,random_25,two_corridor,recurring,24,204,2903,0,2.0,400,130,0.325,29,0.29,0.14791666666666667,0.4506172839506173,0.4510802469135803,2,12,12,130,97,0.000203792,0.000427626,0.0012908750000000001,0.010470246999999995,0.019654084999999998,0.034832167,0,False,d9110eeec56fb696,dc0bfa0b2ad79aec
57616e7fcceef288,random_25,two_corridor,recurring,24,204,4307,0,2.0,400,120,0.3,25,0.25,0.13708333333333333,0.4429012345679012,0.4429012345679012,2,12,12,120,87,0.00021087500000000002,0.00044099899999999997,0.001269708,0.009346997,0.019751116999999995,0.033795125,0,False,5ff8d1686009873b,dc0bfa0b2ad79aec
4562c3ab5ff0285c,top_10,two_corridor,recurring,24,204,0,0,2.0,400,127,0.3175,33,0.33,0.13541666666666666,0.43796296296296294,0.5282407407407408,2,6,5,127,95,0.000207042,0.000406041,0.000538542,0.010162288,0.01986383499999998,0.033880917,0,False,74298ca8c0a6e394,dc0bfa0b2ad79aec
765f89c5a069654e,top_25,two_corridor,recurring,24,204,0,0,2.0,400,105,0.2625,29,0.29,0.16083333333333333,0.1699074074074074,0.1699074074074074,2,12,12,105,76,0.00020100100000000002,0.000371583,0.0012625820000000002,0.008148,0.019601133000000003,0.032320125,0,False,d020b1d40b7119e1,dc0bfa0b2ad79aec
c02d659239cb2931,repair_all,two_corridor,recurring,24,204,0,0,2.0,400,103,0.2575,24,0.24,0.16125,0.0,0.0,2,48,42,102,76,0.000204875,0.000395791,0.004421874999999999,0.008096001000000002,0.019530087000000026,0.035666542,0,False,aee448a2b1c3fe7d,dc0bfa0b2ad79aec
ab00899fab3fb7a2,no_update,two_corridor,recurring,24,205,0,0,2.0,400,120,0.3,29,0.29,0.19916666666666666,0.0,0.0,0,0,0,120,78,0.0,0.0,0.0,0.008351376000000002,0.019841545000000013,0.030762041,0,False,e330fa2b84cc5986,f0bc243c38e13cfd
d268e5129ac66e02,lazy_0,two_corridor,recurring,24,205,0,0,2.0,400,152,0.38,37,0.37,0.14083333333333334,0.5172032828282828,0.5181502525252525,2,0,0,152,111,0.000342584,0.00039337499999999995,0.0,0.011808461999999997,0.01946321500000001,0.034688375,0,False,7c0befd9191803db,f0bc243c38e13cfd
92bf903c49a4c3b2,random_10,two_corridor,recurring,24,205,1701,0,2.0,400,116,0.29,31,0.31,0.145,0.4267676767676768,0.54135101010101,2,6,6,116,92,0.000203208,0.000400417,0.00063375,0.009769539999999998,0.019430869,0.033079375,0,False,bf3f0354351c9044,f0bc243c38e13cfd
805133e51c1b6d48,random_10,two_corridor,recurring,24,205,2903,0,2.0,400,144,0.36,32,0.32,0.17416666666666666,0.30523989898989895,0.30523989898989895,2,6,6,144,107,0.00020291599999999998,0.0004125,0.000644333,0.011370665000000004,0.019569573000000003,0.034902,0,False,5b7a608ada3ce686,f0bc243c38e13cfd
e160cd6aeb768981,random_10,two_corridor,recurring,24,205,4307,0,2.0,400,141,0.3525,53,0.53,0.16166666666666665,0.4043560606060606,0.4043560606060606,2,6,6,141,111,0.000201125,0.000420542,0.000640875,0.011816616999999996,0.020159586999999993,0.035918917,0,False,d5c82dbe9e107756,f0bc243c38e13cfd
a31d04ac3bb8b144,random_25,two_corridor,recurring,24,205,1701,0,2.0,400,103,0.2575,25,0.25,0.15291666666666667,0.39898989898989895,0.48200757575757575,2,12,11,103,82,0.00020475,0.000428958,0.001151917,0.008724997,0.01945920299999999,0.032683292,0,False,ae8900645e8ca9f7,f0bc243c38e13cfd
11c226b2ab6d7164,random_25,two_corridor,recurring,24,205,2903,0,2.0,400,75,0.1875,27,0.27,0.17541666666666667,0.432449494949495,0.432449494949495,2,12,12,75,58,0.000206208,0.000434917,0.0012637479999999999,0.006191826000000001,0.019139631999999997,0.029902542,0,False,0c7d4342f9da24c3,f0bc243c38e13cfd
2bbba1645c49b90d,random_25,two_corridor,recurring,24,205,4307,0,2.0,400,118,0.295,12,0.12,0.16708333333333333,0.3506944444444445,0.352114898989899,2,12,12,118,91,0.000359833,0.00042500000000000003,0.001271582,0.009644169,0.019533419,0.033948458,0,False,6ff7edb5177f5977,f0bc243c38e13cfd
1cf09af16c8e5d6d,top_10,two_corridor,recurring,24,205,0,0,2.0,400,86,0.215,14,0.14,0.1525,0.4753787878787879,0.6231060606060606,2,6,5,86,69,0.00020195899999999998,0.000400583,0.0005344989999999999,0.007381833999999999,0.019451331000000002,0.0306095,0,False,290a4cd2affba446,f0bc243c38e13cfd
3ea928e89de80c4c,top_25,two_corridor,recurring,24,205,0,0,2.0,400,105,0.2625,23,0.23,0.17166666666666666,0.23942550505050506,0.23942550505050506,2,12,12,105,81,0.00020275,0.00042020800000000004,0.0012725409999999999,0.008654541,0.01960483000000001,0.03289,0,False,1f37f251e550546d,f0bc243c38e13cfd
acd5ccdafb68e788,repair_all,two_corridor,recurring,24,205,0,0,2.0,400,95,0.2375,26,0.26,0.19125,0.0,0.0,2,48,42,95,71,0.000211126,0.000417376,0.004406828000000001,0.007575500000000001,0.022402620000000005,0.038031125,0,False,b7120e4ca6009909,f0bc243c38e13cfd
5b4a9dbe615cd5bc,no_update,two_corridor,recurring,24,206,0,0,2.0,400,89,0.2225,32,0.32,0.19791666666666666,0.0,0.0,0,0,0,88,57,0.0,0.0,0.0,0.006069625999999999,0.019172955000000002,0.027745,0,False,e5c02526a96d5ee0,e5e5ba8c48482e4e
772b2553ccddf5c1,lazy_0,two_corridor,recurring,24,206,0,0,2.0,400,59,0.1475,13,0.13,0.16166666666666665,0.5694444444444444,0.8069600499375781,2,0,0,59,51,0.00020866599999999998,0.000457833,0.0,0.0054854959999999986,0.019453094000000015,0.028146542,0,False,0a9eb30a1bac23a4,e5e5ba8c48482e4e
0cdb0f289be61cf1,random_10,two_corridor,recurring,24,206,1701,0,2.0,400,98,0.245,31,0.31,0.15083333333333335,0.4127652933832709,0.5277777777777778,2,6,6,97,80,0.00020162499999999998,0.000436166,0.00063596,0.008482624,0.019163291000000006,0.03157025,0,False,23b17350ae921410,e5e5ba8c48482e4e
16573416e0e5a696,random_10,two_corridor,recurring,24,206,2903,0,2.0,400,52,0.13,13,0.13,0.16166666666666665,0.5580524344569289,0.7862047440699127,2,6,6,52,46,0.000208791,0.000449708,0.000654458,0.004982126999999999,0.019069704,0.027934875,0,False,f4ce958d53710d34,e5e5ba8c48482e4e
59cbddeb0549049d,random_10,two_corridor,recurring,24,206,4307,0,2.0,400,53,0.1325,22,0.22,0.15666666666666668,0.7169163545568039,0.9480337078651685,2,6,6,53,47,0.000205458,0.000451708,0.000653376,0.0050092500000000015,0.018977983999999986,0.02786325,0,False,296a20d52b2bb5d2,e5e5ba8c48482e4e
080678d9b53f2b42,random_25,two_corridor,recurring,24,206,1701,0,2.0,400,126,0.315,21,0.21,0.15666666666666668,0.3383270911360799,0.41042446941323346,2,12,12,126,88,0.000201251,0.00044249999999999997,0.00128079,0.009401917000000001,0.019245704000000013,0.033268875,0,False,b1fc0de8f9085ed0,e5e5ba8c48482e4e
acf98c18c25984d9,random_25,two_corridor,recurring,24,206,2903,0,2.0,400,120,0.3,22,0.22,0.15708333333333332,0.37546816479400746,0.3954431960049937,2,12,12,119,84,0.000331832,0.000420875,0.001252752,0.008987884,0.018824032,0.03252825,0,False,a6e1a30fc5470866,e5e5ba8c48482e4e
c188f6df351e168c,random_25,two_corridor,recurring,24,206,4307,0,2.0,400,68,0.17,26,0.26,0.14875,0.35159176029962547,0.3898252184769039,2,12,12,68,58,0.000197417,0.000444292,0.0012815030000000002,0.006226418000000002,0.018961541999999998,0.029799792,0,False,88cb1b3504f9317c,e5e5ba8c48482e4e
4fd1488378c31f7f,top_10,two_corridor,recurring,24,206,0,0,2.0,400,87,0.2175,36,0.36,0.15083333333333335,0.4427278401997503,0.4427278401997503,2,6,6,87,74,0.000199042,0.00042274999999999995,0.000641457,0.007925079999999998,0.019159865000000015,0.030998792,0,False,e799dad4be1d13f4,e5e5ba8c48482e4e
5e907280dd906e27,top_25,two_corridor,recurring,24,206,0,0,2.0,400,86,0.215,31,0.31,0.18875,0.4311797752808989,0.4311797752808989,2,12,11,86,72,0.000204708,0.000444042,0.001163085,0.007690288999999998,0.019430476999999995,0.031617958,0,False,87b037efaa2c3b42,e5e5ba8c48482e4e
f1df4ca4f8041fd1,repair_all,two_corridor,recurring,24,206,0,0,2.0,400,97,0.2425,10,0.1,0.17208333333333334,0.0,0.0,2,47,44,96,63,0.00033712499999999997,0.000406417,0.0047619970000000005,0.006769205,0.019357709000000015,0.034666333,0,False,6bc335ac0cafd344,e5e5ba8c48482e4e
524de75d138fc46f,no_update,two_corridor,recurring,24,207,0,0,2.0,400,103,0.2575,30,0.3,0.17458333333333334,0.0,0.0,0,0,0,103,65,0.0,0.0,0.0,0.006945414999999999,0.019584751999999993,0.029046375,0,False,c3c589b190c8e0ab,7b624de1ae56614d
fa10d87824006680,lazy_0,two_corridor,recurring,24,207,0,0,2.0,400,191,0.4775,55,0.55,0.13958333333333334,0.25597545219638246,0.25597545219638246,2,0,0,191,119,0.000212084,0.000378041,0.0,0.012722916000000003,0.019823301000000005,0.035828042,0,False,bb3c60560502e869,7b624de1ae56614d
2d441d5d81be9f1e,random_10,two_corridor,recurring,24,207,1701,0,2.0,400,170,0.425,54,0.54,0.1375,0.36983204134366926,0.36983204134366926,2,6,6,170,116,0.0002025,0.000397334,0.000639583,0.012355752000000003,0.01940361500000001,0.035718208,0,False,9aebba8f1a11384a,7b624de1ae56614d
58266e87d7422b55,random_10,two_corridor,recurring,24,207,2903,0,2.0,400,182,0.455,69,0.69,0.13708333333333333,0.16747416020671835,0.16747416020671835,2,6,6,182,117,0.00020670900000000002,0.000410083,0.000697083,0.012600375000000002,0.019619996999999997,0.036248625,0,False,bce470782125bc15,7b624de1ae56614d
1870e4c19a945de2,random_10,two_corridor,recurring,24,207,4307,0,2.0,400,169,0.4225,52,0.52,0.14,0.311046511627907,0.311046511627907,2,6,6,167,109,0.000224541,0.00040737399999999995,0.00064625,0.011735791999999993,0.01989470399999998,0.035665125,0,False,1e85f3dce0e8f566,7b624de1ae56614d
160d507aac9383ba,random_25,two_corridor,recurring,24,207,1701,0,2.0,400,137,0.3425,55,0.55,0.18625,0.1887919896640827,0.1887919896640827,2,12,12,136,100,0.000210333,0.00040820799999999996,0.0012807510000000001,0.010714370000000004,0.019837841000000012,0.035257209,0,False,1daf257ba15afe6b,7b624de1ae56614d
7c74a6abea68b4cd,random_25,two_corridor,recurring,24,207,2903,0,2.0,400,123,0.3075,38,0.38,0.12708333333333333,0.2842377260981912,0.3292958656330749,2,12,12,123,85,0.00023975,0.000393374,0.001292872,0.009250626999999997,0.01982932099999999,0.033763333,0,False,533ea9ee37b5f1fc,7b624de1ae56614d
5739e73562acd0bb,random_25,two_corridor,recurring,24,207,4307,0,2.0,400,160,0.4,40,0.4,0.165,0.3462532299741602,0.3462532299741602,2,12,10,159,106,0.000277625,0.00043108299999999997,0.001102958,0.011612535999999998,0.020274078999999997,0.036631917,0,False,639c81d86dcc8fd8,7b624de1ae56614d
e39e2a33448bc43b,top_10,two_corridor,recurring,24,207,0,0,2.0,400,83,0.2075,18,0.18,0.15,0.44525193798449614,0.6227390180878553,2,6,6,83,56,0.000208417,0.00040158399999999997,0.0006409180000000001,0.005970999999999997,0.019378916000000006,0.029219583,0,False,279f6297b079ad0f,7b624de1ae56614d
4c093ded0922ebec,top_25,two_corridor,recurring,24,207,0,0,2.0,400,133,0.3325,43,0.43,0.15875,0.1799095607235142,0.1799095607235142,2,12,11,133,95,0.00022070800000000002,0.00039404100000000003,0.001165627,0.010071709000000002,0.01980579399999998,0.03439975,0,False,a8babbebb55aded8,7b624de1ae56614d
9a841f5006943f14,repair_all,two_corridor,recurring,24,207,0,0,2.0,400,72,0.18,16,0.16,0.18,0.0,0.0,2,48,43,72,49,0.000200501,0.000397374,0.004535999999999999,0.005219876,0.019563414000000015,0.032844417,0,False,72149a40504c3b88,7b624de1ae56614d
2ea6115cd0c996a4,no_update,two_corridor,recurring,24,208,0,0,2.0,400,73,0.1825,32,0.32,0.18083333333333335,0.0,0.0,0,0,0,73,54,0.0,0.0,0.0,0.005763203,0.019648868,0.027917625,0,False,8600d9958b598aca,ac34e2b6e51cd597
5d3e96a1ac2d84f3,lazy_0,two_corridor,recurring,24,208,0,0,2.0,400,114,0.285,36,0.36,0.14041666666666666,0.4472632226322263,0.4472632226322263,2,0,0,114,82,0.000209584,0.000423124,0.0,0.00861117,0.01931717599999999,0.031116375,0,False,ec8d1d42c1fdc8f6,ac34e2b6e51cd597
d865a92a0bd9399f,random_10,two_corridor,recurring,24,208,1701,0,2.0,400,70,0.175,19,0.19,0.17583333333333334,0.5925584255842559,0.7297047970479705,2,6,6,69,55,0.000207958,0.000426042,0.000637083,0.005832585999999999,0.018953337999999993,0.028688583,0,False,e63427ae4341f537,ac34e2b6e51cd597
13f80f80111109fe,random_10,two_corridor,recurring,24,208,2903,0,2.0,400,64,0.16,20,0.2,0.1825,0.6254612546125461,0.8400984009840098,2,6,6,64,54,0.00020683300000000002,0.000428667,0.00063875,0.005774836,0.01906408599999998,0.028729417,0,False,cd1ae64fd2c76cef,ac34e2b6e51cd597
af22abdf85c626bc,random_10,two_corridor,recurring,24,208,4307,0,2.0,400,102,0.255,44,0.44,0.1575,0.36546740467404676,0.36546740467404676,2,6,6,102,80,0.00020691600000000002,0.000442334,0.0006329580000000001,0.008500378999999997,0.019209996999999982,0.031655166,0,False,07da3a1c7d70e8ea,ac34e2b6e51cd597
06d578c398ae706e,random_25,two_corridor,recurring,24,208,1701,0,2.0,400,107,0.2675,19,0.19,0.15,0.34301968019680196,0.34301968019680196,2,12,11,107,78,0.000213334,0.00043808400000000004,0.001205416,0.008265955000000002,0.019239040000000006,0.032053041,0,False,8c4e8fddef3d2874,ac34e2b6e51cd597
30b802f54248d9ca,random_25,two_corridor,recurring,24,208,2903,0,2.0,400,93,0.2325,16,0.16,0.15625,0.43711562115621155,0.43711562115621155,2,12,12,93,70,0.00020579099999999998,0.000434458,0.0012684600000000001,0.007446336000000002,0.019079341999999992,0.031144667,0,False,2b243f1491bfe5b0,ac34e2b6e51cd597
a0a1d9d8049f17dc,random_25,two_corridor,recurring,24,208,4307,0,2.0,400,103,0.2575,38,0.38,0.14291666666666666,0.2990467404674047,0.2990467404674047,2,12,11,103,85,0.00020429200000000002,0.000391708,0.001155459,0.008994915000000003,0.019088121000000003,0.032512083,0,False,05eee6ad9dc76ab7,ac34e2b6e51cd597
21ad93a5e848a5e5,top_10,two_corridor,recurring,24,208,0,0,2.0,400,71,0.1775,11,0.11,0.15166666666666667,0.551660516605166,0.5787207872078721,2,6,6,71,60,0.00019895900000000002,0.0003985,0.00063475,0.006397081,0.019158605999999995,0.029363417,0,False,2d2ed7369e984197,ac34e2b6e51cd597
e3fea9bc33780f54,top_25,two_corridor,recurring,24,208,0,0,2.0,400,79,0.1975,35,0.35,0.14375,0.4584870848708487,0.5748769987699877,2,12,12,79,66,0.000224959,0.000437999,0.001294917,0.007028581999999998,0.019405786999999994,0.031078541,0,False,43240ea01e575d68,ac34e2b6e51cd597
e2b48e36dcee3dfd,repair_all,two_corridor,recurring,24,208,0,0,2.0,400,79,0.1975,12,0.12,0.17166666666666666,0.0,0.0,2,48,44,79,61,0.000358876,0.000422417,0.0046769559999999995,0.006568210999999999,0.019424077999999987,0.034474833,0,False,be632a63bf9fbd65,ac34e2b6e51cd597
35207e31bc77509e,no_update,two_corridor,recurring,24,209,0,0,2.0,400,104,0.26,32,0.32,0.17208333333333334,0.0,0.0,0,0,0,104,64,0.0,0.0,0.0,0.006924458999999999,0.019785289999999987,0.029244625,0,False,4bf6e3e796499b05,a5ad498b5bad13ab
916736bb37510acd,lazy_0,two_corridor,recurring,24,209,0,0,2.0,400,155,0.3875,43,0.43,0.16,0.16365652724968313,0.16365652724968313,2,0,0,155,112,0.000202958,0.000359292,0.0,0.012018796999999996,0.020086530999999998,0.035321333,0,False,cd47b6a24257284a,a5ad498b5bad13ab
ffe596d562cb8c49,random_10,two_corridor,recurring,24,209,1701,0,2.0,400,152,0.38,43,0.43,0.16,0.2370088719898606,0.2370088719898606,2,6,6,152,111,0.000208584,0.00035833299999999996,0.000641626,0.011884293,0.019751418999999982,0.035586,0,False,1afdbf4cc5197814,a5ad498b5bad13ab
1ed4f64dcb609ba0,random_10,two_corridor,recurring,24,209,2903,0,2.0,400,187,0.4675,46,0.46,0.14208333333333334,0.16603295310519645,0.16603295310519645,2,6,6,187,129,0.000202251,0.00039599899999999996,0.0006399579999999999,0.013712702,0.019657421000000015,0.037459917,0,False,7bc7fefdb7499eec,a5ad498b5bad13ab
230a3ef3845037ba,random_10,two_corridor,recurring,24,209,4307,0,2.0,400,177,0.4425,59,0.59,0.15125,0.11137515842839037,0.11137515842839037,2,6,5,176,131,0.00020774999999999998,0.000364709,0.0005362100000000001,0.013891504999999998,0.01999222000000003,0.037740625,0,False,c7d75764457a3fab,a5ad498b5bad13ab
c7c9abf258bb8854,random_25,two_corridor,recurring,24,209,1701,0,2.0,400,154,0.385,42,0.42,0.16125,0.14242712294043094,0.14242712294043094,2,12,11,154,112,0.000205958,0.000350333,0.001194624,0.01203579199999999,0.020178497999999986,0.03676975,0,False,3dae5e8152480e66,a5ad498b5bad13ab
e248ab3ad2c2d1eb,random_25,two_corridor,recurring,24,209,2903,0,2.0,400,107,0.2675,19,0.19,0.15166666666666667,0.2962610899873257,0.2962610899873257,2,12,11,106,73,0.000207667,0.000359916,0.001180834,0.007851501000000002,0.01951673499999998,0.031827958,0,False,5f0999da0e371d67,a5ad498b5bad13ab
726e7b80639b8af1,random_25,two_corridor,recurring,24,209,4307,0,2.0,400,154,0.385,41,0.41,0.16666666666666666,0.19898605830164767,0.19898605830164767,2,12,10,152,110,0.000206999,0.000398708,0.001074458,0.011752327999999996,0.019606372999999993,0.035783833,0,False,38fc089d81e56d54,a5ad498b5bad13ab
1f80e0f189ab0245,top_10,two_corridor,recurring,24,209,0,0,2.0,400,120,0.3,37,0.37,0.1425,0.2829531051964512,0.2829531051964512,2,6,6,120,91,0.000211666,0.00038895900000000003,0.0006432899999999999,0.009701538999999995,0.01973087400000001,0.033342,0,False,9c4c0167892c5a62,a5ad498b5bad13ab
13363fff6919e302,top_25,two_corridor,recurring,24,209,0,0,2.0,400,147,0.3675,40,0.4,0.165,0.09474017743979722,0.09474017743979722,2,12,11,147,110,0.000206167,0.000329958,0.001176918,0.011896124999999995,0.02053478299999997,0.037033583,0,False,20ba9043b7e5f51f,a5ad498b5bad13ab
a7fb2595cc121a2f,repair_all,two_corridor,recurring,24,209,0,0,2.0,400,98,0.245,26,0.26,0.1675,0.0,0.0,2,48,38,98,72,0.00026737500000000003,0.000396501,0.004204293,0.007912124,0.020887713999999984,0.036826166,0,False,f471b2c36398227c,a5ad498b5bad13ab
a0aec136149ce09b,no_update,two_corridor,recurring,24,210,0,0,2.0,400,98,0.245,31,0.31,0.17333333333333334,0.0,0.0,0,0,0,97,63,0.0,0.0,0.0,0.006950753999999997,0.020223288999999988,0.029910708,0,False,9826021c45797ecb,0f7ccfee4b548b10
8d47d017695b713c,lazy_0,two_corridor,recurring,24,210,0,0,2.0,400,154,0.385,39,0.39,0.12166666666666667,0.37752525252525254,0.44160353535353536,2,0,0,154,101,0.00022354200000000002,0.000382333,0.0,0.010814876000000005,0.020139581,0.034213292,0,False,91ef06b85c5c4899,0f7ccfee4b548b10
2340ac40896f8935,random_10,two_corridor,recurring,24,210,1701,0,2.0,400,153,0.3825,47,0.47,0.12583333333333332,0.2791982323232323,0.2791982323232323,2,6,6,152,108,0.000211084,0.00038937499999999996,0.000640376,0.011688708000000003,0.019935300999999996,0.035668875,0,False,b663fa60940cd67f,0f7ccfee4b548b10
90bc9c043b35a488,random_10,two_corridor,recurring,24,210,2903,0,2.0,400,91,0.2275,27,0.27,0.1575,0.7189078282828283,0.9057765151515151,2,6,6,91,61,0.000226625,0.000416624,0.000647583,0.006576705999999999,0.019088962000000008,0.029621291,0,False,1b1da319516e5bd4,0f7ccfee4b548b10
0bf8b45549de93ef,random_10,two_corridor,recurring,24,210,4307,0,2.0,400,116,0.29,27,0.27,0.16666666666666666,0.26515151515151514,0.26515151515151514,2,6,6,116,83,0.000215084,0.00038016600000000003,0.0006425,0.008882375999999999,0.019654380000000006,0.032443833,0,False,e8c137d07b1bc926,0f7ccfee4b548b10
94e540c5b91d23be,random_25,two_corridor,recurring,24,210,1701,0,2.0,400,122,0.305,37,0.37,0.17125,0.3858901515151515,0.3858901515151515,2,12,12,122,80,0.000214709,0.00040079099999999995,0.001301376,0.008627336,0.019463456000000025,0.032751667,0,False,86e37eb20531551c,0f7ccfee4b548b10
a624948d0a89b500,random_25,two_corridor,recurring,24,210,2903,0,2.0,400,165,0.4125,59,0.59,0.1325,0.1753472222222222,0.1753472222222222,2,12,11,164,108,0.00020333299999999999,0.000402708,0.0011537490000000001,0.011521914,0.019615614999999993,0.035732542,0,False,cc41138d86aaa656,0f7ccfee4b548b10
562dca72e3584036,random_25,two_corridor,recurring,24,210,4307,0,2.0,400,120,0.3,32,0.32,0.17666666666666667,0.1783459595959596,0.1783459595959596,2,12,12,120,83,0.000218999,0.00038608299999999996,0.001286376,0.008872701000000002,0.019434211999999996,0.032932166,0,False,78503c2bc133cc0b,0f7ccfee4b548b10
472902647a449f64,top_10,two_corridor,recurring,24,210,0,0,2.0,400,100,0.25,18,0.18,0.16583333333333333,0.6030618686868687,0.7916666666666666,2,6,5,100,71,0.000220624,0.000421833,0.000544749,0.00761638,0.019425866999999993,0.0309315,0,False,32fe2e4051eec81c,0f7ccfee4b548b10
e439c3dd0686c537,top_25,two_corridor,recurring,24,210,0,0,2.0,400,169,0.4225,53,0.53,0.13416666666666666,0.20044191919191917,0.20044191919191917,2,12,9,169,113,0.000359959,0.000355916,0.000955539,0.012050271000000001,0.019827663000000002,0.036342583,0,False,1946535494091db8,0f7ccfee4b548b10
c9392949b5736311,repair_all,two_corridor,recurring,24,210,0,0,2.0,400,98,0.245,16,0.16,0.19041666666666668,0.0,0.0,2,47,43,98,69,0.000205708,0.000385667,0.004576246,0.007437088000000002,0.019499383000000012,0.035096167,0,False,f049b4a90076ebf9,0f7ccfee4b548b10
59b5cc46628df161,no_update,two_corridor,recurring,24,211,0,0,2.0,400,88,0.22,22,0.22,0.18041666666666667,0.0,0.0,0,0,0,88,59,0.0,0.0,0.0,0.006325042000000001,0.019633542,0.028479416,0,False,7f0594a1207e8dcb,a4200ee1ec3fad64
1edd150d4de6de05,lazy_0,two_corridor,recurring,24,211,0,0,2.0,400,75,0.1875,10,0.1,0.15416666666666667,0.7367283950617284,0.9791666666666666,2,0,0,75,56,0.00020175,0.00038262599999999995,0.0,0.006041710000000001,0.019885924,0.029083833,0,False,2d5d9f586852574f,a4200ee1ec3fad64
d5431d9d956c5f3f,random_10,two_corridor,recurring,24,211,1701,0,2.0,400,99,0.2475,24,0.24,0.155,0.403395061728395,0.44814814814814813,2,6,6,99,72,0.000201709,0.000389,0.000642166,0.007648534999999998,0.01930958800000001,0.030836,0,False,37d3300b6540fa7d,a4200ee1ec3fad64
dc3f1880b0ef4b4b,random_10,two_corridor,recurring,24,211,2903,0,2.0,400,166,0.415,39,0.39,0.13125,0.27978395061728395,0.27978395061728395,2,6,6,165,102,0.00021987500000000002,0.00036216700000000004,0.000652584,0.010970541000000004,0.019736372999999995,0.034682292,0,False,4e0e01d0c120a699,a4200ee1ec3fad64
fdff78b47867c16b,random_10,two_corridor,recurring,24,211,4307,0,2.0,400,97,0.2425,35,0.35,0.125,0.5231481481481481,0.5847222222222223,2,6,6,97,70,0.000213167,0.000413791,0.0006416249999999999,0.007392998999999999,0.021908628000000006,0.0332385,0,False,b629ba88b4f78eac,a4200ee1ec3fad64
5ea4a9565612dac4,random_25,two_corridor,recurring,24,211,1701,0,2.0,400,105,0.2625,24,0.24,0.15875,0.27391975308641975,0.2989197530864197,2,12,11,105,79,0.000229501,0.000405249,0.001191417,0.008343586999999994,0.01884379900000001,0.031697542,0,False,379d078ec97e052e,a4200ee1ec3fad64
a85f4455c53bbc83,random_25,two_corridor,recurring,24,211,2903,0,2.0,400,201,0.5025,56,0.56,0.1225,0.2101851851851852,0.2101851851851852,2,12,12,201,122,0.000208583,0.000382293,0.0012721240000000001,0.013046370999999998,0.019597454,0.037281083,0,False,16f44a769f032724,a4200ee1ec3fad64
26942e842b7b6abf,random_25,two_corridor,recurring,24,211,4307,0,2.0,400,118,0.295,21,0.21,0.14375,0.45416666666666666,0.4816358024691358,2,12,12,118,83,0.00020975,0.00038933399999999997,0.001272124,0.008850450999999997,0.019163335,0.032622625,0,False,e7afa64713555122,a4200ee1ec3fad64
f292e333a87fcfa4,top_10,two_corridor,recurring,24,211,0,0,2.0,400,144,0.36,49,0.49,0.11583333333333333,0.4537037037037037,0.4537037037037037,2,6,6,144,90,0.000202542,0.000412167,0.000639751,0.009680415999999999,0.019287826999999994,0.032927792,0,False,3cb0855b124539d8,a4200ee1ec3fad64
ca7e2fcbe03f0ca0,top_25,two_corridor,recurring,24,211,0,0,2.0,400,109,0.2725,22,0.22,0.13708333333333333,0.3800925925925926,0.3800925925925926,2,12,12,109,78,0.000205166,0.000434792,0.0013000849999999999,0.008351751000000001,0.019597010999999994,0.032617958,0,False,7598ce96213c71d9,a4200ee1ec3fad64
6be37575f1cf015a,repair_all,two_corridor,recurring,24,211,0,0,2.0,400,63,0.1575,6,0.06,0.17666666666666667,0.0,0.0,2,47,44,63,43,0.000206417,0.000374917,0.004619086,0.004600789,0.019620129000000014,0.032341417,0,False,fc74571f5794aaff,a4200ee1ec3fad64
cf310c7297a8dc1a,no_update,three_corridor,abrupt,24,200,0,0,2.0,400,117,0.2925,32,0.32,0.14333333333333334,0.0,0.0,0,0,0,117,70,0.0,0.0,0.0,0.007707454999999999,0.019284495000000002,0.029482042,0,False,bba2283b82c1090b,437291d5c3579000
c319211640f4d1d8,lazy_0,three_corridor,abrupt,24,200,0,0,2.0,400,95,0.2375,27,0.27,0.18708333333333332,0.30789262820512825,0.30789262820512825,1,0,0,95,61,0.000107375,0.000152959,0.0,0.006733960999999999,0.01991259000000001,0.029409584,0,False,eae850cd1c43fcac,437291d5c3579000
35fee34870edae39,random_10,three_corridor,abrupt,24,200,1701,0,2.0,400,102,0.255,26,0.26,0.19875,0.34655448717948717,0.34655448717948717,1,3,3,101,65,0.00010575,0.000151167,0.000321,0.007114291999999999,0.019396992999999994,0.029591958,0,False,2299f93cf8caa202,437291d5c3579000
48d8ca435279d081,random_10,three_corridor,abrupt,24,200,2903,0,2.0,400,98,0.245,28,0.28,0.14791666666666667,0.3010817307692308,0.3010817307692308,1,3,3,98,62,0.000104667,0.000150625,0.000325208,0.006761332999999998,0.019345952999999996,0.029155333,0,False,a8943da7e90578a7,437291d5c3579000
5dbb1c0e8f4a5277,random_10,three_corridor,abrupt,24,200,4307,0,2.0,400,91,0.2275,31,0.31,0.17166666666666666,0.30969551282051283,0.30969551282051283,1,3,2,91,60,0.000111291,0.000152,0.000216834,0.006587867999999999,0.019230325000000013,0.028808958,0,False,09c67533fa83c7f3,437291d5c3579000
5dbd909f1cd93963,random_25,three_corridor,abrupt,24,200,1701,0,2.0,400,90,0.225,25,0.25,0.17208333333333334,0.34655448717948717,0.34655448717948717,1,6,6,89,60,0.000120708,0.000155958,0.000653541,0.00667025,0.01976589300000002,0.029933959,0,False,fdada23442847442,437291d5c3579000
bb1eaef21d2e8939,random_25,three_corridor,abrupt,24,200,2903,0,2.0,400,116,0.29,37,0.37,0.17208333333333334,0.21915064102564102,0.21915064102564102,1,6,6,116,70,0.0001055,0.00015025,0.000643458,0.007625088000000001,0.019769038000000013,0.030812541,0,False,7e3370d65fae2820,437291d5c3579000
b6b238be88176eb3,random_25,three_corridor,abrupt,24,200,4307,0,2.0,400,126,0.315,37,0.37,0.16125,0.19571314102564102,0.19571314102564102,1,6,4,126,73,0.000109584,0.000151875,0.000429625,0.008023876000000003,0.01982820399999999,0.031110417,0,False,74f45b39238c239b,437291d5c3579000
460822646b38a540,top_10,three_corridor,abrupt,24,200,0,0,2.0,400,94,0.235,28,0.28,0.14791666666666667,0.36338141025641024,0.36338141025641024,1,3,3,94,60,0.000257541,0.000150917,0.000325583,0.00661133,0.019356582000000004,0.029142875,0,False,3f2be31ea936cb9c,437291d5c3579000
65a1bedcad654139,top_25,three_corridor,abrupt,24,200,0,0,2.0,400,94,0.235,28,0.28,0.14791666666666667,0.35697115384615385,0.35697115384615385,1,6,6,94,60,0.000105916,0.000151333,0.000653084,0.006599166000000001,0.019774750000000004,0.029749708,0,False,3f2be31ea936cb9c,437291d5c3579000
3783f53ce8b81631,repair_all,three_corridor,abrupt,24,200,0,0,2.0,400,106,0.265,33,0.33,0.18041666666666667,0.0,0.0,1,24,19,106,68,0.000104875,0.000153167,0.002081374,0.007492789000000003,0.01932524400000001,0.031777625,0,False,0ead695984b43b0c,437291d5c3579000
7d8940300b10e01a,no_update,three_corridor,abrupt,24,201,0,0,2.0,400,165,0.4125,33,0.33,0.15541666666666668,0.0,0.0,0,0,0,164,97,0.0,0.0,0.0,0.010640662999999998,0.01945845800000001,0.032698667,0,False,d9349c88222d166e,b26cfa1619408951
0e15bf7428ae6a02,lazy_0,three_corridor,abrupt,24,201,0,0,2.0,400,124,0.31,35,0.35,0.17291666666666666,0.28,0.28,1,0,0,124,80,0.000109542,0.000207916,0.0,0.008814371000000001,0.020124171999999992,0.031857959,0,False,b10da0bf8e16fc62,b26cfa1619408951
da65d0f2970d7b2d,random_10,three_corridor,abrupt,24,201,1701,0,2.0,400,121,0.3025,28,0.28,0.17791666666666667,0.2921666666666667,0.2921666666666667,1,3,3,121,82,0.0001085,0.000209333,0.000322209,0.009039295000000003,0.019737420999999984,0.032063291,0,False,79c5c6100b96dd79,b26cfa1619408951
fc4d0efa42a02a54,random_10,three_corridor,abrupt,24,201,2903,0,2.0,400,96,0.24,19,0.19,0.18541666666666667,0.4023333333333333,0.4023333333333333,1,3,2,96,68,0.000113042,0.000201208,0.00021987500000000002,0.007514833999999999,0.019556545999999994,0.030161041,0,False,14c41aad1604795e,b26cfa1619408951
b7ce56c74bd6fd8e,random_10,three_corridor,abrupt,24,201,4307,0,2.0,400,114,0.285,42,0.42,0.17166666666666666,0.19716666666666666,0.19716666666666666,1,3,3,114,78,0.00010475,0.0001985,0.00032041700000000003,0.008509204,0.019589857999999988,0.031315041,0,False,89a89bfb762b72d1,b26cfa1619408951
12d77ee5e84f78a8,random_25,three_corridor,abrupt,24,201,1701,0,2.0,400,124,0.31,41,0.41,0.16458333333333333,0.14133333333333334,0.14133333333333334,1,6,5,124,84,0.00010275,0.000196458,0.0005336669999999999,0.009151124999999996,0.019507543,0.032135458,0,False,f6d39284033560c1,b26cfa1619408951
db20320f6efc375b,random_25,three_corridor,abrupt,24,201,2903,0,2.0,400,120,0.3,20,0.2,0.19083333333333333,0.3088333333333333,0.3088333333333333,1,6,4,120,82,0.0001205,0.000205167,0.000440041,0.009007036000000001,0.02029929700000002,0.032702417,0,False,ba9ad7c7a2d4c4a1,b26cfa1619408951
2ab2be727f0eb775,random_25,three_corridor,abrupt,24,201,4307,0,2.0,400,114,0.285,42,0.42,0.17166666666666666,0.18983333333333335,0.18983333333333335,1,6,6,114,78,0.000115667,0.000209125,0.0006606670000000001,0.008535923000000003,0.019636786000000007,0.031760875,0,False,89a89bfb762b72d1,b26cfa1619408951
5d090edcdf1036bf,top_10,three_corridor,abrupt,24,201,0,0,2.0,400,135,0.3375,36,0.36,0.17083333333333334,0.219,0.219,1,3,3,134,85,0.000265042,0.000200875,0.000327583,0.009382165000000003,0.019636629000000023,0.032457708,0,False,b17060e96f353b2e,b26cfa1619408951
bc3884f289ef1a65,top_25,three_corridor,abrupt,24,201,0,0,2.0,400,135,0.3375,36,0.36,0.17083333333333334,0.206,0.206,1,6,5,134,85,0.00010725,0.000197459,0.0005355000000000001,0.009303211000000002,0.019851840000000003,0.032687125,0,False,b17060e96f353b2e,b26cfa1619408951
c99ca1ffc1a4adc5,repair_all,three_corridor,abrupt,24,201,0,0,2.0,400,104,0.26,39,0.39,0.13375,0.0,0.0,1,24,21,104,72,0.000102958,0.000198292,0.002319708,0.007862629999999999,0.019119094000000003,0.032400333,0,False,ebfbb70f6fcff45e,b26cfa1619408951
8055a41d5aa30787,no_update,three_corridor,abrupt,24,202,0,0,2.0,400,86,0.215,16,0.16,0.17583333333333334,0.0,0.0,0,0,0,85,57,0.0,0.0,0.0,0.0063482109999999994,0.01919571300000001,0.027988583,0,False,37bf9a8aec0fe4ac,e2f8b3772fa48062
ce962b08a2d857c2,lazy_0,three_corridor,abrupt,24,202,0,0,2.0,400,87,0.2175,19,0.19,0.1525,0.4784338358458961,0.4784338358458961,1,0,0,87,58,0.000109708,0.000178542,0.0,0.006433001999999998,0.019552035000000002,0.028666083,0,False,8617286602fac4c8,e2f8b3772fa48062
58983d7e1cc64757,random_10,three_corridor,abrupt,24,202,1701,0,2.0,400,108,0.27,40,0.4,0.16375,0.12646566164154105,0.12646566164154105,1,3,3,108,72,0.00010975,0.000182042,0.000329624,0.007910039999999998,0.019522415999999997,0.030548625,0,False,598fdb5035e6cf21,e2f8b3772fa48062
c0e6be64b1c2d864,random_10,three_corridor,abrupt,24,202,2903,0,2.0,400,101,0.2525,26,0.26,0.17125,0.31344221105527637,0.31344221105527637,1,3,3,101,67,0.000110542,0.000178959,0.000324542,0.00736137,0.019536871000000025,0.030033416,0,False,aee604ca8dbf75f3,e2f8b3772fa48062
b5f9af9cf1f61c6c,random_10,three_corridor,abrupt,24,202,4307,0,2.0,400,121,0.3025,37,0.37,0.15791666666666668,0.22822445561139026,0.22822445561139026,1,3,3,121,78,0.000106958,0.000179667,0.00032979099999999996,0.008657667999999999,0.019740084000000015,0.03153775,0,False,03a2d895041c02da,e2f8b3772fa48062
138bcee4e67674c6,random_25,three_corridor,abrupt,24,202,1701,0,2.0,400,87,0.2175,32,0.32,0.17458333333333334,0.27449748743718594,0.27449748743718594,1,6,6,87,57,0.000107958,0.000178083,0.000654625,0.006272124999999998,0.019331829999999994,0.029027791,0,False,5b8f93165621d46a,e2f8b3772fa48062
e3af33a1276aaa37,random_25,three_corridor,abrupt,24,202,2903,0,2.0,400,99,0.2475,35,0.35,0.17583333333333334,0.1765075376884422,0.1765075376884422,1,6,6,99,66,0.000110917,0.000178375,0.000640582,0.007210913,0.019626864999999993,0.030243708,0,False,4ca54d9250c089c1,e2f8b3772fa48062
5a07cb388113c845,random_25,three_corridor,abrupt,24,202,4307,0,2.0,400,105,0.2625,41,0.41,0.16416666666666666,0.2185929648241206,0.2185929648241206,1,6,5,105,67,0.000105625,0.000176083,0.000534627,0.0073003700000000005,0.019282452,0.029899042,0,False,60ed8196a7b4202d,e2f8b3772fa48062
8269827ed90bdcfb,top_10,three_corridor,abrupt,24,202,0,0,2.0,400,130,0.325,51,0.51,0.15625,0.17671691792294805,0.17671691792294805,1,3,3,130,80,0.000108209,0.0001795,0.00032324999999999997,0.008741164999999997,0.019490957999999992,0.03136625,0,False,abf271473e9548a7,e2f8b3772fa48062
c32685d722602910,top_25,three_corridor,abrupt,24,202,0,0,2.0,400,85,0.2125,25,0.25,0.17416666666666666,0.38819095477386933,0.38819095477386933,1,6,6,85,59,0.000106375,0.000206458,0.000683084,0.006465628000000001,0.01946724900000003,0.029419875,0,False,e671341486c982ba,e2f8b3772fa48062
2c4d884e4f54524d,repair_all,three_corridor,abrupt,24,202,0,0,2.0,400,94,0.235,37,0.37,0.15666666666666668,0.0,0.0,1,24,22,94,63,0.000104458,0.000178209,0.0023787080000000006,0.006929413000000001,0.019391651,0.031604333,0,False,2edaebbd58f74dbc,e2f8b3772fa48062
faecf2ec74279431,no_update,three_corridor,abrupt,24,203,0,0,2.0,400,127,0.3175,31,0.31,0.175,0.0,0.0,0,0,0,126,84,0.0,0.0,0.0,0.009233204,0.019449778999999986,0.031197,0,False,8c7b317254c76d11,7ac28b9cf7a2ebd9
37ca556339849bd5,lazy_0,three_corridor,abrupt,24,203,0,0,2.0,400,143,0.3575,41,0.41,0.16791666666666666,0.17769607843137256,0.17769607843137256,1,0,0,143,88,0.000127167,0.000174375,0.0,0.009604578999999995,0.020074674000000015,0.032472167,0,False,878ccd7fe78447d0,7ac28b9cf7a2ebd9
08cacdff354927fa,random_10,three_corridor,abrupt,24,203,1701,0,2.0,400,117,0.2925,45,0.45,0.17208333333333334,0.2595996732026144,0.2595996732026144,1,3,3,117,77,0.000103666,0.000176292,0.000334458,0.008434708999999999,0.019626862999999984,0.031166875,0,False,a6f52a6f3763e2a8,7ac28b9cf7a2ebd9
de94f0116104a603,random_10,three_corridor,abrupt,24,203,2903,0,2.0,400,143,0.3575,41,0.41,0.16791666666666666,0.16401143790849673,0.16401143790849673,1,3,3,143,88,0.000105083,0.000180459,0.00033078999999999997,0.009613294,0.020147289999999974,0.032910792,0,False,878ccd7fe78447d0,7ac28b9cf7a2ebd9
6b62f208e9ff43e7,random_10,three_corridor,abrupt,24,203,4307,0,2.0,400,126,0.315,38,0.38,0.16541666666666666,0.23427287581699346,0.23427287581699346,1,3,3,126,83,0.000112208,0.0001755,0.000331125,0.009098247999999996,0.019611369999999996,0.031866083,0,False,6008028ab9392a31,7ac28b9cf7a2ebd9
59136157b7e2517b,random_25,three_corridor,abrupt,24,203,1701,0,2.0,400,134,0.335,37,0.37,0.18916666666666668,0.18137254901960784,0.18137254901960784,1,6,6,133,85,0.000108792,0.000173917,0.000662376,0.009334915999999999,0.019699447999999987,0.032488292,0,False,3bc9084ee707880e,7ac28b9cf7a2ebd9
25ba72cdf3bcbe3a,random_25,three_corridor,abrupt,24,203,2903,0,2.0,400,109,0.2725,25,0.25,0.16541666666666666,0.36928104575163395,0.36928104575163395,1,6,6,109,71,0.000109541,0.000175166,0.000657042,0.007784126,0.019727590999999996,0.03094425,0,False,fcce65e24bb55785,7ac28b9cf7a2ebd9
cabe4682082b5105,random_25,three_corridor,abrupt,24,203,4307,0,2.0,400,126,0.315,28,0.28,0.17166666666666666,0.29248366013071897,0.29248366013071897,1,6,6,125,82,0.000109167,0.000177458,0.000654625,0.008969248999999999,0.019757072999999997,0.03217475,0,False,a98ec5fba964a7f2,7ac28b9cf7a2ebd9
946ce135c142a7f8,top_10,three_corridor,abrupt,24,203,0,0,2.0,400,143,0.3575,41,0.41,0.16791666666666666,0.16870915032679737,0.16870915032679737,1,3,3,143,88,0.000105125,0.000175166,0.000327166,0.009702122999999997,0.01976130300000003,0.032608083,0,False,878ccd7fe78447d0,7ac28b9cf7a2ebd9
dc35f0e6bfd75f44,top_25,three_corridor,abrupt,24,203,0,0,2.0,400,150,0.375,57,0.57,0.15458333333333332,0.10232843137254902,0.10232843137254902,1,6,6,149,92,0.000105583,0.000174667,0.0007052510000000001,0.010029542999999998,0.019765704000000012,0.033353416,0,False,48010df41f99e678,7ac28b9cf7a2ebd9
7604100f997dbac8,repair_all,three_corridor,abrupt,24,203,0,0,2.0,400,125,0.3125,47,0.47,0.11916666666666667,0.0,0.0,1,24,21,125,82,0.000107417,0.000174709,0.0022759160000000002,0.008981581999999998,0.019324510000000003,0.033520875,0,False,5b18eaa4305f1170,7ac28b9cf7a2ebd9
caf5930daca6bf5a,no_update,three_corridor,abrupt,24,204,0,0,2.0,400,141,0.3525,36,0.36,0.16375,0.0,0.0,0,0,0,141,87,0.0,0.0,0.0,0.009592372999999996,0.01951087899999998,0.031623042,0,False,f910524ef2fa5f81,cee9f440aa816274
daf7ea23ab06d47b,lazy_0,three_corridor,abrupt,24,204,0,0,2.0,400,141,0.3525,40,0.4,0.18458333333333332,0.217357910906298,0.217357910906298,1,0,0,140,86,0.000109,0.000168791,0.0,0.00947554,0.019844670999999998,0.032155958,0,False,ae52652ee9cdc02b,cee9f440aa816274
edecc01e34d99fd1,random_10,three_corridor,abrupt,24,204,1701,0,2.0,400,135,0.3375,32,0.32,0.18,0.20948540706605223,0.20948540706605223,1,3,3,135,86,0.000108041,0.000169334,0.00032725,0.00941621,0.019697156000000014,0.032281208,0,False,86f931dfd7c7f82b,cee9f440aa816274
6645e593aa6659e9,random_10,three_corridor,abrupt,24,204,2903,0,2.0,400,159,0.3975,42,0.42,0.19083333333333333,0.20468509984639016,0.20468509984639016,1,3,3,158,92,0.000108708,0.000166708,0.00032649999999999997,0.010048793,0.020143456000000014,0.033334208,0,False,fa7a21b0a824f870,cee9f440aa816274
7e7d26d92e6d99c2,random_10,three_corridor,abrupt,24,204,4307,0,2.0,400,146,0.365,56,0.56,0.175,0.1490015360983103,0.1490015360983103,1,3,3,146,86,0.000104333,0.000166042,0.000325834,0.009398036999999995,0.019579251000000002,0.032091792,0,False,67fcf0650b563c36,cee9f440aa816274
284d2172f90040c7,random_25,three_corridor,abrupt,24,204,1701,0,2.0,400,141,0.3525,29,0.29,0.19791666666666666,0.19738863287250386,0.19738863287250386,1,6,5,141,88,0.00010875,0.000167459,0.000541542,0.009604164000000005,0.01936870000000002,0.032410458,0,False,c06337396f3865ef,cee9f440aa816274
bd86bcf06acc557c,random_25,three_corridor,abrupt,24,204,2903,0,2.0,400,136,0.34,35,0.35,0.17916666666666667,0.19374039938556067,0.19374039938556067,1,6,6,136,86,0.000107459,0.000169459,0.000650834,0.009468624000000002,0.019774033000000003,0.032780333,0,False,e49cd2a2897a5f78,cee9f440aa816274
f7229a44bd818c72,random_25,three_corridor,abrupt,24,204,4307,0,2.0,400,124,0.31,28,0.28,0.19666666666666666,0.2089093701996928,0.2089093701996928,1,6,6,122,80,0.000109125,0.000167542,0.000639583,0.00870325,0.019556918000000024,0.031754958,0,False,2c7fa90878339baf,cee9f440aa816274
8fc83d730c35b60f,top_10,three_corridor,abrupt,24,204,0,0,2.0,400,132,0.33,35,0.35,0.17875,0.2862903225806452,0.2862903225806452,1,3,3,132,83,0.000109041,0.000167334,0.00032729199999999997,0.009181415999999994,0.019667508999999993,0.032011291,0,False,e5200a9e15d068d3,cee9f440aa816274
a72071a2c6eda2f9,top_25,three_corridor,abrupt,24,204,0,0,2.0,400,123,0.3075,45,0.45,0.16875,0.17050691244239632,0.17050691244239632,1,6,5,123,82,0.000106917,0.000166042,0.000538665,0.008928872999999997,0.019781993999999987,0.032059333,0,False,7316596e481a3bc4,cee9f440aa816274
0b1250cba42c9035,repair_all,three_corridor,abrupt,24,204,0,0,2.0,400,127,0.3175,25,0.25,0.15375,0.0,0.0,1,24,20,127,84,0.000107166,0.000169292,0.002218252,0.009244838000000003,0.019780659999999985,0.034217375,0,False,e4efaad0763fdc2b,cee9f440aa816274
4df1d505689e2e6b,no_update,three_corridor,abrupt,24,205,0,0,2.0,400,123,0.3075,46,0.46,0.1525,0.0,0.0,0,0,0,122,79,0.0,0.0,0.0,0.008750583999999999,0.01990100100000001,0.031104875,0,False,51aee3cb94943f09,16841bdd28418ffb
0a0baab9f35a768a,lazy_0,three_corridor,abrupt,24,205,0,0,2.0,400,107,0.2675,45,0.45,0.165,0.196969696969697,0.196969696969697,1,0,0,106,72,0.00011825,0.000158041,0.0,0.007936913000000002,0.019544443999999994,0.030248084,0,False,84a70d67994763e6,16841bdd28418ffb
62ee501a8416364c,random_10,three_corridor,abrupt,24,205,1701,0,2.0,400,126,0.315,49,0.49,0.16791666666666666,0.14705882352941177,0.14705882352941177,1,3,3,126,79,0.000107166,0.000155584,0.000325,0.008679337999999998,0.019589756999999992,0.031329042,0,False,9e39e438f06a7d6e,16841bdd28418ffb
7f799f85bbf396b8,random_10,three_corridor,abrupt,24,205,2903,0,2.0,400,127,0.3175,46,0.46,0.18125,0.20254010695187166,0.20254010695187166,1,3,3,127,79,0.00067925,0.000157458,0.000322375,0.008620834999999997,0.022303537999999998,0.034576209,0,False,540132533771a504,16841bdd28418ffb
c92c758e77a6bd26,random_10,three_corridor,abrupt,24,205,4307,0,2.0,400,107,0.2675,45,0.45,0.165,0.18360071301247774,0.18360071301247774,1,3,3,106,72,0.0001055,0.000159083,0.00033045899999999996,0.007910663000000004,0.019510506000000004,0.030496125,0,False,84a70d67994763e6,16841bdd28418ffb
aa3a287a415deea6,random_25,three_corridor,abrupt,24,205,1701,0,2.0,400,140,0.35,57,0.57,0.16,0.13480392156862744,0.13480392156862744,1,6,5,140,86,0.00023725,0.00015475,0.000539501,0.009402745000000002,0.01920986800000001,0.032039125,0,False,f1a2a8461b391648,16841bdd28418ffb
ef658631fcda17d7,random_25,three_corridor,abrupt,24,205,2903,0,2.0,400,114,0.285,24,0.24,0.16625,0.20075757575757575,0.20075757575757575,1,6,6,114,74,0.000107416,0.000155459,0.000642,0.008115047,0.019523153999999973,0.031021542,0,False,90ab9f0265b61134,16841bdd28418ffb
b0ffffdad1bf4cb1,random_25,three_corridor,abrupt,24,205,4307,0,2.0,400,107,0.2675,45,0.45,0.165,0.1448306595365419,0.1448306595365419,1,6,6,106,72,0.000105458,0.000153959,0.000644542,0.007851081,0.019444458999999973,0.030686792,0,False,84a70d67994763e6,16841bdd28418ffb
a6f31d3a424ce457,top_10,three_corridor,abrupt,24,205,0,0,2.0,400,122,0.305,34,0.34,0.1725,0.18827985739750447,0.18827985739750447,1,3,3,121,78,0.000115833,0.000155,0.00032300000000000004,0.008563163999999998,0.019612510000000007,0.031238875,0,False,a763f3e058bb0651,16841bdd28418ffb
26ca672e0464ec4b,top_25,three_corridor,abrupt,24,205,0,0,2.0,400,121,0.3025,28,0.28,0.1675,0.21122994652406418,0.21122994652406418,1,6,6,120,79,0.000110041,0.000159709,0.0006529159999999999,0.008714873000000001,0.019595675,0.031793917,0,False,f1439c3aa41cd3b3,16841bdd28418ffb
1f27eed4e369eda4,repair_all,three_corridor,abrupt,24,205,0,0,2.0,400,137,0.3425,53,0.53,0.12125,0.0,0.0,1,24,20,137,85,0.000105875,0.000158792,0.002159582,0.009304750000000002,0.019167162999999977,0.033523917,0,False,1cefc87986c4a2bd,16841bdd28418ffb
d21ff8e18cee30b6,no_update,three_corridor,abrupt,24,206,0,0,2.0,400,94,0.235,29,0.29,0.16083333333333333,0.0,0.0,0,0,0,94,65,0.0,0.0,0.0,0.007072295,0.019490785,0.028994208,0,False,025fdf88448d6601,09e2fc4210499fc2
a5737e6565da4d0a,lazy_0,three_corridor,abrupt,24,206,0,0,2.0,400,138,0.345,45,0.45,0.19166666666666668,0.18611111111111112,0.18611111111111112,1,0,0,138,90,0.000108,0.000196166,0.0,0.009876252,0.019750379000000005,0.032452375,0,False,b0cc937e330d52d0,09e2fc4210499fc2
5addc4e44eef91fc,random_10,three_corridor,abrupt,24,206,1701,0,2.0,400,112,0.28,33,0.33,0.17333333333333334,0.22023809523809523,0.22023809523809523,1,3,3,111,75,0.000105792,0.000187792,0.000326166,0.008235583000000001,0.019543470999999996,0.030957084,0,False,997f8b20dca8b945,09e2fc4210499fc2
cab079dfbeab03ee,random_10,three_corridor,abrupt,24,206,2903,0,2.0,400,121,0.3025,35,0.35,0.18416666666666667,0.1996031746031746,0.1996031746031746,1,3,3,121,80,0.000105584,0.000191125,0.000325,0.008675168000000002,0.019625744000000004,0.031468959,0,False,260dbe849b337390,09e2fc4210499fc2
f9cb6d0995cdc9c4,random_10,three_corridor,abrupt,24,206,4307,0,2.0,400,118,0.295,32,0.32,0.19708333333333333,0.29285714285714287,0.29285714285714287,1,3,3,118,79,0.000104458,0.000188125,0.000326374,0.008572834000000001,0.019559795000000005,0.031262417,0,False,0484b21101a3fd2d,09e2fc4210499fc2
0b18778bb3537bec,random_25,three_corridor,abrupt,24,206,1701,0,2.0,400,132,0.33,37,0.37,0.16416666666666666,0.1746031746031746,0.1746031746031746,1,6,6,132,89,0.000108917,0.000189916,0.000648499,0.009722165,0.019646163000000005,0.0328935,0,False,243b417b91cf97b6,09e2fc4210499fc2
c2b9a9667f27ea5b,random_25,three_corridor,abrupt,24,206,2903,0,2.0,400,111,0.2775,27,0.27,0.15708333333333332,0.35,0.35,1,6,6,110,76,0.000105167,0.000197834,0.000674167,0.008283502,0.019583175999999997,0.0314195,0,False,a73f283873bbb7e4,09e2fc4210499fc2
e6f9efcdab4098d2,random_25,three_corridor,abrupt,24,206,4307,0,2.0,400,117,0.2925,32,0.32,0.18125,0.20773809523809525,0.20773809523809525,1,6,6,117,78,0.000106875,0.000187834,0.0006523340000000001,0.008621205000000002,0.019623173999999997,0.031772583,0,False,a582fa3d6dd615f7,09e2fc4210499fc2
391b2ad705abfcc3,top_10,three_corridor,abrupt,24,206,0,0,2.0,400,118,0.295,22,0.22,0.2,0.3674603174603175,0.3674603174603175,1,3,3,118,80,0.000108708,0.0001875,0.00033783399999999996,0.008760375000000004,0.01993417799999998,0.031822334,0,False,8f593a320ebaca7f,09e2fc4210499fc2
3fff992abb3f2ec8,top_25,three_corridor,abrupt,24,206,0,0,2.0,400,121,0.3025,26,0.26,0.18583333333333332,0.25476190476190474,0.25476190476190474,1,6,6,121,82,0.000106792,0.000186084,0.0006546659999999999,0.008961001000000001,0.019498779,0.031932083,0,False,77d0745cc6b0c0e3,09e2fc4210499fc2
389f90560724d726,repair_all,three_corridor,abrupt,24,206,0,0,2.0,400,157,0.3925,45,0.45,0.14,0.0,0.0,1,24,20,157,96,0.000106042,0.000188708,0.00216237,0.010579959999999998,0.019369189999999998,0.035139916,0,False,a0ecd85a78cf6660,09e2fc4210499fc2
c83e7a795c6321c7,no_update,three_corridor,abrupt,24,207,0,0,2.0,400,99,0.2475,22,0.22,0.15875,0.0,0.0,0,0,0,99,68,0.0,0.0,0.0,0.007402912999999998,0.019266096999999996,0.029065375,0,False,21388542cad77c6c,9a440577b2342fa8
2fbd90c8f12bd1ee,lazy_0,three_corridor,abrupt,24,207,0,0,2.0,400,83,0.2075,18,0.18,0.18458333333333332,0.5902777777777778,0.5902777777777778,1,0,0,83,54,0.0001045,0.000192458,0.0,0.005940708,0.019456927,0.028090625,0,False,bcc66477a9844aaf,9a440577b2342fa8
7f63067d9f78f4af,random_10,three_corridor,abrupt,24,207,1701,0,2.0,400,118,0.295,35,0.35,0.16375,0.2484809027777778,0.2484809027777778,1,3,3,118,74,0.000102208,0.000190834,0.000328667,0.008070323000000003,0.01951740999999999,0.030673417,0,False,c136bfcd84d7ab0c,9a440577b2342fa8
86cd5317116cffe8,random_10,three_corridor,abrupt,24,207,2903,0,2.0,400,134,0.335,41,0.41,0.16333333333333333,0.2701822916666667,0.2701822916666667,1,3,3,134,82,0.000109667,0.00019125,0.000325209,0.008976371000000002,0.01977886900000001,0.031875791,0,False,a51de0c2e5b994f3,9a440577b2342fa8
0945f62870d68b4f,random_10,three_corridor,abrupt,24,207,4307,0,2.0,400,106,0.265,31,0.31,0.17291666666666666,0.2530381944444445,0.2530381944444445,1,3,3,106,67,0.000112917,0.000191667,0.000341124,0.007345421999999995,0.019669334999999996,0.030174209,0,False,03dafe3d02b44375,9a440577b2342fa8
37703d6bff5912a1,random_25,three_corridor,abrupt,24,207,1701,0,2.0,400,117,0.2925,30,0.3,0.1775,0.20789930555555555,0.20789930555555555,1,6,6,117,75,0.000261458,0.000191916,0.000654958,0.008203289,0.019829252000000023,0.031637167,0,False,e9d9becab19ad064,9a440577b2342fa8
9a1b4bdadab80d86,random_25,three_corridor,abrupt,24,207,2903,0,2.0,400,100,0.25,22,0.22,0.17458333333333334,0.4157986111111111,0.4157986111111111,1,6,6,100,66,0.00010975,0.000191917,0.000656916,0.007290246999999998,0.019597707000000006,0.030364083,0,False,61c7335563ccb6e0,9a440577b2342fa8
c095aa16f479d577,random_25,three_corridor,abrupt,24,207,4307,0,2.0,400,124,0.31,39,0.39,0.15291666666666667,0.19813368055555555,0.19813368055555555,1,6,5,123,76,0.000106041,0.000196792,0.000555916,0.008379459000000002,0.019541672000000003,0.031306125,0,False,6c60e00d6288cdfa,9a440577b2342fa8
2a9eea7aa9bc7660,top_10,three_corridor,abrupt,24,207,0,0,2.0,400,102,0.255,28,0.28,0.15541666666666668,0.40776909722222227,0.40776909722222227,1,3,3,102,68,0.000105208,0.000201333,0.000326167,0.007479042000000003,0.019862337000000004,0.030456916,0,False,b4fb3e6bccc80604,9a440577b2342fa8
f1d88cdbaa154064,top_25,three_corridor,abrupt,24,207,0,0,2.0,400,145,0.3625,53,0.53,0.16333333333333333,0.17274305555555555,0.17274305555555555,1,6,6,144,85,0.000112,0.000191041,0.0006460829999999999,0.009308457999999999,0.019680957000000002,0.032448625,0,False,abb0e660b50fabe8,9a440577b2342fa8
e327cd0c6b684987,repair_all,three_corridor,abrupt,24,207,0,0,2.0,400,92,0.23,18,0.18,0.15833333333333333,0.0,0.0,1,24,21,90,58,0.00012925,0.000196834,0.002257002,0.006360039000000001,0.019268545999999994,0.030910209,0,False,e916ef356d9cd767,9a440577b2342fa8
7512f12fb9a40e12,no_update,three_corridor,abrupt,24,208,0,0,2.0,400,125,0.3125,32,0.32,0.14666666666666667,0.0,0.0,0,0,0,124,82,0.0,0.0,0.0,0.008918417999999997,0.019424259999999974,0.030885792,0,False,699e6e7e56f4825e,5e2688c5162899ad
de9a7b68eeff7c1c,lazy_0,three_corridor,abrupt,24,208,0,0,2.0,400,126,0.315,46,0.46,0.16958333333333334,0.17794342507645258,0.17794342507645258,1,0,0,126,79,0.000112791,0.000171666,0.0,0.008637829999999999,0.019740296,0.031191917,0,False,c3118dc169b902b2,5e2688c5162899ad
9ba03e990dbba840,random_10,three_corridor,abrupt,24,208,1701,0,2.0,400,121,0.3025,41,0.41,0.16625,0.2656727828746177,0.2656727828746177,1,3,3,121,76,0.000106417,0.000173875,0.00032312499999999995,0.008390625,0.019532286000000013,0.031096208,0,False,f97b92fe194e62f9,5e2688c5162899ad
84ed80d262276a4c,random_10,three_corridor,abrupt,24,208,2903,0,2.0,400,115,0.2875,20,0.2,0.20291666666666666,0.3209097859327217,0.3209097859327217,1,3,3,113,76,0.00010475,0.000170375,0.00033720800000000003,0.008263915999999998,0.019416036999999994,0.0309385,0,False,b66f71f4b1f9aa17,5e2688c5162899ad
63fafaea94c3ee8a,random_10,three_corridor,abrupt,24,208,4307,0,2.0,400,114,0.285,30,0.3,0.17125,0.23757645259938837,0.23757645259938837,1,3,3,114,78,0.000108291,0.000170708,0.000327584,0.008553035,0.019599666000000005,0.031278833,0,False,b4f80c8bf06d026e,5e2688c5162899ad
7cdbd3c93b80b457,random_25,three_corridor,abrupt,24,208,1701,0,2.0,400,141,0.3525,46,0.46,0.14541666666666667,0.13149847094801223,0.13149847094801223,1,6,5,141,90,0.000105459,0.00017375,0.000540123,0.009943876999999999,0.020213214000000004,0.033588584,0,False,87dda4b86e396273,5e2688c5162899ad
9ef8e51c21c249a2,random_25,three_corridor,abrupt,24,208,2903,0,2.0,400,102,0.255,31,0.31,0.18833333333333332,0.2723623853211009,0.2723623853211009,1,6,5,102,67,0.000116208,0.000176291,0.000549042,0.007352288999999998,0.019708696,0.03047125,0,False,7b54b0aa2499633b,5e2688c5162899ad
c2f20d0719c39fcf,random_25,three_corridor,abrupt,24,208,4307,0,2.0,400,142,0.355,36,0.36,0.17416666666666666,0.18960244648318045,0.18960244648318045,1,6,5,142,90,0.000108584,0.000173291,0.0005445000000000001,0.009784744,0.019756314999999976,0.032955125,0,False,6c773838598f2dd0,5e2688c5162899ad
b223f5164c32d274,top_10,three_corridor,abrupt,24,208,0,0,2.0,400,138,0.345,38,0.38,0.15041666666666667,0.21234709480122324,0.21234709480122324,1,3,3,138,89,0.000107125,0.000171209,0.000319875,0.009708453999999998,0.01963582999999999,0.032510833,0,False,fa852ed3308554e1,5e2688c5162899ad
b64ff30c98fa0761,top_25,three_corridor,abrupt,24,208,0,0,2.0,400,140,0.35,44,0.44,0.16583333333333333,0.18520642201834864,0.18520642201834864,1,6,5,139,86,0.000107667,0.000176167,0.000533666,0.009409041999999998,0.019781038999999993,0.032598209,0,False,af5d4b0ffd7b7393,5e2688c5162899ad
8d69679895611e6c,repair_all,three_corridor,abrupt,24,208,0,0,2.0,400,97,0.2425,29,0.29,0.1475,0.0,0.0,1,24,18,97,69,0.000107042,0.000172208,0.001932706,0.007586785999999999,0.018973839999999995,0.031435959,0,False,a60228340fb8a8d5,5e2688c5162899ad
6b034541744d31b6,no_update,three_corridor,abrupt,24,209,0,0,2.0,400,151,0.3775,52,0.52,0.17125,0.0,0.0,0,0,0,151,88,0.0,0.0,0.0,0.009584295,0.019904899000000007,0.031958917,0,False,c42144a1f574f5f1,9459a6d1a68e054b
c3a56c79ef8313f1,lazy_0,three_corridor,abrupt,24,209,0,0,2.0,400,125,0.3125,25,0.25,0.18291666666666667,0.4474009900990099,0.4474009900990099,1,0,0,125,74,0.000165959,0.000229084,0.0,0.047427380000000005,0.07953746799999999,0.134659834,0,False,350f5e14e8db539d,9459a6d1a68e054b
3f9fd8c837be86f9,random_10,three_corridor,abrupt,24,209,1701,0,2.0,400,157,0.3925,43,0.43,0.17333333333333334,0.2784653465346535,0.2784653465346535,1,3,3,157,94,0.000354125,0.000559625,0.0009292090000000001,0.02037774500000001,0.046080313000000005,0.076503834,0,False,5f9707094a57e841,9459a6d1a68e054b
66558c1a1797a756,random_10,three_corridor,abrupt,24,209,2903,0,2.0,400,137,0.3425,32,0.32,0.1725,0.2009075907590759,0.2009075907590759,1,3,3,136,80,0.00014975,0.000207292,0.000341042,0.022159706,0.04356592400000001,0.071903459,0,False,3b238dcbc09dc2e2,9459a6d1a68e054b
6fc20ee8ba8875cc,random_10,three_corridor,abrupt,24,209,4307,0,2.0,400,144,0.36,47,0.47,0.16666666666666666,0.2332920792079208,0.2332920792079208,1,3,3,144,83,0.000317667,0.000523708,0.000790542,0.028813296,0.044983254000000035,0.081330875,0,False,f5e52c1e595b8932,9459a6d1a68e054b
fd9087081b772fb3,random_25,three_corridor,abrupt,24,209,1701,0,2.0,400,141,0.3525,34,0.34,0.1575,0.23906765676567657,0.23906765676567657,1,6,5,141,84,0.000304,0.000513666,0.001695167,0.024410834999999995,0.05817692100000001,0.090843958,0,False,864d2d775ba84db5,9459a6d1a68e054b
53ee64bd3eb32ec0,random_25,three_corridor,abrupt,24,209,2903,0,2.0,400,148,0.37,37,0.37,0.17791666666666667,0.16192244224422445,0.16192244224422445,1,6,6,147,86,0.000142292,0.000203917,0.0006555840000000001,0.012833000000000004,0.027913328000000032,0.04472225,0,False,5f79578b1f155260,9459a6d1a68e054b
53545d9d4a1d634b,random_25,three_corridor,abrupt,24,209,4307,0,2.0,400,120,0.3,31,0.31,0.15916666666666668,0.26650165016501653,0.26650165016501653,1,6,6,120,71,0.000118083,0.000175541,0.0006447509999999999,0.007820286000000001,0.019670465999999998,0.030976583,0,False,9463de102d5902ad,9459a6d1a68e054b
9ff87c7fab6e5e55,top_10,three_corridor,abrupt,24,209,0,0,2.0,400,143,0.3575,32,0.32,0.1625,0.2986798679867987,0.2986798679867987,1,3,3,143,86,0.000111458,0.000180334,0.00032375100000000005,0.009407958000000001,0.020066201999999998,0.032619209,0,False,8e0e2361a6d7a5a0,9459a6d1a68e054b
a4d86a91854fa06e,top_25,three_corridor,abrupt,24,209,0,0,2.0,400,117,0.2925,21,0.21,0.15791666666666668,0.3921204620462046,0.3921204620462046,1,6,6,117,70,0.000114708,0.000182459,0.000670793,0.007706083,0.019852176999999988,0.031046917,0,False,8d9e093acf16a3cb,9459a6d1a68e054b
6091e7914629f680,repair_all,three_corridor,abrupt,24,209,0,0,2.0,400,140,0.35,37,0.37,0.15041666666666667,0.0,0.0,1,24,22,140,86,0.000114625,0.0001875,0.002366211,0.009443700000000001,0.019739715000000005,0.034559583,0,False,d2a20f064cdaccd6,9459a6d1a68e054b
4b11c7e164211bee,no_update,three_corridor,abrupt,24,210,0,0,2.0,400,123,0.3075,43,0.43,0.14833333333333334,0.0,0.0,0,0,0,123,77,0.0,0.0,0.0,0.008457625999999998,0.019351992999999984,0.030295833,0,False,6d6a33e3897c638e,6844c9446874c975
9e88524009c26d20,lazy_0,three_corridor,abrupt,24,210,0,0,2.0,400,139,0.3475,45,0.45,0.17416666666666666,0.22052845528455287,0.22052845528455287,1,0,0,139,85,0.000112,0.000184542,0.0,0.00929038,0.01978616200000001,0.031894708,0,False,0d0fb86ba4354d6a,6844c9446874c975
600df81db5969de3,random_10,three_corridor,abrupt,24,210,1701,0,2.0,400,109,0.2725,31,0.31,0.17875,0.22682926829268293,0.22682926829268293,1,3,3,108,70,0.00010875,0.000187458,0.000338541,0.007750460000000001,0.020065592999999993,0.03096975,0,False,7671db060399df87,6844c9446874c975
0bea3dc22a195299,random_10,three_corridor,abrupt,24,210,2903,0,2.0,400,119,0.2975,39,0.39,0.16958333333333334,0.23882113821138212,0.23882113821138212,1,3,3,119,79,0.000110542,0.000187667,0.00032795899999999995,0.008688380000000002,0.019681802000000005,0.031530209,0,False,c884782ce75f4d3e,6844c9446874c975
bd81aae626a3110a,random_10,three_corridor,abrupt,24,210,4307,0,2.0,400,106,0.265,33,0.33,0.16916666666666666,0.26138211382113824,0.26138211382113824,1,3,2,106,68,0.000118958,0.000186917,0.000221626,0.007452251000000002,0.019468411000000005,0.029938916,0,False,fa6d0f707d5dbb1b,6844c9446874c975
ffec202aee4f3a08,random_25,three_corridor,abrupt,24,210,1701,0,2.0,400,121,0.3025,37,0.37,0.1475,0.1796747967479675,0.1796747967479675,1,6,6,120,77,0.000116458,0.000190209,0.0006629979999999999,0.008534000000000002,0.020224378999999997,0.032263333,0,False,2d0493f99d8c7691,6844c9446874c975
9d3d585f23337831,random_25,three_corridor,abrupt,24,210,2903,0,2.0,400,137,0.3425,43,0.43,0.1475,0.11727642276422764,0.11727642276422764,1,6,6,137,85,0.000111875,0.000183125,0.0006440419999999999,0.009307792999999996,0.019567209999999998,0.0324465,0,False,dae60e88934f17e3,6844c9446874c975
def36a35a092bcc1,random_25,three_corridor,abrupt,24,210,4307,0,2.0,400,122,0.305,36,0.36,0.15041666666666667,0.19186991869918701,0.19186991869918701,1,6,3,122,78,0.00010525,0.000184333,0.000327417,0.008568293999999999,0.019769756999999985,0.031505375,0,False,4a3e8d5624ffbb4d,6844c9446874c975
14d4d494e9ac2b65,top_10,three_corridor,abrupt,24,210,0,0,2.0,400,94,0.235,27,0.27,0.15291666666666667,0.37093495934959353,0.37093495934959353,1,3,3,94,57,0.000115584,0.000184209,0.0003245,0.006263585999999999,0.019517048999999984,0.028849833,0,False,6631b134b56b54ed,6844c9446874c975
349b71e55f0ca96b,top_25,three_corridor,abrupt,24,210,0,0,2.0,400,115,0.2875,33,0.33,0.14416666666666667,0.24044715447154472,0.24044715447154472,1,6,6,113,75,0.000108792,0.000183042,0.000655,0.008283669999999998,0.019673757999999996,0.031419208,0,False,2b4c5c4e450d6fa6,6844c9446874c975
02380c32da84e3d0,repair_all,three_corridor,abrupt,24,210,0,0,2.0,400,121,0.3025,44,0.44,0.15583333333333332,0.0,0.0,1,24,19,121,75,0.000120542,0.00018375,0.0020533330000000005,0.008269374000000001,0.019509993999999996,0.032771625,0,False,0b0df18307a9f41d,6844c9446874c975
d88d9afcb38095f5,no_update,three_corridor,abrupt,24,211,0,0,2.0,400,143,0.3575,52,0.52,0.13166666666666665,0.0,0.0,0,0,0,143,83,0.0,0.0,0.0,0.009139118000000005,0.019496794999999997,0.031193875,0,False,fcbb06027ba878a9,3fba60b0d3b1eaca
81ef5a5ec735ca3b,lazy_0,three_corridor,abrupt,24,211,0,0,2.0,400,107,0.2675,26,0.26,0.17416666666666666,0.3323688271604939,0.3323688271604939,1,0,0,107,67,0.0001075,0.000180542,0.0,0.007305244,0.019394782999999995,0.029470166,0,False,a94f52d206eab0df,3fba60b0d3b1eaca
734b504e1955cffd,random_10,three_corridor,abrupt,24,211,1701,0,2.0,400,143,0.3575,36,0.36,0.15583333333333332,0.2337962962962963,0.2337962962962963,1,3,3,143,86,0.000114916,0.000169875,0.000333209,0.009495963000000001,0.020145820000000012,0.0328265,0,False,2fb333926a9b9413,3fba60b0d3b1eaca
58fbdc959ba70525,random_10,three_corridor,abrupt,24,211,2903,0,2.0,400,130,0.325,28,0.28,0.17458333333333334,0.2847222222222222,0.2847222222222222,1,3,3,130,82,0.000234709,0.000175125,0.000320333,0.008934584999999997,0.02275891700000001,0.035048875,0,False,6cb642512066d51c,3fba60b0d3b1eaca
77313f187ed2809b,random_10,three_corridor,abrupt,24,211,4307,0,2.0,400,114,0.285,27,0.27,0.155,0.30844907407407407,0.30844907407407407,1,3,1,114,72,0.000116792,0.000170792,0.000109083,0.007842668,0.019556379999999998,0.03030275,0,False,7a2cd9ab60b03eff,3fba60b0d3b1eaca
ef446f10f91fb855,random_25,three_corridor,abrupt,24,211,1701,0,2.0,400,117,0.2925,29,0.29,0.17958333333333334,0.2804783950617284,0.2804783950617284,1,6,6,117,72,0.00010775,0.000170125,0.000641333,0.00784021,0.019637238000000005,0.030926959,0,False,dea47d5b8818b29f,3fba60b0d3b1eaca
cc679659623e450d,random_25,three_corridor,abrupt,24,211,2903,0,2.0,400,124,0.31,36,0.36,0.15,0.21122685185185186,0.21122685185185186,1,6,6,123,75,0.000105125,0.000171542,0.000709791,0.008216293000000001,0.019478507000000006,0.031265125,0,False,41bcc7d910725418,3fba60b0d3b1eaca
81f8bcaf69ea9a1a,random_25,three_corridor,abrupt,24,211,4307,0,2.0,400,109,0.2725,19,0.19,0.15916666666666668,0.331983024691358,0.331983024691358,1,6,4,109,65,0.000105916,0.000169416,0.000431126,0.007107874000000002,0.01928991800000002,0.029593417,0,False,e3c6093a448a805a,3fba60b0d3b1eaca
9e7e7bc8b72b3e60,top_10,three_corridor,abrupt,24,211,0,0,2.0,400,122,0.305,26,0.26,0.16208333333333333,0.3447145061728395,0.3447145061728395,1,3,3,122,74,0.0001055,0.000169792,0.00032174899999999997,0.008114122000000001,0.019520697000000004,0.030724541,0,False,5deccdf3b438e7df,3fba60b0d3b1eaca
7e73bce80c8afd0b,top_25,three_corridor,abrupt,24,211,0,0,2.0,400,119,0.2975,31,0.31,0.17291666666666666,0.28684413580246915,0.28684413580246915,1,6,6,119,73,0.000104375,0.000169458,0.000650626,0.007928082,0.019791177,0.031196916,0,False,f3797dbae39a5a75,3fba60b0d3b1eaca
b76387a057cdeda3,repair_all,three_corridor,abrupt,24,211,0,0,2.0,400,147,0.3675,30,0.3,0.14333333333333334,0.0,0.0,1,24,21,146,82,0.000104,0.000167583,0.0022518320000000005,0.008972876000000001,0.019303802000000002,0.03350175,0,False,caddcecc50fe4f50,3fba60b0d3b1eaca
b3cce1d23055dd39,no_update,three_corridor,recurring,24,200,0,0,2.0,400,100,0.25,30,0.3,0.17458333333333334,0.0,0.0,0,0,0,100,59,0.0,0.0,0.0,0.0064695440000000016,0.019268326999999984,0.028277875,0,False,9e9cc38634202e82,cd836674c6c49f8d
720e61754ce01c5d,lazy_0,three_corridor,recurring,24,200,0,0,2.0,400,103,0.2575,29,0.29,0.15208333333333332,0.47462406015037595,0.5455827067669173,2,0,0,102,77,0.000210584,0.00036925,0.0,0.008396378,0.01930240300000001,0.030861458,0,False,919e48298799d3ae,cd836674c6c49f8d
8b801e62090055da,random_10,three_corridor,recurring,24,200,1701,0,2.0,400,117,0.2925,25,0.25,0.17,0.37453007518796994,0.3919172932330827,2,6,6,117,89,0.000214375,0.000336666,0.000653832,0.009773744000000001,0.020019000000000006,0.033653959,0,False,e6bfe48772c35e0a,cd836674c6c49f8d
a79cd3d2940c1986,random_10,three_corridor,recurring,24,200,2903,0,2.0,400,87,0.2175,24,0.24,0.17375,0.5980576441102757,0.6771616541353384,2,6,6,86,67,0.000210084,0.000366874,0.0006503749999999999,0.007349331999999999,0.01942586200000001,0.030595792,0,False,ee7ac9cc37f73167,cd836674c6c49f8d
0994e7612eb53ca9,random_10,three_corridor,recurring,24,200,4307,0,2.0,400,90,0.225,23,0.23,0.19625,0.4149436090225564,0.4483082706766917,2,6,5,90,68,0.00021125,0.000362291,0.0005491669999999999,0.007465454000000001,0.019285205999999996,0.030520292,0,False,715f014ed2faa766,cd836674c6c49f8d
ee41ea8bd6726da2,random_25,three_corridor,recurring,24,200,1701,0,2.0,400,95,0.2375,29,0.29,0.165,0.3325501253132832,0.3480576441102757,2,12,12,95,72,0.000222332,0.000371333,0.0013103350000000001,0.007888295,0.019556165999999996,0.032009791,0,False,0c846cc33d29665b,cd836674c6c49f8d
b2c9aed28feb89b9,random_25,three_corridor,recurring,24,200,2903,0,2.0,400,101,0.2525,21,0.21,0.17875,0.43029448621553884,0.4575501253132832,2,12,12,101,80,0.000360125,0.00033845900000000005,0.001293418,0.008744413999999999,0.019438482999999993,0.032853875,0,False,be0a9e27c45f6aeb,cd836674c6c49f8d
c7792ed1dc902d3c,random_25,three_corridor,recurring,24,200,4307,0,2.0,400,150,0.375,50,0.5,0.17208333333333334,0.1741854636591479,0.1741854636591479,2,12,9,149,106,0.000213625,0.000371499,0.000981415,0.011633249999999996,0.019692976,0.0356625,0,False,4c001f69251cccb3,cd836674c6c49f8d
94aba8e933b5b934,top_10,three_corridor,recurring,24,200,0,0,2.0,400,101,0.2525,15,0.15,0.17875,0.39974937343358397,0.44439223057644106,2,6,5,100,76,0.0002085,0.000325999,0.000538125,0.008316415,0.019386461999999983,0.03141025,0,False,9bad618a8f618d57,cd836674c6c49f8d
e61804b3797dc717,top_25,three_corridor,recurring,24,200,0,0,2.0,400,132,0.33,37,0.37,0.15791666666666668,0.2886904761904762,0.30106516290726815,2,12,11,132,96,0.000210584,0.00034987500000000003,0.0012042910000000001,0.010463047999999999,0.019594041999999975,0.03453675,0,False,68214550a5e69e7f,cd836674c6c49f8d
ae49f6df16696e76,repair_all,three_corridor,recurring,24,200,0,0,2.0,400,101,0.2525,30,0.3,0.13291666666666666,0.0,0.0,2,48,39,101,75,0.00020516700000000002,0.000323459,0.004200914,0.00824012,0.019751253999999992,0.035606042,0,False,156f41e0a3243d6c,cd836674c6c49f8d
b4fc0a3bd3cb0ef6,no_update,three_corridor,recurring,24,201,0,0,2.0,400,150,0.375,39,0.39,0.14416666666666667,0.0,0.0,0,0,0,149,91,0.0,0.0,0.0,0.009853000999999995,0.019286831,0.031759375,0,False,0d0ce8cbd1bc5263,de45d5b04d4f22a8
154d054410597368,lazy_0,three_corridor,recurring,24,201,0,0,2.0,400,141,0.3525,38,0.38,0.16291666666666665,0.31518583042973286,0.3519163763066202,2,0,0,140,110,0.00021179100000000002,0.00030841699999999996,0.0,0.012085167999999997,0.019687081000000013,0.034978625,0,False,d4523b4819129766,de45d5b04d4f22a8
06f54008a8d632e4,random_10,three_corridor,recurring,24,201,1701,0,2.0,400,141,0.3525,38,0.38,0.16291666666666665,0.27918118466898956,0.28731126596980255,2,6,6,140,110,0.000217834,0.000305292,0.000648791,0.011969872999999995,0.019764839000000013,0.035648292,0,False,d4523b4819129766,de45d5b04d4f22a8
e83fa036beb82c76,random_10,three_corridor,recurring,24,201,2903,0,2.0,400,151,0.3775,53,0.53,0.15875,0.23185249709639955,0.23185249709639955,2,6,6,151,109,0.000212875,0.00034045799999999997,0.0006524580000000001,0.011927,0.019840088999999977,0.035720208,0,False,cbde91ac145805d0,de45d5b04d4f22a8
e618a79c850b6782,random_10,three_corridor,recurring,24,201,4307,0,2.0,400,141,0.3525,33,0.33,0.19166666666666668,0.26814750290360045,0.26814750290360045,2,6,6,141,105,0.000213125,0.00033725,0.000646793,0.011502992000000005,0.019872289000000005,0.035282417,0,False,f421370ca155f838,de45d5b04d4f22a8
82ee7624d802561b,random_25,three_corridor,recurring,24,201,1701,0,2.0,400,124,0.31,47,0.47,0.17583333333333334,0.33376887340301975,0.33376887340301975,2,12,10,124,96,0.00021258399999999998,0.00032491599999999996,0.0010927900000000002,0.010503749,0.020028744000000015,0.034964584,0,False,ead2be77a741ce9a,de45d5b04d4f22a8
6d1062207dfdf0e9,random_25,three_corridor,recurring,24,201,2903,0,2.0,400,146,0.365,44,0.44,0.15708333333333332,0.20121951219512196,0.20121951219512196,2,12,12,146,113,0.000221292,0.000344209,0.001300249,0.012356501999999993,0.01995308500000001,0.036956833,0,False,24e7c9661e6a1c15,de45d5b04d4f22a8
e84f3ad78715a214,random_25,three_corridor,recurring,24,201,4307,0,2.0,400,156,0.39,33,0.33,0.19166666666666668,0.2311265969802555,0.2311265969802555,2,12,11,156,115,0.000213625,0.000339583,0.001235,0.012491872000000003,0.019999367999999983,0.037019042,0,False,24f81961684aaeff,de45d5b04d4f22a8
763c493aff86225a,top_10,three_corridor,recurring,24,201,0,0,2.0,400,134,0.335,30,0.3,0.1725,0.32273519163763065,0.3433507549361208,2,6,6,133,100,0.000228834,0.000330375,0.00065721,0.011140537999999995,0.020124286999999998,0.035325833,0,False,84c8086651244314,de45d5b04d4f22a8
b5389d344bbe11a6,top_25,three_corridor,recurring,24,201,0,0,2.0,400,116,0.29,30,0.3,0.1725,0.36846689895470386,0.3980836236933798,2,12,12,115,89,0.000264583,0.000338166,0.0013511259999999998,0.009988543000000004,0.020131414999999993,0.0350265,0,False,4814d5ac32e907f1,de45d5b04d4f22a8
406c220ef195c679,repair_all,three_corridor,recurring,24,201,0,0,2.0,400,123,0.3075,25,0.25,0.155,0.0,0.0,2,47,40,123,97,0.000408541,0.000323333,0.004384542,0.010835003000000001,0.020636512000000017,0.039635458,0,False,74055d1969dee591,de45d5b04d4f22a8
15d569ad37bb75c6,no_update,three_corridor,recurring,24,202,0,0,2.0,400,125,0.3125,25,0.25,0.14791666666666667,0.0,0.0,0,0,0,123,63,0.0,0.0,0.0,0.006942244999999999,0.019502285000000015,0.029006625,0,False,7ae6b64081bda8f7,61ddfd576f05a3de
c453c5812c08aaa0,lazy_0,three_corridor,recurring,24,202,0,0,2.0,400,104,0.26,30,0.3,0.16291666666666665,0.5210727969348659,0.5842911877394636,2,0,0,104,78,0.000214958,0.00039095899999999997,0.0,0.008565411000000002,0.019533920000000014,0.031284291,0,False,2d61e542fc6e4fe9,61ddfd576f05a3de
0ebc861b7229eb0f,random_10,three_corridor,recurring,24,202,1701,0,2.0,400,130,0.325,49,0.49,0.17958333333333334,0.33269476372924645,0.341794380587484,2,6,5,130,93,0.000228791,0.000389125,0.000559626,0.010084956,0.01972941500000001,0.033645709,0,False,564d71e3f728b3a4,61ddfd576f05a3de
d73e4161f9d7b8bc,random_10,three_corridor,recurring,24,202,2903,0,2.0,400,100,0.25,40,0.4,0.15416666666666667,0.4725415070242656,0.49058109833971897,2,6,5,100,69,0.000359833,0.000375625,0.000558583,0.007538581000000001,0.019193576000000018,0.030613083,0,False,d776285d8f1165c7,61ddfd576f05a3de
4f470ca8dbde0f4e,random_10,three_corridor,recurring,24,202,4307,0,2.0,400,121,0.3025,21,0.21,0.17916666666666667,0.35727969348659006,0.37563856960408687,2,6,6,121,85,0.000220583,0.00037954199999999997,0.0006635,0.009323037000000001,0.019547841000000014,0.032799,0,False,6fcb1e6ada454ec8,61ddfd576f05a3de
4de75a0347b13976,random_25,three_corridor,recurring,24,202,1701,0,2.0,400,129,0.3225,35,0.35,0.17166666666666666,0.3200830140485313,0.32407407407407407,2,12,12,129,86,0.000208749,0.00036050000000000003,0.001315249,0.009359916,0.019640163000000016,0.033590166,0,False,aca3b9b3e9f99aff,61ddfd576f05a3de
14058d64a77dfaba,random_25,three_corridor,recurring,24,202,2903,0,2.0,400,112,0.28,37,0.37,0.17333333333333334,0.38378033205619416,0.4351851851851852,2,12,12,110,82,0.000243501,0.000388458,0.0013284999999999998,0.009180999,0.020169454999999996,0.034098625,0,False,6435ff66d1936de9,61ddfd576f05a3de
6dd5882dced4759f,random_25,three_corridor,recurring,24,202,4307,0,2.0,400,99,0.2475,36,0.36,0.20333333333333334,0.43231162196679435,0.4508301404853129,2,12,11,99,74,0.000218666,0.00038495900000000004,0.001206168,0.008088868000000004,0.020251841999999992,0.032846458,0,False,7d4e2cd67bd335de,61ddfd576f05a3de
bc8d465001e8f85a,top_10,three_corridor,recurring,24,202,0,0,2.0,400,91,0.2275,30,0.3,0.16291666666666665,0.51772030651341,0.5589080459770115,2,6,6,91,68,0.000232208,0.000391583,0.0006635409999999999,0.0074701249999999985,0.019434512999999997,0.030799583,0,False,3afd589af8b3f79f,61ddfd576f05a3de
b29e71ac69423d93,top_25,three_corridor,recurring,24,202,0,0,2.0,400,118,0.295,47,0.47,0.16083333333333333,0.39383780332056195,0.3975095785440613,2,12,12,118,84,0.000213209,0.000354958,0.0012934580000000002,0.009181419000000003,0.01953215900000001,0.033254459,0,False,fb28ff48b76decc7,61ddfd576f05a3de
1624d93941d60157,repair_all,three_corridor,recurring,24,202,0,0,2.0,400,154,0.385,63,0.63,0.1475,0.0,0.0,2,47,42,153,106,0.000211209,0.000345625,0.004587126,0.011570082000000002,0.019764407999999976,0.039521,0,False,3a6a310791ccc5b6,61ddfd576f05a3de
688f0a86212e076b,no_update,three_corridor,recurring,24,203,0,0,2.0,400,157,0.3925,50,0.5,0.15083333333333335,0.0,0.0,0,0,0,157,91,0.0,0.0,0.0,0.009910459999999996,0.019660136999999984,0.03216225,0,False,61a99cdc5e5a2a9e,e7a7fe7ac92cf75b
25d698b440923837,lazy_0,three_corridor,recurring,24,203,0,0,2.0,400,118,0.295,33,0.33,0.1725,0.41650883838383834,0.4365530303030303,2,0,0,118,86,0.000212708,0.000344667,0.0,0.009389832000000002,0.01961758099999998,0.032216708,0,False,e320193201aae6d8,e7a7fe7ac92cf75b
de939554357a75fd,random_10,three_corridor,recurring,24,203,1701,0,2.0,400,151,0.3775,40,0.4,0.15083333333333335,0.2515782828282829,0.2515782828282829,2,6,6,151,106,0.000210625,0.00035733300000000004,0.0006546239999999999,0.011600832999999998,0.020098598999999964,0.035636209,0,False,9b48685456af559f,e7a7fe7ac92cf75b
3b6bbf777d4d4477,random_10,three_corridor,recurring,24,203,2903,0,2.0,400,128,0.32,41,0.41,0.15208333333333332,0.390625,0.40767045454545453,2,6,6,128,93,0.000246126,0.000375249,0.000671208,0.010428166999999997,0.02042412900000001,0.034926792,0,False,f6430ced5c83a6fb,e7a7fe7ac92cf75b
6ff5eebb219c2ca6,random_10,three_corridor,recurring,24,203,4307,0,2.0,400,137,0.3425,30,0.3,0.18083333333333335,0.29640151515151514,0.30634469696969696,2,6,6,136,97,0.000229375,0.000352041,0.000652626,0.010677335,0.02056152500000001,0.035219542,0,False,9c618778c2d8e36b,e7a7fe7ac92cf75b
fec0db06cb0681f2,random_25,three_corridor,recurring,24,203,1701,0,2.0,400,113,0.2825,35,0.35,0.15583333333333332,0.28535353535353536,0.28551136363636365,2,12,12,112,84,0.00021791699999999998,0.00032933400000000003,0.001301625,0.009208583,0.019805818000000006,0.033619,0,False,58392829a45378c0,e7a7fe7ac92cf75b
698de92fb23df6fd,random_25,three_corridor,recurring,24,203,2903,0,2.0,400,127,0.3175,37,0.37,0.18208333333333335,0.33933080808080807,0.3574810606060606,2,12,12,127,95,0.000234,0.00037604100000000003,0.001318958,0.010446213000000001,0.019789163,0.034896292,0,False,6961cc6f1f3d553d,e7a7fe7ac92cf75b
d910aeacd046ba3f,random_25,three_corridor,recurring,24,203,4307,0,2.0,400,122,0.305,35,0.35,0.16916666666666666,0.364425505050505,0.36852904040404044,2,12,12,121,93,0.000223,0.000382917,0.001320875,0.010259080999999998,0.020250953000000006,0.035164167,0,False,aa147633303b5fef,e7a7fe7ac92cf75b
b7d0bb338a1e218c,top_10,three_corridor,recurring,24,203,0,0,2.0,400,128,0.32,30,0.3,0.17833333333333334,0.4720643939393939,0.49857954545454547,2,6,6,127,96,0.000216625,0.000353459,0.000651585,0.010574162999999994,0.01976194400000001,0.0342705,0,False,407832f77070ce00,e7a7fe7ac92cf75b
971b12628dde655f,top_25,three_corridor,recurring,24,203,0,0,2.0,400,139,0.3475,45,0.45,0.16208333333333333,0.34438131313131315,0.34438131313131315,2,12,11,139,100,0.000221458,0.00035025,0.001203666,0.01098642,0.01972674800000002,0.035208958,0,False,63d50e98f8ca406a,e7a7fe7ac92cf75b
3900b802b9e2d5bd,repair_all,three_corridor,recurring,24,203,0,0,2.0,400,136,0.34,41,0.41,0.12916666666666668,0.0,0.0,2,48,44,135,97,0.000214542,0.00032162499999999997,0.004884581000000001,0.010592034000000002,0.019415117000000003,0.038445375,0,False,6e8e21a79baf7914,e7a7fe7ac92cf75b
4fc42806b778f550,no_update,three_corridor,recurring,24,204,0,0,2.0,400,78,0.195,32,0.32,0.14833333333333334,0.0,0.0,0,0,0,78,50,0.0,0.0,0.0,0.005467588999999999,0.018893528999999996,0.026895334,0,False,6656ffe2e1d13ac8,dc0bfa0b2ad79aec
65a3c712f6188c24,lazy_0,three_corridor,recurring,24,204,0,0,2.0,400,134,0.335,25,0.25,0.18,0.32623456790123456,0.34012345679012346,2,0,0,134,96,0.000358667,0.000314958,0.0,0.010530168000000003,0.019387572000000002,0.033227083,0,False,9b8eba8ddbef81a6,dc0bfa0b2ad79aec
ef6cf30b0320a5a4,random_10,three_corridor,recurring,24,204,1701,0,2.0,400,147,0.3675,36,0.36,0.17,0.29074074074074074,0.3052469135802469,2,6,6,146,99,0.000212292,0.000359501,0.000651709,0.010795164000000005,0.019875947999999994,0.034638458,0,False,c6ebcf847bb063e1,dc0bfa0b2ad79aec
cd1724c06717dad7,random_10,three_corridor,recurring,24,204,2903,0,2.0,400,152,0.38,51,0.51,0.16375,0.2865740740740741,0.2865740740740741,2,6,6,151,103,0.000212501,0.000358084,0.000650376,0.011264622,0.019799958000000006,0.034996958,0,False,35d77fe2cdf9c5e0,dc0bfa0b2ad79aec
d2355269ee318837,random_10,three_corridor,recurring,24,204,4307,0,2.0,400,116,0.29,27,0.27,0.16583333333333333,0.36712962962962964,0.3932098765432099,2,6,6,116,88,0.000231376,0.000334791,0.000658751,0.009650369999999998,0.020316882999999984,0.033861417,0,False,95df5230a3d4577c,dc0bfa0b2ad79aec
4ae5935762e7900d,random_25,three_corridor,recurring,24,204,1701,0,2.0,400,144,0.36,51,0.51,0.16375,0.27361111111111114,0.27361111111111114,2,12,11,143,98,0.000216125,0.000360625,0.0011927090000000001,0.010722411999999997,0.019663661999999995,0.03490375,0,False,0c557e3db283d4ef,dc0bfa0b2ad79aec
ef2b282615f2024e,random_25,three_corridor,recurring,24,204,2903,0,2.0,400,163,0.4075,55,0.55,0.16583333333333333,0.196141975308642,0.196141975308642,2,12,12,163,110,0.000248751,0.000384292,0.0013194170000000002,0.012530373000000006,0.020860491000000002,0.038236958,0,False,5885480a29e04a5b,dc0bfa0b2ad79aec
06ede50352361e0a,random_25,three_corridor,recurring,24,204,4307,0,2.0,400,139,0.3475,26,0.26,0.18125,0.24413580246913583,0.2601851851851852,2,12,12,138,96,0.000228041,0.00032404199999999997,0.0013012499999999999,0.010513874,0.01989336100000002,0.03499375,0,False,3c220e7ec062b0aa,dc0bfa0b2ad79aec
0c250b1c395a0355,top_10,three_corridor,recurring,24,204,0,0,2.0,400,120,0.3,25,0.25,0.18,0.4070987654320988,0.4141975308641975,2,6,6,119,86,0.000225042,0.000321708,0.00065475,0.009483917000000001,0.019964905,0.033378375,0,False,15c941660f4672e0,dc0bfa0b2ad79aec
345ad5849c066a9b,top_25,three_corridor,recurring,24,204,0,0,2.0,400,146,0.365,51,0.51,0.16375,0.27762345679012346,0.27762345679012346,2,12,12,146,101,0.000365583,0.000363208,0.001318874,0.011141084999999997,0.019612326999999992,0.035570084,0,False,1fdf030eece00d72,dc0bfa0b2ad79aec
f3c1cb0c5f544b75,repair_all,three_corridor,recurring,24,204,0,0,2.0,400,124,0.31,45,0.45,0.16916666666666666,0.0,0.0,2,48,41,124,87,0.000227333,0.000360084,0.004454583,0.009505245999999997,0.02337211700000001,0.040911666,0,False,ccfe28d7832218a8,dc0bfa0b2ad79aec
a24fe33265f10652,no_update,three_corridor,recurring,24,205,0,0,2.0,400,145,0.3625,40,0.4,0.16208333333333333,0.0,0.0,0,0,0,145,91,0.0,0.0,0.0,0.009965411000000004,0.019541495000000016,0.032151458,0,False,85b81d52bdb97a78,f0bc243c38e13cfd
f1509399cd0837a9,lazy_0,three_corridor,recurring,24,205,0,0,2.0,400,101,0.2525,36,0.36,0.17708333333333334,0.5143623737373737,0.5225694444444445,2,0,0,99,74,0.000214,0.000356918,0.0,0.00810871,0.019350591999999996,0.030667958,0,False,279db566500466fe,f0bc243c38e13cfd
5602b9b922ebdae2,random_10,three_corridor,recurring,24,205,1701,0,2.0,400,106,0.265,25,0.25,0.18375,0.4305555555555556,0.44870580808080807,2,6,6,106,81,0.000213874,0.00037629099999999995,0.000660416,0.008869962999999996,0.019498216999999984,0.032373375,0,False,7ecf838d77c7a0f5,f0bc243c38e13cfd
453d407c168c2dc9,random_10,three_corridor,recurring,24,205,2903,0,2.0,400,130,0.325,43,0.43,0.165,0.3161300505050505,0.3282828282828283,2,6,5,130,93,0.000210334,0.000339833,0.0005464150000000001,0.010247331000000007,0.01962361799999999,0.033626125,0,False,d93038397a62e48c,f0bc243c38e13cfd
576bae9e29c20e3b,random_10,three_corridor,recurring,24,205,4307,0,2.0,400,122,0.305,35,0.35,0.19125,0.4322916666666667,0.4322916666666667,2,6,6,120,90,0.000212334,0.000368499,0.000648417,0.009878163999999998,0.020143457999999993,0.033947667,0,False,dbd944f72cecb5e1,f0bc243c38e13cfd
59bbfaaef3a557ac,random_25,three_corridor,recurring,24,205,1701,0,2.0,400,82,0.205,21,0.21,0.18166666666666667,0.5050505050505051,0.5828598484848485,2,12,12,82,70,0.000209958,0.000352916,0.001292669,0.0076597470000000015,0.019226332999999998,0.031418333,0,False,f1f6e8a0dfed89e6,f0bc243c38e13cfd
e7678edd616c8058,random_25,three_corridor,recurring,24,205,2903,0,2.0,400,124,0.31,43,0.43,0.165,0.2689393939393939,0.2689393939393939,2,12,12,124,88,0.0002085,0.000343833,0.001297126,0.009617295,0.01953174000000001,0.033733083,0,False,e7690ac7187367e7,f0bc243c38e13cfd
ac375f4116b2709a,random_25,three_corridor,recurring,24,205,4307,0,2.0,400,130,0.325,35,0.35,0.19125,0.31470959595959597,0.31470959595959597,2,12,12,130,97,0.000215501,0.000372292,0.0012966240000000001,0.010638709000000005,0.02002850300000001,0.035294334,0,False,680d3cc79d52efaa,f0bc243c38e13cfd
448f1f5112972ad1,top_10,three_corridor,recurring,24,205,0,0,2.0,400,130,0.325,43,0.43,0.165,0.31849747474747475,0.33065025252525254,2,6,5,130,93,0.000220001,0.000342167,0.0005437910000000001,0.010171664,0.01981244799999999,0.033781958,0,False,d93038397a62e48c,f0bc243c38e13cfd
5ffa62d0354d6524,top_25,three_corridor,recurring,24,205,0,0,2.0,400,97,0.2425,27,0.27,0.17916666666666667,0.3682133838383838,0.42061237373737376,2,12,11,97,73,0.00022229200000000002,0.000366626,0.001193625,0.007985253,0.019425499,0.03191275,0,False,497e4958c74b6536,f0bc243c38e13cfd
cef7e0eaf68b64a0,repair_all,three_corridor,recurring,24,205,0,0,2.0,400,130,0.325,33,0.33,0.16958333333333334,0.0,0.0,2,48,44,130,94,0.00036208400000000004,0.000319459,0.004724665,0.010284128000000002,0.019352700999999996,0.037991959,0,False,817ccfe73c771a6a,f0bc243c38e13cfd
2f0455f14bf9ab6e,no_update,three_corridor,recurring,24,206,0,0,2.0,400,137,0.3425,54,0.54,0.13375,0.0,0.0,0,0,0,137,78,0.0,0.0,0.0,0.008603125000000001,0.019489004000000015,0.030712541,0,False,5a7113f411873e68,e5e5ba8c48482e4e
b34258e6b6f546b7,lazy_0,three_corridor,recurring,24,206,0,0,2.0,400,107,0.2675,33,0.33,0.18458333333333332,0.3350499375780274,0.3707865168539326,2,0,0,107,81,0.000218125,0.000336208,0.0,0.008930792999999998,0.020038450000000006,0.032076542,0,False,d3c4e50f95f68d83,e5e5ba8c48482e4e
bab8374ef342413c,random_10,three_corridor,recurring,24,206,1701,0,2.0,400,138,0.345,43,0.43,0.16916666666666666,0.36704119850187267,0.3732833957553059,2,6,5,138,96,0.00023129200000000002,0.000360625,0.000540583,0.010635624000000002,0.020156370999999992,0.034734542,0,False,db756d8358789b09,e5e5ba8c48482e4e
758a744e21190d27,random_10,three_corridor,recurring,24,206,2903,0,2.0,400,155,0.3875,50,0.5,0.15833333333333333,0.24609862671660424,0.2634207240948814,2,6,6,155,111,0.000261209,0.000331459,0.000656958,0.012310866999999996,0.020304921000000014,0.036651125,0,False,3b44e2e07ce5adde,e5e5ba8c48482e4e
30c71f3895396814,random_10,three_corridor,recurring,24,206,4307,0,2.0,400,119,0.2975,38,0.38,0.16875,0.2640449438202247,0.26950686641697874,2,6,6,119,85,0.000263792,0.000350875,0.000672499,0.009558705999999997,0.02038333400000002,0.033995542,0,False,6fe1d9f056938bf5,e5e5ba8c48482e4e
58a7a52c03aab663,random_25,three_corridor,recurring,24,206,1701,0,2.0,400,148,0.37,53,0.53,0.16083333333333333,0.191167290886392,0.20287141073657927,2,12,12,148,101,0.000383957,0.000328875,0.0013199179999999998,0.011204834999999998,0.020035532999999994,0.036101916,0,False,5c468e7289b44d93,e5e5ba8c48482e4e
0b14a69078880c8f,random_25,three_corridor,recurring,24,206,2903,0,2.0,400,150,0.375,49,0.49,0.17208333333333334,0.2654494382022472,0.2654494382022472,2,12,12,150,107,0.00024033399999999998,0.000360333,0.001314875,0.011953083000000001,0.020503875999999997,0.037229542,0,False,a62017a25299686c,e5e5ba8c48482e4e
4f5b4764e9a3aaa4,random_25,three_corridor,recurring,24,206,4307,0,2.0,400,132,0.33,33,0.33,0.14666666666666667,0.19694132334581774,0.20318352059925093,2,12,12,131,95,0.000244583,0.000359001,0.001311794,0.010547453999999996,0.020541038999999994,0.035832667,0,False,9cdba47dce182c9e,e5e5ba8c48482e4e
65796c67ea23b158,top_10,three_corridor,recurring,24,206,0,0,2.0,400,145,0.3625,37,0.37,0.15458333333333332,0.23252184769038703,0.2390761548064919,2,6,6,144,101,0.000248457,0.000365042,0.000657543,0.011193620000000001,0.020348589999999996,0.035567458,0,False,341cb81857e7a00a,e5e5ba8c48482e4e
26477d94b3ac26ec,top_25,three_corridor,recurring,24,206,0,0,2.0,400,132,0.33,43,0.43,0.14083333333333334,0.18367665418227216,0.18367665418227216,2,12,12,131,96,0.000223375,0.000327291,0.0013349580000000002,0.010873249,0.02081408099999999,0.036430792,0,False,a17df33c8d8c52cf,e5e5ba8c48482e4e
f6d7f03a14decd85,repair_all,three_corridor,recurring,24,206,0,0,2.0,400,105,0.2625,34,0.34,0.1625,0.0,0.0,2,47,44,105,78,0.000252459,0.000331416,0.004907712999999999,0.008756293999999998,0.019901619000000016,0.037192875,0,False,ac616db1b32ac0b0,e5e5ba8c48482e4e
a27ebdddbc86092c,no_update,three_corridor,recurring,24,207,0,0,2.0,400,114,0.285,24,0.24,0.18666666666666668,0.0,0.0,0,0,0,114,70,0.0,0.0,0.0,0.007836669,0.019747242999999998,0.030229625,0,False,1a12e77d8a9f43e2,7b624de1ae56614d
4315e21cf3f278fe,lazy_0,three_corridor,recurring,24,207,0,0,2.0,400,103,0.2575,20,0.2,0.17833333333333334,0.46963824289405687,0.5478036175710594,2,0,0,103,75,0.00022425,0.00033945899999999996,0.0,0.008372246000000002,0.020330039999999987,0.031876292,0,False,676a70bed7b48015,7b624de1ae56614d
ed9e9f57c3a0bd7e,random_10,three_corridor,recurring,24,207,1701,0,2.0,400,109,0.2725,29,0.29,0.16333333333333333,0.3607881136950904,0.3712855297157623,2,6,6,109,77,0.00021875,0.000336208,0.000664625,0.008601829,0.01996263,0.032458,0,False,d69087df87a76e7a,7b624de1ae56614d
0082e5154d6687e2,random_10,three_corridor,recurring,24,207,2903,0,2.0,400,142,0.355,48,0.48,0.19333333333333333,0.40197028423772607,0.40197028423772607,2,6,6,142,106,0.00036649999999999996,0.000349625,0.000661376,0.011809918000000004,0.020089541000000013,0.036041125,0,False,d20aea6ea1c68e7b,7b624de1ae56614d
9bbb327b9569ea90,random_10,three_corridor,recurring,24,207,4307,0,2.0,400,117,0.2925,36,0.36,0.17166666666666666,0.38533591731266154,0.4181201550387597,2,6,6,116,84,0.000223166,0.000350042,0.0006651249999999999,0.00943866,0.020450253999999994,0.033884625,0,False,7dee4552c5acb26d,7b624de1ae56614d
be7f026994a92fdb,random_25,three_corridor,recurring,24,207,1701,0,2.0,400,105,0.2625,28,0.28,0.17541666666666667,0.44040697674418605,0.45591085271317827,2,12,12,105,74,0.000266709,0.00034420800000000004,0.0013159159999999999,0.008358205999999998,0.020583293999999988,0.033677667,0,False,3544c66ef8c22f21,7b624de1ae56614d
6a45610b73592044,random_25,three_corridor,recurring,24,207,2903,0,2.0,400,101,0.2525,31,0.31,0.19208333333333333,0.437015503875969,0.4785206718346253,2,12,11,99,74,0.000272499,0.00036545900000000005,0.0012296669999999998,0.008315078,0.021014123999999967,0.0339895,0,False,15aff334bd603884,7b624de1ae56614d
780659019543858d,random_25,three_corridor,recurring,24,207,4307,0,2.0,400,122,0.305,27,0.27,0.16,0.28552971576227393,0.3081395348837209,2,12,12,121,86,0.000247458,0.00033549899999999995,0.001300332,0.009472828999999999,0.01997291899999999,0.034067334,0,False,60d43d99f0b0f57d,7b624de1ae56614d
85c0759c0ad35d9e,top_10,three_corridor,recurring,24,207,0,0,2.0,400,108,0.27,40,0.4,0.18166666666666667,0.34964470284237725,0.37968346253229973,2,6,6,108,80,0.000216375,0.000325167,0.000650709,0.008828831999999997,0.019767114,0.032434333,0,False,2d808fcc0e426d19,7b624de1ae56614d
8f713e4102a21e02,top_25,three_corridor,recurring,24,207,0,0,2.0,400,128,0.32,43,0.43,0.17416666666666666,0.32558139534883723,0.32558139534883723,2,12,11,127,94,0.00021741700000000002,0.000332291,0.001192874,0.010334509,0.020017881000000005,0.034789667,0,False,d4a34354a09c1cfb,7b624de1ae56614d
012d664714f74cd6,repair_all,three_corridor,recurring,24,207,0,0,2.0,400,125,0.3125,36,0.36,0.14333333333333334,0.0,0.0,2,47,44,125,96,0.0002225,0.00032162499999999997,0.0047436679999999995,0.010446414000000003,0.019531999999999983,0.038213417,0,False,61269db0ce3349f8,7b624de1ae56614d
ab17b48f3871a749,no_update,three_corridor,recurring,24,208,0,0,2.0,400,102,0.255,31,0.31,0.15541666666666668,0.0,0.0,0,0,0,102,67,0.0,0.0,0.0,0.0072945,0.019142591000000018,0.029012416,0,False,d975ac60e8663611,ac34e2b6e51cd597
f87c479f3a657723,lazy_0,three_corridor,recurring,24,208,0,0,2.0,400,125,0.3125,34,0.34,0.17291666666666666,0.4351168511685117,0.4351168511685117,2,0,0,124,91,0.00021337500000000002,0.00037266700000000003,0.0,0.009996626,0.019872508999999986,0.033053083,0,False,091c30b52e9b300b,ac34e2b6e51cd597
6b4c0751cc56a636,random_10,three_corridor,recurring,24,208,1701,0,2.0,400,115,0.2875,30,0.3,0.17041666666666666,0.40698031980319804,0.42435424354243545,2,6,6,115,84,0.000234334,0.00036979199999999997,0.000675124,0.009276251000000001,0.019838417999999997,0.033080458,0,False,80c4ba10217dd046,ac34e2b6e51cd597
de1576c144dbf4a8,random_10,three_corridor,recurring,24,208,2903,0,2.0,400,119,0.2975,37,0.37,0.18166666666666667,0.39345018450184505,0.4109778597785978,2,6,6,118,85,0.00037266700000000003,0.000385376,0.0006482090000000001,0.009299120000000004,0.01939112800000001,0.032806708,0,False,354f47601fa8b37c,ac34e2b6e51cd597
d4e251e17329f350,random_10,three_corridor,recurring,24,208,4307,0,2.0,400,121,0.3025,19,0.19,0.17125,0.47539975399754003,0.4944649446494465,2,6,6,121,85,0.000213583,0.00035174900000000005,0.0006518330000000001,0.009322290999999998,0.019853749999999983,0.033047542,0,False,1da76e0ba41f050f,ac34e2b6e51cd597
090953ce0e45d47f,random_25,three_corridor,recurring,24,208,1701,0,2.0,400,144,0.36,29,0.29,0.1775,0.3030442804428044,0.3030442804428044,2,12,12,143,97,0.00021362600000000002,0.000345,0.001293749,0.010607292,0.019791242000000014,0.035027,0,False,b397dfa2f42a2a42,ac34e2b6e51cd597
98aaa732953c8e9c,random_25,three_corridor,recurring,24,208,2903,0,2.0,400,127,0.3175,33,0.33,0.1875,0.32287822878228783,0.3390221402214022,2,12,12,127,95,0.000211834,0.000349166,0.001298085,0.010435622000000006,0.020222542999999992,0.035253333,0,False,5d312800640c9a92,ac34e2b6e51cd597
16cbe2ddc4945ba6,random_25,three_corridor,recurring,24,208,4307,0,2.0,400,122,0.305,29,0.29,0.17166666666666666,0.3045817958179582,0.3045817958179582,2,12,12,122,92,0.000216916,0.000350375,0.0013040830000000002,0.010122836000000003,0.019697035999999994,0.03441575,0,False,f1ba24be4f5cc6be,ac34e2b6e51cd597
e338240b99ff2fb7,top_10,three_corridor,recurring,24,208,0,0,2.0,400,97,0.2425,21,0.21,0.17583333333333334,0.5261377613776138,0.6096248462484625,2,6,6,97,69,0.00021791699999999998,0.000366083,0.0006501250000000001,0.007580294000000002,0.019445865999999982,0.030932333,0,False,29cca8b021d98f98,ac34e2b6e51cd597
8c3843d05489cf75,top_25,three_corridor,recurring,24,208,0,0,2.0,400,99,0.2475,27,0.27,0.17416666666666666,0.4837023370233703,0.5372078720787208,2,12,12,98,77,0.000243292,0.000398792,0.001324791,0.008715500999999999,0.020245465000000015,0.033758875,0,False,26e8ac1315143239,ac34e2b6e51cd597
6555e123262d61e9,repair_all,three_corridor,recurring,24,208,0,0,2.0,400,110,0.275,41,0.41,0.15708333333333332,0.0,0.0,2,46,42,109,77,0.000258626,0.000364417,0.004647251999999999,0.008656716999999998,0.019953789,0.036945208,0,False,4f6f3b2b72255dcf,ac34e2b6e51cd597
4cae72cbfb55b8bf,no_update,three_corridor,recurring,24,209,0,0,2.0,400,127,0.3175,43,0.43,0.15583333333333332,0.0,0.0,0,0,0,127,77,0.0,0.0,0.0,0.008745790999999996,0.019882913999999988,0.031332833,0,False,6969e5090ed070ca,a5ad498b5bad13ab
a6b40505a8b384db,lazy_0,three_corridor,recurring,24,209,0,0,2.0,400,138,0.345,32,0.32,0.16833333333333333,0.34442332065906206,0.39084283903675543,2,0,0,138,95,0.000233082,0.000330583,0.0,0.010380409999999998,0.020248795999999986,0.033851042,0,False,63ffb94653992789,a5ad498b5bad13ab
dd905769cc6aee75,random_10,three_corridor,recurring,24,209,1701,0,2.0,400,116,0.29,32,0.32,0.16833333333333333,0.42743979721166037,0.4911280101394169,2,6,6,116,79,0.000214166,0.000328709,0.0006521669999999999,0.008640121999999998,0.01956259300000001,0.032041959,0,False,541a81d7f3ba9a6f,a5ad498b5bad13ab
5862d15ec9b4860a,random_10,three_corridor,recurring,24,209,2903,0,2.0,400,150,0.375,41,0.41,0.16708333333333333,0.31194550063371357,0.32113434727503165,2,6,5,150,99,0.000217042,0.000325666,0.000557168,0.010900164000000006,0.02030371,0.035032208,0,False,4bc24b5d3b596313,a5ad498b5bad13ab
43bbd58968329849,random_10,three_corridor,recurring,24,209,4307,0,2.0,400,122,0.305,30,0.3,0.1725,0.4445500633713561,0.47433460076045625,2,6,6,122,81,0.00020858299999999998,0.00033545799999999996,0.000649543,0.008874708000000002,0.01953259600000001,0.032228625,0,False,eb332fce82137880,a5ad498b5bad13ab
341da734dafb3bfb,random_25,three_corridor,recurring,24,209,1701,0,2.0,400,134,0.335,35,0.35,0.165,0.27709125475285173,0.28960709759188846,2,12,10,134,89,0.000210542,0.00032741599999999997,0.001094457,0.009815671999999998,0.019737246000000017,0.033895125,0,False,cd9f82ee944409c6,a5ad498b5bad13ab
2550d59e8981f3c5,random_25,three_corridor,recurring,24,209,2903,0,2.0,400,135,0.3375,34,0.34,0.18958333333333333,0.3159062103929024,0.36089987325728773,2,12,12,135,86,0.000218874,0.000344667,0.0013123739999999998,0.009490958999999998,0.02032604200000001,0.034407708,0,False,f307c12f279c31ee,a5ad498b5bad13ab
9ab78e66a9c14867,random_25,three_corridor,recurring,24,209,4307,0,2.0,400,145,0.3625,38,0.38,0.19958333333333333,0.2097591888466413,0.2211660329531052,2,12,12,145,95,0.00022683300000000002,0.00031387600000000004,0.001296373,0.010435172999999999,0.01995737399999999,0.034999584,0,False,5706d4aa9420f522,a5ad498b5bad13ab
8cbcfdec87c689b4,top_10,three_corridor,recurring,24,209,0,0,2.0,400,147,0.3675,38,0.38,0.1675,0.3239860583016476,0.34077946768060835,2,6,6,146,96,0.00021537500000000002,0.000317249,0.000646875,0.010556663999999995,0.019942921999999984,0.034428084,0,False,cb41831f869a8864,a5ad498b5bad13ab
affcf0edcb5aeeb2,top_25,three_corridor,recurring,24,209,0,0,2.0,400,150,0.375,38,0.38,0.1675,0.3128960709759189,0.3395120405576679,2,12,12,149,97,0.000351959,0.00031099999999999997,0.001299582,0.010610921000000002,0.019703622999999983,0.035046125,0,False,e878aa2037b56d72,a5ad498b5bad13ab
31e518ccbdbce4cc,repair_all,three_corridor,recurring,24,209,0,0,2.0,400,146,0.365,33,0.33,0.16208333333333333,0.0,0.0,2,48,42,146,99,0.00021575,0.000322625,0.004562168,0.010940001999999997,0.019910004999999988,0.038953625,0,False,45376f06ddbc35fd,a5ad498b5bad13ab
4d76642826610a1f,no_update,three_corridor,recurring,24,210,0,0,2.0,400,136,0.34,42,0.42,0.1625,0.0,0.0,0,0,0,135,82,0.0,0.0,0.0,0.008991747999999999,0.019500662000000005,0.031111833,0,False,29fd923f9fbf4447,0f7ccfee4b548b10
99d1ddf653e417e4,lazy_0,three_corridor,recurring,24,210,0,0,2.0,400,141,0.3525,30,0.3,0.17708333333333334,0.4463383838383838,0.4463383838383838,2,0,0,141,98,0.00021575,0.000372417,0.0,0.010838171999999998,0.019856527000000016,0.03391475,0,False,7230304825323248,0f7ccfee4b548b10
9e0eacf0c62177d7,random_10,three_corridor,recurring,24,210,1701,0,2.0,400,149,0.3725,40,0.4,0.1825,0.28929924242424243,0.295770202020202,2,6,6,149,104,0.000210584,0.000360499,0.000655791,0.011396129000000003,0.019875693000000014,0.035217,0,False,027c063d7041b7cc,0f7ccfee4b548b10
47de4adf0b21e7dd,random_10,three_corridor,recurring,24,210,2903,0,2.0,400,139,0.3475,56,0.56,0.16541666666666666,0.30602904040404044,0.30602904040404044,2,6,6,139,95,0.000215667,0.000363959,0.000656752,0.010482992000000005,0.020223579,0.034606667,0,False,7d8dd5eea5ae0cb0,0f7ccfee4b548b10
4d04efbeb306f196,random_10,three_corridor,recurring,24,210,4307,0,2.0,400,127,0.3175,33,0.33,0.16583333333333333,0.3199179292929293,0.3265467171717171,2,6,6,127,91,0.00021250000000000002,0.0003465,0.000663332,0.009983453999999998,0.019877159,0.033768125,0,False,b6233a24a4b302ab,0f7ccfee4b548b10
a6df4f82d38846a1,random_25,three_corridor,recurring,24,210,1701,0,2.0,400,131,0.3275,35,0.35,0.15916666666666668,0.3767361111111111,0.3767361111111111,2,12,12,131,93,0.000213249,0.00037304199999999997,0.0013128750000000002,0.010219542000000002,0.019911795000000006,0.034817834,0,False,4d67c7ddc45bcc80,0f7ccfee4b548b10
000ff22bd4ba9750,random_25,three_corridor,recurring,24,210,2903,0,2.0,400,161,0.4025,51,0.51,0.17708333333333334,0.26341540404040403,0.26341540404040403,2,12,12,161,109,0.000213124,0.000362291,0.001302877,0.011912791000000002,0.019949173999999993,0.03649025,0,False,b41545e099c6cae4,0f7ccfee4b548b10
057f503ef9d87ada,random_25,three_corridor,recurring,24,210,4307,0,2.0,400,153,0.3825,33,0.33,0.16583333333333333,0.2967171717171717,0.31186868686868685,2,12,11,152,104,0.000211917,0.00034333400000000004,0.0011862510000000001,0.011453454000000004,0.019973779999999993,0.035968834,0,False,6edb644437705f18,0f7ccfee4b548b10
cd99e0ec3c8ad4d8,top_10,three_corridor,recurring,24,210,0,0,2.0,400,114,0.285,30,0.3,0.15125,0.43970959595959597,0.4910037878787879,2,6,6,114,84,0.00021587400000000001,0.000357708,0.000652208,0.009236498000000001,0.019570211000000014,0.032724209,0,False,43fd8ea674e4cc00,0f7ccfee4b548b10
b0c5d5282b0d0701,top_25,three_corridor,recurring,24,210,0,0,2.0,400,137,0.3425,36,0.36,0.1675,0.3693181818181818,0.3693181818181818,2,12,12,136,95,0.00022670900000000001,0.000391417,0.001303251,0.010410996999999996,0.023395827000000008,0.038472958,0,False,db8a6f2298215a73,0f7ccfee4b548b10
15592b16b8bdead1,repair_all,three_corridor,recurring,24,210,0,0,2.0,400,142,0.355,37,0.37,0.14166666666666666,0.0,0.0,2,47,40,142,100,0.000218875,0.000353709,0.004329083,0.010900834000000002,0.01938921400000001,0.038168125,0,False,f30c128f8392a832,0f7ccfee4b548b10
19003df986dc595a,no_update,three_corridor,recurring,24,211,0,0,2.0,400,127,0.3175,38,0.38,0.15291666666666667,0.0,0.0,0,0,0,127,75,0.0,0.0,0.0,0.008223003999999999,0.019084080999999992,0.029941708,0,False,ccc30a5a629e2846,a4200ee1ec3fad64
3ba89e153274f40a,lazy_0,three_corridor,recurring,24,211,0,0,2.0,400,136,0.34,23,0.23,0.18208333333333335,0.3822530864197531,0.40046296296296297,2,0,0,135,96,0.000212167,0.000294624,0.0,0.010505624999999996,0.019577670999999987,0.0332215,0,False,5571325d4f23db82,a4200ee1ec3fad64
da2a32d1f77374c4,random_10,three_corridor,recurring,24,211,1701,0,2.0,400,122,0.305,39,0.39,0.18791666666666668,0.3527777777777778,0.37515432098765433,2,6,6,122,85,0.000362334,0.000326626,0.000662375,0.009255872000000004,0.01926340999999999,0.032555416,0,False,b1acd0f2fe528d3e,a4200ee1ec3fad64
3ffa40c8ade2c08f,random_10,three_corridor,recurring,24,211,2903,0,2.0,400,143,0.3575,35,0.35,0.16708333333333333,0.3091049382716049,0.3091049382716049,2,6,6,142,101,0.000211042,0.000309833,0.000649876,0.011047709,0.019933132000000017,0.034837667,0,False,173582d321c803e3,a4200ee1ec3fad64
e9bb73261ff15c52,random_10,three_corridor,recurring,24,211,4307,0,2.0,400,121,0.3025,28,0.28,0.19125,0.33564814814814814,0.35030864197530864,2,6,3,121,89,0.000218416,0.000324625,0.0003295,0.009677420000000003,0.01957170600000001,0.03279025,0,False,8c1c3c1948516dc8,a4200ee1ec3fad64
d733c763e591d621,random_25,three_corridor,recurring,24,211,1701,0,2.0,400,125,0.3125,36,0.36,0.19625,0.2905864197530864,0.3087962962962963,2,12,11,124,91,0.000209416,0.00032941700000000003,0.00118375,0.009953044000000001,0.019471548999999998,0.033899708,0,False,10598a7dbc3650da,a4200ee1ec3fad64
dfb46a867caee385,random_25,three_corridor,recurring,24,211,2903,0,2.0,400,142,0.355,26,0.26,0.16333333333333333,0.21419753086419754,0.2273148148148148,2,12,11,142,96,0.00022475,0.000292792,0.001186876,0.010492252999999997,0.019917672999999993,0.03487425,0,False,5ba552504de1c739,a4200ee1ec3fad64
bcaedd954fc87e02,random_25,three_corridor,recurring,24,211,4307,0,2.0,400,113,0.2825,28,0.28,0.19125,0.29799382716049383,0.2996913580246914,2,12,10,113,84,0.000233667,0.000313583,0.001085169,0.009218876999999995,0.01970444999999999,0.033281834,0,False,a3d8a41db191860a,a4200ee1ec3fad64
defca598444ba879,top_10,three_corridor,recurring,24,211,0,0,2.0,400,130,0.325,39,0.39,0.18791666666666668,0.34104938271604934,0.36126543209876544,2,6,6,130,90,0.000367334,0.000327501,0.0006670409999999999,0.009938506,0.01955774900000001,0.033570667,0,False,e8fc886f7f385f9a,a4200ee1ec3fad64
c2d12b50464982a8,top_25,three_corridor,recurring,24,211,0,0,2.0,400,150,0.375,37,0.37,0.1725,0.3226851851851852,0.3307098765432099,2,12,12,150,101,0.0002115,0.00033725,0.0012833340000000001,0.011067709000000004,0.019680243000000017,0.0353165,0,False,5794fbf39822e8a2,a4200ee1ec3fad64
529581e3b12d1888,repair_all,three_corridor,recurring,24,211,0,0,2.0,400,157,0.3925,63,0.63,0.16041666666666668,0.0,0.0,2,48,40,157,108,0.00021349999999999999,0.00030987500000000004,0.004294664,0.011759082000000002,0.01950461500000001,0.03903825,0,False,b93eda93679ab770,a4200ee1ec3fad64
