run_id,method,map_id,workload,n_agents,seed,selector_seed,horizon,completed,throughput,post_shift_completed_100,post_shift_throughput_100,post_shift_wait_rate_100,stale_fraction_auc,version_lag_auc,repair_event_count,repair_rebind_count,unique_field_build_count,new_task_rebind_count,new_task_unique_field_build_count,guidance_generation_seconds,exposure_seconds,repair_field_build_seconds,new_task_field_build_seconds,executor_seconds,wall_time_seconds,collision_count,deadlocked,trace_hash,task_tape_hash
f39666feda2394e1,lazy_0,two_corridor,abrupt,24,100,0,600,156,0.26,41,0.41,0.15958333333333333,0.21486928104575165,0.21486928104575165,1,0,0,156,87,0.000158,0.000209167,0.0,0.009700710999999999,0.030352733,0.044352333,0,False,635796fef4886610,105fc0f473bde9b5
fc5003434396e468,random_10,two_corridor,abrupt,24,100,1701,600,139,0.23166666666666666,29,0.29,0.1475,0.5646786492374727,0.5646786492374727,1,3,3,139,80,0.0001225,0.000203084,0.000324208,0.008678292000000002,0.02966511700000002,0.042828792,0,False,c8ec08f4cc4da744,105fc0f473bde9b5
3149e09c94de37e0,random_10,two_corridor,abrupt,24,100,2903,600,152,0.25333333333333335,44,0.44,0.09666666666666666,0.2633442265795207,0.2633442265795207,1,3,3,152,86,0.000141375,0.000210375,0.000327541,0.009727412999999997,0.03351591500000005,0.048030417,0,False,eb1dadfababbeeba,105fc0f473bde9b5
b9ce91b14f38733f,random_10,two_corridor,abrupt,24,100,4307,600,147,0.245,40,0.4,0.14791666666666667,0.3483115468409586,0.3483115468409586,1,3,3,147,82,0.000133916,0.000225917,0.000345165,0.008905916000000003,0.03207088899999999,0.045553625,0,False,818f88500496b9bd,105fc0f473bde9b5
b0244e1fbdf9c682,random_25,two_corridor,abrupt,24,100,1701,600,143,0.23833333333333334,31,0.31,0.16291666666666665,0.10620915032679738,0.10620915032679738,1,6,6,143,83,0.000137959,0.0002055,0.000636293,0.009231083999999997,0.030921094000000014,0.045019583,0,False,512c09f8779c920e,105fc0f473bde9b5
71394bc89816c74f,random_25,two_corridor,abrupt,24,100,2903,600,115,0.19166666666666668,14,0.14,0.1675,0.3743191721132898,0.3743191721132898,1,6,6,115,72,0.000560417,0.000201833,0.000638917,0.007801950999999999,0.029194056000000003,0.042157583,0,False,74696adbd7331f69,105fc0f473bde9b5
a1f466963ae3b6de,random_25,two_corridor,abrupt,24,100,4307,600,194,0.3233333333333333,41,0.41,0.14,0.3315631808278867,0.3315631808278867,1,6,5,194,95,0.000127167,0.000206,0.0005377100000000001,0.010294801000000001,0.029797977,0.044804625,0,False,9d8bebff7cd3aed2,105fc0f473bde9b5
1a05dbb79b007a4d,top_10,two_corridor,abrupt,24,100,0,600,167,0.2783333333333333,42,0.42,0.13958333333333334,0.16407952069716777,0.16407952069716777,1,3,3,167,88,0.000259709,0.0002005,0.000330001,0.00949421,0.030711642999999993,0.044787667,0,False,6936556739766aba,105fc0f473bde9b5
7110227857b18752,top_25,two_corridor,abrupt,24,100,0,600,155,0.25833333333333336,44,0.44,0.14125,0.15550108932461876,0.15550108932461876,1,6,5,155,85,0.000133792,0.000204708,0.000535376,0.009991208999999997,0.03329890799999996,0.048292416,0,False,a92691eec91f8ac4,105fc0f473bde9b5
2200bf1426c99800,repair_all,two_corridor,abrupt,24,100,0,600,134,0.22333333333333333,12,0.12,0.2,0.0,0.0,1,24,20,134,79,0.000136583,0.000212292,0.0021192119999999997,0.008745545999999996,0.03081803999999997,0.046015917,0,False,1d3abcb89705782f,105fc0f473bde9b5
93b6e54459452934,lazy_0,two_corridor,abrupt,24,101,0,600,188,0.31333333333333335,48,0.48,0.13916666666666666,0.0878597957288765,0.0878597957288765,1,0,0,187,107,0.000119042,0.000228458,0.0,0.012259504000000008,0.031447325000000026,0.048202,0,False,c3413cb997f73070,b67936f7e12837d7
569a2e5148a0c989,random_10,two_corridor,abrupt,24,101,1701,600,197,0.3283333333333333,51,0.51,0.17166666666666666,0.0771819870009285,0.0771819870009285,1,3,3,197,114,0.000141167,0.000228208,0.00032779200000000004,0.012453501000000002,0.031337048999999985,0.048449667,0,False,35a57d75da8f2618,b67936f7e12837d7
972670cae4ce8a5b,random_10,two_corridor,abrupt,24,101,2903,600,158,0.2633333333333333,33,0.33,0.14625,0.09180594243268339,0.09180594243268339,1,3,3,158,99,0.000123083,0.000226417,0.000321458,0.010732080000000001,0.029928208999999997,0.045166625,0,False,eff00ff812d83bb2,b67936f7e12837d7
b8ac841b906a9960,random_10,two_corridor,abrupt,24,101,4307,600,169,0.2816666666666667,44,0.44,0.14083333333333334,0.14983751160631384,0.14983751160631384,1,3,3,169,103,0.000108542,0.0002265,0.00031883300000000003,0.011088165000000004,0.029274127,0.044780083,0,False,6f62b7d208c0e97e,b67936f7e12837d7
3fd71056102b1c20,random_25,two_corridor,abrupt,24,101,1701,600,174,0.29,51,0.51,0.13791666666666666,0.06499535747446611,0.06499535747446611,1,6,6,174,105,0.000105541,0.000224291,0.0006435000000000001,0.011260664999999994,0.029902241999999996,0.045920666,0,False,751c9419e7d94003,b67936f7e12837d7
f79ce8a5ed57b07c,random_25,two_corridor,abrupt,24,101,2903,600,156,0.26,34,0.34,0.16458333333333333,0.060352831940575676,0.060352831940575676,1,6,6,155,98,0.00010625,0.000220833,0.000639833,0.010414000999999997,0.02944700699999999,0.044653208,0,False,64474a8292803291,b67936f7e12837d7
0ef538d3946f7143,random_25,two_corridor,abrupt,24,101,4307,600,158,0.2633333333333333,21,0.21,0.16875,0.10120705663881152,0.10120705663881152,1,6,5,158,99,0.000105625,0.000224083,0.000534459,0.010682591000000003,0.02999671199999998,0.045403542,0,False,0a939ed9773fd097,b67936f7e12837d7
1bbe47bd38bfd71a,top_10,two_corridor,abrupt,24,101,0,600,182,0.30333333333333334,61,0.61,0.13333333333333333,0.07300371402042712,0.07300371402042712,1,3,2,182,107,0.000106459,0.000225,0.00021491700000000002,0.011400082000000008,0.029261957000000005,0.045022416,0,False,9e0069802b2809d4,b67936f7e12837d7
22849b0fbe091746,top_25,two_corridor,abrupt,24,101,0,600,215,0.35833333333333334,31,0.31,0.1375,0.38057103064066855,0.38057103064066855,1,6,5,215,116,0.000126083,0.000225917,0.0005326650000000001,0.012413333999999996,0.03142470799999999,0.048752167,0,False,eacf3884470779ec,b67936f7e12837d7
883380252d0d5adc,repair_all,two_corridor,abrupt,24,101,0,600,166,0.27666666666666667,15,0.15,0.20833333333333334,0.0,0.0,1,24,21,165,101,0.000189959,0.000325125,0.0026640830000000007,0.011777747999999994,0.032499620000000014,0.051742333,0,False,e52428233fd1e822,b67936f7e12837d7
bf2eec8b9aceec9a,lazy_0,two_corridor,abrupt,24,102,0,600,220,0.36666666666666664,55,0.55,0.15166666666666667,0.06955555555555555,0.06955555555555555,1,0,0,220,106,0.000107084,0.000190958,0.0,0.011415170000000004,0.030083830000000027,0.045627167,0,False,ac3e60ee196900c3,3c349601c05345ed
32a8745864fd6f09,random_10,two_corridor,abrupt,24,102,1701,600,219,0.365,39,0.39,0.16166666666666665,0.050444444444444445,0.050444444444444445,1,3,3,219,103,0.000134417,0.000242,0.000430042,0.011995290000000004,0.032819277000000015,0.049825625,0,False,5392fb38a850b79c,3c349601c05345ed
1d8a2bf6628f1b79,random_10,two_corridor,abrupt,24,102,2903,600,220,0.36666666666666664,56,0.56,0.14833333333333334,0.05455555555555555,0.05455555555555555,1,3,3,220,103,0.000163917,0.000211125,0.0003545,0.011455621000000003,0.03309646900000002,0.049648625,0,False,dd3437109e12bce1,3c349601c05345ed
ade023ebe44c682a,random_10,two_corridor,abrupt,24,102,4307,600,219,0.365,44,0.44,0.17333333333333334,0.051777777777777784,0.051777777777777784,1,3,3,219,104,0.000142625,0.000215958,0.000324792,0.011311298000000003,0.030680038000000024,0.046574458,0,False,46bd43ee72d3744a,3c349601c05345ed
c9c9373d1d90c125,random_25,two_corridor,abrupt,24,102,1701,600,188,0.31333333333333335,28,0.28,0.16125,0.042555555555555555,0.042555555555555555,1,6,6,187,97,0.000114,0.000192125,0.000632624,0.010329668,0.029803207000000016,0.044990459,0,False,e1b1c0583ae49973,3c349601c05345ed
a0b6e7129633705c,random_25,two_corridor,abrupt,24,102,2903,600,233,0.3883333333333333,52,0.52,0.17083333333333334,0.04588888888888889,0.04588888888888889,1,6,6,233,106,0.000111541,0.000195083,0.000647833,0.011325874000000003,0.030084322000000045,0.046248959,0,False,e970357533437922,3c349601c05345ed
718738702a486008,random_25,two_corridor,abrupt,24,102,4307,600,146,0.24333333333333335,34,0.34,0.16125,0.04622222222222222,0.04622222222222222,1,6,6,146,82,0.000107917,0.000191667,0.000629082,0.008683171000000002,0.029311717000000032,0.042717584,0,False,70a4d668a178e4a1,3c349601c05345ed
29d9eefded9d2986,top_10,two_corridor,abrupt,24,102,0,600,242,0.4033333333333333,46,0.46,0.14916666666666667,0.055,0.055,1,3,3,242,111,0.000111541,0.000191959,0.000317791,0.011825001999999994,0.030059592999999944,0.046390541,0,False,60518b8e61566847,3c349601c05345ed
26288733ccb5689a,top_25,two_corridor,abrupt,24,102,0,600,144,0.24,32,0.32,0.1825,0.042888888888888886,0.042888888888888886,1,6,6,144,80,0.00011625,0.000191958,0.000648333,0.008593373000000001,0.029776864,0.043172917,0,False,aa415e513fc3b1e3,3c349601c05345ed
689fc2b55ff08620,repair_all,two_corridor,abrupt,24,102,0,600,211,0.3516666666666667,25,0.25,0.18,0.0,0.0,1,23,21,211,104,0.000128125,0.000194042,0.0021981229999999997,0.011544582,0.032773256999999965,0.051156,0,False,e936c84b24e6ea0c,3c349601c05345ed
2c11fcbf46cada7e,lazy_0,two_corridor,abrupt,24,103,0,600,199,0.33166666666666667,53,0.53,0.10958333333333334,0.1297650709219858,0.1297650709219858,1,0,0,199,105,0.000132041,0.000201417,0.0,0.011644082000000005,0.031173038000000007,0.047097792,0,False,c685c0bfea1b7dfb,04faeeb0fc074e9b
c91357f48130b39a,random_10,two_corridor,abrupt,24,103,1701,600,181,0.3016666666666667,41,0.41,0.11708333333333333,0.45113031914893614,0.45113031914893614,1,3,3,181,97,0.000115,0.000196458,0.000321334,0.010692867000000003,0.03031390600000001,0.045741,0,False,e00345057f1e1c35,04faeeb0fc074e9b
1864d8649a73d1aa,random_10,two_corridor,abrupt,24,103,2903,600,168,0.28,40,0.4,0.10458333333333333,0.498116134751773,0.498116134751773,1,3,2,167,90,0.0001345,0.000226375,0.000236417,0.009992126999999996,0.030640506999999984,0.045275084,0,False,94f0229ae2cc3f58,04faeeb0fc074e9b
132e5ca0bc3f2abc,random_10,two_corridor,abrupt,24,103,4307,600,194,0.3233333333333333,37,0.37,0.12541666666666668,0.2074468085106383,0.2074468085106383,1,3,3,194,105,0.000211833,0.000209084,0.00033054199999999997,0.011378254000000003,0.031238419999999982,0.047422334,0,False,ede247f6e2b69431,04faeeb0fc074e9b
ccdbf55cb81de1eb,random_25,two_corridor,abrupt,24,103,1701,600,145,0.24166666666666667,46,0.46,0.17416666666666666,0.05352393617021277,0.05352393617021277,1,6,6,145,87,0.000130708,0.000200625,0.0006492510000000001,0.009557912000000003,0.030623594999999972,0.045156916,0,False,ae5b2c65de5599ba,04faeeb0fc074e9b
63bd48a7f9628554,random_25,two_corridor,abrupt,24,103,2903,600,186,0.31,40,0.4,0.16125,0.06992464539007093,0.06992464539007093,1,6,5,186,99,0.000129458,0.000202667,0.000542041,0.010744700999999999,0.030497829000000008,0.046135042,0,False,7a7738dd4c94fa82,04faeeb0fc074e9b
0de559e7f4e9d65c,random_25,two_corridor,abrupt,24,103,4307,600,157,0.26166666666666666,33,0.33,0.16208333333333333,0.061835106382978726,0.061835106382978726,1,6,6,157,96,0.000112333,0.000200166,0.000644458,0.010367378000000005,0.030542882999999986,0.0458435,0,False,7029bf1a47a6a676,04faeeb0fc074e9b
bc6d0ed7de8f19da,top_10,two_corridor,abrupt,24,103,0,600,180,0.3,35,0.35,0.13958333333333334,0.07701684397163121,0.07701684397163121,1,3,3,180,102,0.000121583,0.000201459,0.00032571,0.011078293999999997,0.03032896899999999,0.046027584,0,False,395414b715fb0ba4,04faeeb0fc074e9b
04dd391a1745d787,top_25,two_corridor,abrupt,24,103,0,600,127,0.21166666666666667,47,0.47,0.12416666666666666,0.09075797872340426,0.09075797872340426,1,6,6,126,81,0.000136167,0.000199792,0.0007049160000000001,0.008807164999999997,0.03022539499999999,0.043930583,0,False,353952b246e3d6fd,04faeeb0fc074e9b
a9479ddd28d84cd6,repair_all,two_corridor,abrupt,24,103,0,600,118,0.19666666666666666,27,0.27,0.18083333333333335,0.0,0.0,1,24,17,118,75,0.000113042,0.00020125,0.001833585,0.008099709,0.030210047999999982,0.044460791,0,False,ddeff40e9bbaef4a,04faeeb0fc074e9b
ba773641f69f714b,lazy_0,two_corridor,abrupt,24,104,0,600,98,0.16333333333333333,16,0.16,0.15708333333333332,0.5501592356687898,0.5501592356687898,1,0,0,98,69,0.000122167,0.000216834,0.0,0.007422170999999999,0.029317536999999994,0.040783208,0,False,c3d7975e13271c60,6d727092446c3586
39ae794173fc9067,random_10,two_corridor,abrupt,24,104,1701,600,120,0.2,29,0.29,0.14875,0.24668259023354563,0.24668259023354563,1,3,3,120,79,0.000125041,0.000223917,0.000326875,0.008520375,0.029915342000000015,0.042863416,0,False,0995b780b6bdee6f,6d727092446c3586
83c2446db62951a0,random_10,two_corridor,abrupt,24,104,2903,600,102,0.17,33,0.33,0.16,0.10283970276008492,0.10283970276008492,1,3,3,102,71,0.000121167,0.000256417,0.00035270799999999997,0.007633918999999998,0.029933959000000017,0.041983042,0,False,314f67aae5cb976b,6d727092446c3586
e67da7a3d9582cd1,random_10,two_corridor,abrupt,24,104,4307,600,184,0.30666666666666664,45,0.45,0.13083333333333333,0.22452229299363058,0.22452229299363058,1,3,3,183,98,0.000135792,0.000229833,0.000324917,0.011198247000000001,0.03441688099999998,0.050507958,0,False,613b2689ea23bba7,6d727092446c3586
40537944325db609,random_25,two_corridor,abrupt,24,104,1701,600,111,0.185,30,0.3,0.17666666666666667,0.08558917197452229,0.08558917197452229,1,6,6,111,77,0.000144208,0.00022375,0.000656584,0.008358498000000002,0.03097308800000001,0.044180041,0,False,1bbf3365d0d7f1f3,6d727092446c3586
b4ac4aff340a2bee,random_25,two_corridor,abrupt,24,104,2903,600,116,0.19333333333333333,32,0.32,0.17,0.07550424628450106,0.07550424628450106,1,6,6,114,79,0.000143917,0.00022875,0.000652627,0.008913795999999998,0.034938034,0.048972083,0,False,e9d8485b7ea265c8,6d727092446c3586
01d6fc597baee7e4,random_25,two_corridor,abrupt,24,104,4307,600,110,0.18333333333333332,28,0.28,0.16791666666666666,0.13495222929936307,0.13495222929936307,1,6,6,110,76,0.00027675,0.000222417,0.000653084,0.008467370000000002,0.030322208999999985,0.043824125,0,False,2d7fcfe2d47271f9,6d727092446c3586
009b5158021c4327,top_10,two_corridor,abrupt,24,104,0,600,73,0.12166666666666667,22,0.22,0.165,0.480228237791932,0.480228237791932,1,3,3,72,52,0.000140292,0.000231209,0.000327042,0.005967376,0.031018178000000004,0.041809125,0,False,bf7b6da48e7643a7,6d727092446c3586
5e382268a7fb94b9,top_25,two_corridor,abrupt,24,104,0,600,141,0.235,38,0.38,0.14583333333333334,0.10642250530785562,0.10642250530785562,1,6,6,141,85,0.000127958,0.000231583,0.0006511240000000001,0.009833121999999994,0.03179350600000003,0.046801833,0,False,b1c1d6e0f0a1f8c2,6d727092446c3586
7591cad55ec004a0,repair_all,two_corridor,abrupt,24,104,0,600,97,0.16166666666666665,20,0.2,0.19833333333333333,0.0,0.0,1,24,23,97,68,0.000135084,0.000231792,0.002522584,0.0075692480000000015,0.03144028800000001,0.045917042,0,False,1d41110ad27fc353,6d727092446c3586
7b0710e7bf64819e,lazy_0,two_corridor,abrupt,24,105,0,600,136,0.22666666666666666,47,0.47,0.15208333333333332,0.08218549127640036,0.08218549127640036,1,0,0,135,81,0.000122958,0.000186666,0.0,0.008747426,0.030219153999999995,0.043156666,0,False,c89f970602b0f332,95ca38dd41bc4d8c
f6887c786f85d919,random_10,two_corridor,abrupt,24,105,1701,600,169,0.2816666666666667,38,0.38,0.11541666666666667,0.47107438016528924,0.47107438016528924,1,3,3,169,86,0.000124709,0.000190417,0.000328,0.009310382999999998,0.02995383400000001,0.0437815,0,False,2f82de667b83ec58,95ca38dd41bc4d8c
3115fe74652fa784,random_10,two_corridor,abrupt,24,105,2903,600,136,0.22666666666666666,47,0.47,0.15208333333333332,0.0779384756657484,0.0779384756657484,1,3,3,135,81,0.000118042,0.000185625,0.00032154199999999996,0.008827166,0.030222003,0.043551292,0,False,c89f970602b0f332,95ca38dd41bc4d8c
99c9374798504b16,random_10,two_corridor,abrupt,24,105,4307,600,162,0.27,36,0.36,0.1425,0.35674931129476584,0.35674931129476584,1,3,3,162,86,0.000119417,0.000183333,0.00031975,0.009243498999999999,0.029812457999999997,0.043575541,0,False,6f895dc41cf91fd2,95ca38dd41bc4d8c
c6631619b15ac94e,random_25,two_corridor,abrupt,24,105,1701,600,140,0.23333333333333334,47,0.47,0.18166666666666667,0.04924242424242424,0.04924242424242424,1,6,6,138,83,0.000118666,0.000183833,0.000637044,0.009026496000000002,0.030026160999999996,0.04388125,0,False,78ea69ee9402bcaf,95ca38dd41bc4d8c
ec41b6e671e93b6c,random_25,two_corridor,abrupt,24,105,2903,600,166,0.27666666666666667,34,0.34,0.14666666666666667,0.19306703397612487,0.19306703397612487,1,6,6,165,85,0.000127625,0.000186166,0.000641167,0.009345795999999998,0.030587585999999983,0.044836583,0,False,4abe03df1eb67d9a,95ca38dd41bc4d8c
c9d711a22b8943db,random_25,two_corridor,abrupt,24,105,4307,600,100,0.16666666666666666,29,0.29,0.16416666666666666,0.07610192837465565,0.07610192837465565,1,6,6,100,68,0.000121541,0.000187125,0.000639541,0.007430999,0.030441530999999997,0.042697333,0,False,43fe510d8df3d072,95ca38dd41bc4d8c
83adaa9c1c68b23a,top_10,two_corridor,abrupt,24,105,0,600,170,0.2833333333333333,37,0.37,0.12791666666666668,0.23473370064279153,0.23473370064279153,1,3,3,170,85,0.000129958,0.000193209,0.000324416,0.009261249,0.03381335200000002,0.047638334,0,False,f88645c81d9441e3,95ca38dd41bc4d8c
da20951e76d8a9b6,top_25,two_corridor,abrupt,24,105,0,600,96,0.16,31,0.31,0.16625,0.045224977043158865,0.045224977043158865,1,6,6,94,67,0.000118667,0.000187083,0.000647667,0.007248787000000003,0.03012453500000002,0.042215041,0,False,6203a00ac1d864c8,95ca38dd41bc4d8c
a633fc521dbe7137,repair_all,two_corridor,abrupt,24,105,0,600,157,0.26166666666666666,34,0.34,0.17458333333333334,0.0,0.0,1,24,22,157,85,0.000118708,0.000188291,0.002321334,0.009191376999999999,0.030054203000000005,0.045920167,0,False,64fea8086b325e7f,95ca38dd41bc4d8c
2c801282d0619933,lazy_0,two_corridor,abrupt,24,106,0,600,176,0.29333333333333333,39,0.39,0.12916666666666668,0.2828282828282828,0.2828282828282828,1,0,0,176,85,0.000129209,0.000203959,0.0,0.009190200999999999,0.029875749999999993,0.043206583,0,False,3c5f2a1a64688226,0d436a830c8a1fed
31666e77b118193a,random_10,two_corridor,abrupt,24,106,1701,600,158,0.2633333333333333,40,0.4,0.1725,0.09772727272727273,0.09772727272727273,1,3,3,158,82,0.000273875,0.000203416,0.000318207,0.008891292999999998,0.029829781000000014,0.043310292,0,False,656abc3b07424aec,0d436a830c8a1fed
2228159b5efce313,random_10,two_corridor,abrupt,24,106,2903,600,141,0.235,37,0.37,0.15333333333333332,0.13446969696969696,0.13446969696969696,1,3,2,141,79,0.000123459,0.00020675,0.00022058400000000001,0.008576957999999999,0.030200842000000016,0.043110958,0,False,d63c809bdb6ba2d1,0d436a830c8a1fed
7a17840fa92d655a,random_10,two_corridor,abrupt,24,106,4307,600,179,0.29833333333333334,38,0.38,0.13375,0.3683080808080808,0.3683080808080808,1,3,3,179,85,0.000120584,0.000207209,0.000321916,0.00919537,0.029548945999999996,0.043193916,0,False,7edba11ed789d738,0d436a830c8a1fed
dd0a6986d4b9ed49,random_25,two_corridor,abrupt,24,106,1701,600,158,0.2633333333333333,28,0.28,0.16833333333333333,0.06224747474747475,0.06224747474747475,1,6,5,157,83,0.000118375,0.000214958,0.000535375,0.008986003000000001,0.030412883000000016,0.044074875,0,False,97913628f363ec85,0d436a830c8a1fed
4b0d4d4ad2e2bf4f,random_25,two_corridor,abrupt,24,106,2903,600,157,0.26166666666666666,29,0.29,0.14583333333333334,0.1919191919191919,0.1919191919191919,1,6,5,156,84,0.000118292,0.000204792,0.000535667,0.009045455,0.029618294999999996,0.043365834,0,False,d79281e35e70d8a9,0d436a830c8a1fed
d20a901336f92edc,random_25,two_corridor,abrupt,24,106,4307,600,176,0.29333333333333333,47,0.47,0.18,0.06742424242424243,0.06742424242424243,1,6,6,174,87,0.000118875,0.000205875,0.000651457,0.009359747000000002,0.030378155000000018,0.044525458,0,False,16027b53565938e5,0d436a830c8a1fed
8f873a16a2b20688,top_10,two_corridor,abrupt,24,106,0,600,134,0.22333333333333333,32,0.32,0.14041666666666666,0.41818181818181815,0.41818181818181815,1,3,3,134,76,0.000119916,0.000205667,0.00032120900000000003,0.008337289999999999,0.02981151099999997,0.042602458,0,False,f98d9009c95156ca,0d436a830c8a1fed
91da238d08665c1d,top_25,two_corridor,abrupt,24,106,0,600,132,0.22,33,0.33,0.175,0.07537878787878788,0.07537878787878788,1,6,5,131,78,0.000129458,0.000214042,0.0005428340000000001,0.008573296000000001,0.030386217999999986,0.0437135,0,False,8ea11dfbf7450597,0d436a830c8a1fed
8f9c4f292f888aa0,repair_all,two_corridor,abrupt,24,106,0,600,139,0.23166666666666666,17,0.17,0.18875,0.0,0.0,1,24,19,139,79,0.000125417,0.000209375,0.002071209,0.008469121,0.030292743000000004,0.04507175,0,False,579ef12c7382f762,0d436a830c8a1fed
338a608539bacd26,lazy_0,two_corridor,abrupt,24,107,0,600,119,0.19833333333333333,14,0.14,0.17333333333333334,0.695733104238259,0.695733104238259,1,0,0,118,81,0.000110083,0.000230333,0.0,0.008686043000000004,0.028837589999999982,0.041504958,0,False,8ad9d02312a30d75,32008c45b9b8e482
3ece136f4ca199b2,random_10,two_corridor,abrupt,24,107,1701,600,127,0.21166666666666667,9,0.09,0.16291666666666665,0.5279209621993127,0.5279209621993127,1,3,3,127,86,0.000103875,0.000224292,0.000316792,0.009190296000000006,0.029362409000000013,0.042848125,0,False,f64b29d479234537,32008c45b9b8e482
f76f1955d7800905,random_10,two_corridor,abrupt,24,107,2903,600,144,0.24,27,0.27,0.14916666666666667,0.49097938144329895,0.49097938144329895,1,3,3,144,93,0.000105208,0.000227,0.000322709,0.009889127,0.029294329999999966,0.043475,0,False,3ef91f8f742a3e5c,32008c45b9b8e482
bdbcf5d31546b526,random_10,two_corridor,abrupt,24,107,4307,600,149,0.24833333333333332,13,0.13,0.16833333333333333,0.39862542955326463,0.39862542955326463,1,3,3,149,99,0.000104792,0.00022325,0.00032125000000000003,0.010482583999999996,0.02973174599999999,0.044508458,0,False,5bbdfe24ddd8f012,32008c45b9b8e482
5b6ca017edd5b904,random_25,two_corridor,abrupt,24,107,1701,600,168,0.28,49,0.49,0.18208333333333335,0.1095360824742268,0.1095360824742268,1,6,5,168,102,0.000102208,0.000223375,0.000537126,0.010808034000000005,0.029650740999999998,0.044991,0,False,da5d8e1bf116cdeb,32008c45b9b8e482
093af861e40a6fc3,random_25,two_corridor,abrupt,24,107,2903,600,116,0.19333333333333333,41,0.41,0.16875,0.1102520045819015,0.1102520045819015,1,6,6,116,78,0.000105333,0.000228125,0.0006467070000000001,0.008341416999999999,0.029811766000000017,0.042761166,0,False,3470189e34e15410,32008c45b9b8e482
bae0cf223f26c430,random_25,two_corridor,abrupt,24,107,4307,600,137,0.22833333333333333,39,0.39,0.16875,0.1265750286368843,0.1265750286368843,1,6,6,137,94,0.000115625,0.000228166,0.000664792,0.009983879000000001,0.029666423,0.04438075,0,False,c13e05633006002b,32008c45b9b8e482
8af4773b89aa6d43,top_10,two_corridor,abrupt,24,107,0,600,144,0.24,27,0.27,0.15125,0.3234536082474227,0.3234536082474227,1,3,2,143,92,0.000108208,0.000225,0.00021329200000000002,0.009798250000000003,0.029771497000000004,0.04373725,0,False,6dcb19bffd5d65c7,32008c45b9b8e482
27c74f804eaf00aa,top_25,two_corridor,abrupt,24,107,0,600,117,0.195,31,0.31,0.17833333333333334,0.09163802978235969,0.09163802978235969,1,6,4,117,81,0.000103042,0.000223625,0.000427167,0.008603414999999998,0.029425830000000035,0.04252625,0,False,c9bc586456beed87,32008c45b9b8e482
041cfc6d28434974,repair_all,two_corridor,abrupt,24,107,0,600,122,0.20333333333333334,10,0.1,0.185,0.0,0.0,1,24,19,122,82,0.00010225,0.000221959,0.002004623,0.008716700999999999,0.029355484999999973,0.044218583,0,False,32a8a9c26a8df3b3,32008c45b9b8e482
83b091bf6e725942,lazy_0,two_corridor,abrupt,24,108,0,600,107,0.17833333333333334,0,0.0,0.16916666666666666,0.4116847826086957,0.4116847826086957,1,0,0,107,73,0.000100917,0.000210834,0.0,0.007740376000000002,0.029301721000000013,0.041044292,0,False,cfd4536ba06025fe,0dd8d979de3d4e89
67aeb8afabc94a73,random_10,two_corridor,abrupt,24,108,1701,600,129,0.215,44,0.44,0.14375,0.14436141304347827,0.14436141304347827,1,3,3,129,79,0.000104375,0.000214125,0.000316458,0.008391990000000002,0.029257182000000014,0.041985125,0,False,103a6066a3d5d4ab,0dd8d979de3d4e89
21113bed2b6e1de4,random_10,two_corridor,abrupt,24,108,2903,600,169,0.2816666666666667,20,0.2,0.16083333333333333,0.4860733695652174,0.4860733695652174,1,3,3,169,93,0.000107458,0.000216041,0.000323542,0.009870007000000002,0.029274634999999993,0.043593041,0,False,255fd1b3bf5356f7,0dd8d979de3d4e89
767b0281f642edb2,random_10,two_corridor,abrupt,24,108,4307,600,158,0.2633333333333333,16,0.16,0.1775,0.5704257246376812,0.5704257246376812,1,3,3,158,94,0.000124292,0.000222708,0.000325084,0.010109626,0.02925755100000003,0.043869583,0,False,17341326aacfda5b,0dd8d979de3d4e89
df09f9d5b9c93f74,random_25,two_corridor,abrupt,24,108,1701,600,125,0.20833333333333334,21,0.21,0.14166666666666666,0.29721467391304346,0.29721467391304346,1,6,6,124,83,0.00010725,0.000212167,0.000632751,0.008808206000000004,0.02930503699999999,0.042932625,0,False,f88a91525944638f,0dd8d979de3d4e89
11d134b896d7863a,random_25,two_corridor,abrupt,24,108,2903,600,85,0.14166666666666666,9,0.09,0.13958333333333334,0.5620471014492754,0.5620471014492754,1,6,6,85,65,0.000104708,0.0002125,0.000628709,0.006905627000000001,0.028684026999999997,0.040308125,0,False,025f86168db85ad6,0dd8d979de3d4e89
8dfd089d366c280e,random_25,two_corridor,abrupt,24,108,4307,600,107,0.17833333333333334,23,0.23,0.16916666666666666,0.21795742753623187,0.21795742753623187,1,6,6,107,78,0.000104333,0.00021075,0.0006269979999999999,0.008321463000000005,0.02936467300000002,0.042362541,0,False,68d0d9c4522e19ce,0dd8d979de3d4e89
10cf152a61d6e096,top_10,two_corridor,abrupt,24,108,0,600,100,0.16666666666666666,22,0.22,0.14,0.430366847826087,0.430366847826087,1,3,3,100,71,0.000105333,0.000212416,0.000325833,0.007588077000000001,0.028741956000000006,0.040707083,0,False,ad4a66e34c401378,0dd8d979de3d4e89
d95661edd3a02fb4,top_25,two_corridor,abrupt,24,108,0,600,117,0.195,18,0.18,0.14625,0.47248641304347827,0.47248641304347827,1,6,6,117,83,0.000110083,0.000214042,0.0006390839999999999,0.008792585,0.02891112999999998,0.042408042,0,False,080b94ce67d91f90,0dd8d979de3d4e89
8c60458a4bd3d7d6,repair_all,two_corridor,abrupt,24,108,0,600,130,0.21666666666666667,18,0.18,0.2025,0.0,0.0,1,24,23,130,79,0.000132459,0.000230667,0.0024409989999999997,0.008616416999999996,0.030807865999999993,0.046350042,0,False,e03ef285ab8d1bfd,0dd8d979de3d4e89
7abf36a3b3e80c8a,lazy_0,two_corridor,abrupt,24,109,0,600,95,0.15833333333333333,19,0.19,0.15041666666666667,0.5785207700101317,0.5785207700101317,1,0,0,94,62,0.000123875,0.000245041,0.0,0.006709662999999999,0.02922694700000001,0.04006475,0,False,f8752085cf9514c3,fe4d8437ad5a5148
0f393e1b2bc057c2,random_10,two_corridor,abrupt,24,109,1701,600,178,0.2966666666666667,36,0.36,0.155,0.18427051671732522,0.18427051671732522,1,3,3,178,108,0.000127333,0.000268167,0.000327917,0.011852454999999996,0.030592646999999955,0.047040625,0,False,64d73a71c4a3cef1,fe4d8437ad5a5148
6b7ec16e6e1faf84,random_10,two_corridor,abrupt,24,109,2903,600,145,0.24166666666666667,26,0.26,0.165,0.31534954407294835,0.31534954407294835,1,3,3,145,96,0.000287667,0.000253833,0.000329333,0.010399204999999996,0.029548257000000005,0.044690834,0,False,baeda1a0ccf7f16e,fe4d8437ad5a5148
99a4ffdcaf4dee7e,random_10,two_corridor,abrupt,24,109,4307,600,100,0.16666666666666666,36,0.36,0.14375,0.1339918946301925,0.1339918946301925,1,3,3,99,65,0.000124292,0.000247291,0.000324583,0.007105001999999999,0.029817116000000022,0.041340375,0,False,87e2a67b0bc3f0a3,fe4d8437ad5a5148
32047ef75b7d6e1b,random_25,two_corridor,abrupt,24,109,1701,600,99,0.165,16,0.16,0.1425,0.5395136778115501,0.5395136778115501,1,6,6,98,67,0.000122375,0.000247625,0.0006453320000000001,0.007186621000000001,0.028957218000000007,0.040937291,0,False,47a6bc52390ef91c,fe4d8437ad5a5148
50da145d282865b9,random_25,two_corridor,abrupt,24,109,2903,600,165,0.275,26,0.26,0.13041666666666665,0.20858662613981763,0.20858662613981763,1,6,6,165,105,0.000123209,0.000248167,0.000648667,0.011318079000000003,0.030512032000000005,0.046775458,0,False,b41a5ee3bf836092,fe4d8437ad5a5148
a4169a83c448b5eb,random_25,two_corridor,abrupt,24,109,4307,600,108,0.18,20,0.2,0.165,0.5581306990881459,0.5581306990881459,1,6,5,108,75,0.000121,0.000244584,0.000532124,0.008144829999999999,0.029058824000000018,0.041861459,0,False,2f169b596a6ad528,fe4d8437ad5a5148
3c83671749014ebf,top_10,two_corridor,abrupt,24,109,0,600,118,0.19666666666666666,8,0.08,0.1475,0.7917933130699089,0.7917933130699089,1,3,3,118,79,0.000113375,0.000243833,0.000325124,0.008549373999999995,0.029731500000000004,0.042712625,0,False,7b3e163461f23e83,fe4d8437ad5a5148
171d3447a934262c,top_25,two_corridor,abrupt,24,109,0,600,141,0.235,23,0.23,0.13791666666666666,0.23885511651469096,0.23885511651469096,1,6,6,140,93,0.000121458,0.0002475,0.000642999,0.010026004,0.029722404999999997,0.044613584,0,False,3a3a003888e4bff0,fe4d8437ad5a5148
f4a682648c042648,repair_all,two_corridor,abrupt,24,109,0,600,136,0.22666666666666666,10,0.1,0.17041666666666666,0.0,0.0,1,24,21,136,91,0.000263792,0.000405541,0.002254835,0.009786627000000003,0.033250623999999986,0.049954125,0,False,a6c16299b0ef90e2,fe4d8437ad5a5148
a8aafca2b885f38f,lazy_0,two_corridor,abrupt,24,110,0,600,175,0.2916666666666667,46,0.46,0.14166666666666666,0.19362745098039216,0.19362745098039216,1,0,0,175,90,0.000129625,0.00022325,0.0,0.009859506000000002,0.030011384999999977,0.043979709,0,True,c727cbe458a4bbf7,d6338ea7a31c1764
1d01af827fe61378,random_10,two_corridor,abrupt,24,110,1701,600,227,0.37833333333333335,37,0.37,0.135,0.5191753171856978,0.5191753171856978,1,3,3,226,113,0.000274708,0.000226208,0.0003285,0.012255673,0.029729621000000015,0.046654709,0,False,c75d23c0e6bb7737,d6338ea7a31c1764
f8ceed69fead0afd,random_10,two_corridor,abrupt,24,110,2903,600,229,0.38166666666666665,33,0.33,0.16083333333333333,0.2586505190311419,0.2586505190311419,1,3,3,229,114,0.000269417,0.000217291,0.000329042,0.012245375000000001,0.029830262000000007,0.04672225,0,False,4bf828a7ff4b65b1,d6338ea7a31c1764
06a5ebf80d730110,random_10,two_corridor,abrupt,24,110,4307,600,202,0.33666666666666667,47,0.47,0.11041666666666666,0.18886966551326415,0.18886966551326415,1,3,3,202,105,0.000119625,0.000218291,0.00032225,0.011257409999999999,0.029689706999999982,0.04540875,0,False,878b96f3ced1189c,d6338ea7a31c1764
0b44f7f33c57f612,random_25,two_corridor,abrupt,24,110,1701,600,215,0.35833333333333334,57,0.57,0.13583333333333333,0.10928489042675893,0.10928489042675893,1,6,5,215,108,0.000120417,0.000218208,0.000543209,0.011631878,0.030438284999999985,0.046746333,0,False,c3e0c2d4db0f4eb3,d6338ea7a31c1764
32f0d61c950ae845,random_25,two_corridor,abrupt,24,110,2903,600,211,0.3516666666666667,30,0.3,0.1325,0.5158592848904268,0.5158592848904268,1,6,6,211,109,0.000126125,0.000222209,0.000645125,0.011798494000000003,0.029321013000000014,0.04598475,0,False,191c686e21e10584,d6338ea7a31c1764
41b61dbc4d0f38c2,random_25,two_corridor,abrupt,24,110,4307,600,201,0.335,17,0.17,0.15833333333333333,0.16580161476355249,0.16580161476355249,1,6,6,200,102,0.00013125,0.000218292,0.000639126,0.011007079999999999,0.030282234999999963,0.046104417,0,False,0d5db6c2b5d85bb8,d6338ea7a31c1764
a63d84c1225123a4,top_10,two_corridor,abrupt,24,110,0,600,221,0.36833333333333335,29,0.29,0.1525,0.26124567474048443,0.26124567474048443,1,3,2,221,112,0.000124209,0.000220958,0.00021583399999999998,0.012050544,0.02992279000000002,0.046321625,0,False,7900143894c079db,d6338ea7a31c1764
7840126ea6f66d99,top_25,two_corridor,abrupt,24,110,0,600,193,0.32166666666666666,31,0.31,0.16,0.16825259515570934,0.16825259515570934,1,6,4,193,101,0.000125875,0.000220041,0.000434501,0.010889127999999998,0.03034221500000001,0.045771625,0,False,914cb4b514029be9,d6338ea7a31c1764
78d6f9cf6ee4da26,repair_all,two_corridor,abrupt,24,110,0,600,168,0.28,12,0.12,0.19916666666666666,0.0,0.0,1,24,20,168,90,0.000120583,0.000220667,0.002135793,0.009679962,0.02994174699999999,0.046024,0,False,d442367a43a0d411,d6338ea7a31c1764
ef0b8f69e3b2cb4c,lazy_0,two_corridor,abrupt,24,111,0,600,211,0.3516666666666667,43,0.43,0.10791666666666666,0.4461111111111111,0.4461111111111111,1,0,0,208,112,0.000117917,0.000198334,0.0,0.012048757000000004,0.02981900199999999,0.045983209,0,False,e4e226879aa6dcd4,58fb80e85cf87816
c500c2d272e4867a,random_10,two_corridor,abrupt,24,111,1701,600,206,0.3433333333333333,56,0.56,0.13958333333333334,0.0661111111111111,0.0661111111111111,1,3,3,205,105,0.000127292,0.000205458,0.000431375,0.011403496999999999,0.030738219000000008,0.046851291,0,False,e29325d694480023,58fb80e85cf87816
d87241a085dd057c,random_10,two_corridor,abrupt,24,111,2903,600,215,0.35833333333333334,45,0.45,0.14,0.08486111111111111,0.08486111111111111,1,3,2,215,110,0.00012375,0.00020375,0.000218792,0.011954953999999993,0.030958434000000024,0.047406209,0,False,f4a05d53dc6bcdd1,58fb80e85cf87816
6e7aae3496c5cd72,random_10,two_corridor,abrupt,24,111,4307,600,182,0.30333333333333334,47,0.47,0.14583333333333334,0.060138888888888895,0.060138888888888895,1,3,3,182,96,0.000132709,0.000207833,0.000322874,0.010462417999999998,0.030804174999999996,0.045728708,0,False,bb642f6daaee586a,58fb80e85cf87816
84b895d84c0b13d6,random_25,two_corridor,abrupt,24,111,1701,600,234,0.39,54,0.54,0.14791666666666667,0.05347222222222223,0.05347222222222223,1,6,6,233,114,0.00012775,0.0002055,0.000676293,0.012655287000000001,0.031091160999999996,0.048731042,0,False,3a41a4e0275824cb,58fb80e85cf87816
1c45257920927326,random_25,two_corridor,abrupt,24,111,2903,600,183,0.305,47,0.47,0.09,0.15013888888888888,0.15013888888888888,1,6,5,183,98,0.000140834,0.000204916,0.000595376,0.010662461000000003,0.030482367999999996,0.045846459,0,False,5a396593a9dadcff,58fb80e85cf87816
30c103291b028cf6,random_25,two_corridor,abrupt,24,111,4307,600,204,0.34,55,0.55,0.16,0.04666666666666667,0.04666666666666667,1,6,6,204,105,0.000113916,0.000198959,0.000639915,0.011217381000000002,0.030159172999999966,0.046190167,0,False,7fcb842517a62cc9,58fb80e85cf87816
8668753e9d1ec97c,top_10,two_corridor,abrupt,24,111,0,600,219,0.365,55,0.55,0.14458333333333334,0.0626388888888889,0.0626388888888889,1,3,3,218,112,0.00011825,0.000202375,0.00032620800000000003,0.01210225,0.03069869700000005,0.0472315,0,False,0e0901210a38f610,58fb80e85cf87816
f8ea8f6801ca4f37,top_25,two_corridor,abrupt,24,111,0,600,229,0.38166666666666665,35,0.35,0.1675,0.04833333333333333,0.04833333333333333,1,6,6,229,116,0.000128792,0.000208875,0.000652084,0.012581414999999995,0.03056650200000001,0.048060667,0,False,cb954181452e020e,58fb80e85cf87816
eedd73c027b280eb,repair_all,two_corridor,abrupt,24,111,0,600,217,0.3616666666666667,38,0.38,0.17583333333333334,0.0,0.0,1,23,18,217,110,0.000117417,0.000197125,0.0018981249999999999,0.011774128000000003,0.030372748000000012,0.048230542,0,False,1475965586c38f4f,58fb80e85cf87816
170bb7ed4dd6b059,lazy_0,two_corridor,recurring,24,100,0,600,216,0.36,39,0.39,0.14541666666666667,0.2331223628691983,0.2331223628691983,2,0,0,216,139,0.00021916699999999998,0.000362875,0.0,0.014840372999999999,0.029504126000000006,0.048816708,0,False,57b48213efa5a1b4,20ef6712050708d6
85ada9887ff1312c,random_10,two_corridor,recurring,24,100,1701,600,137,0.22833333333333333,50,0.5,0.1725,0.185126582278481,0.185126582278481,2,6,6,137,96,0.000211501,0.00037950099999999997,0.000633874,0.010226367999999996,0.029701535000000015,0.045002917,0,False,e33a616c7a00a52b,20ef6712050708d6
7150b7ef6d088539,random_10,two_corridor,recurring,24,100,2903,600,173,0.28833333333333333,39,0.39,0.14541666666666667,0.11571729957805908,0.11571729957805908,2,6,6,172,116,0.000207916,0.00034774999999999997,0.000636335,0.012319208999999998,0.029884052000000005,0.047322042,0,False,498b9dcdcacab1ff,20ef6712050708d6
6e1b24a121a1eb5b,random_10,two_corridor,recurring,24,100,4307,600,118,0.19666666666666666,23,0.23,0.16291666666666665,0.33744725738396625,0.33744725738396625,2,6,6,118,88,0.000208375,0.000356042,0.000638709,0.009319207,0.028963801000000004,0.043289,0,True,ebe01625a2d1c508,20ef6712050708d6
68024bb886be0efe,random_25,two_corridor,recurring,24,100,1701,600,157,0.26166666666666666,54,0.54,0.16875,0.16054852320675106,0.16054852320675106,2,12,11,157,109,0.000213583,0.000371957,0.0011703339999999999,0.011623832999999998,0.02976590299999998,0.047062708,0,False,2fee1f825a7b3283,20ef6712050708d6
c5db12156987896f,random_25,two_corridor,recurring,24,100,2903,600,114,0.19,36,0.36,0.15833333333333333,0.22563291139240507,0.22563291139240507,2,12,11,114,81,0.000222126,0.00039466800000000004,0.0011667079999999998,0.008608294999999997,0.029219976999999987,0.043579916,0,False,72effa63d79feddc,20ef6712050708d6
7865316b51ddd9ec,random_25,two_corridor,recurring,24,100,4307,600,115,0.19166666666666668,34,0.34,0.17375,0.32985232067510545,0.32985232067510545,2,12,11,115,83,0.000219667,0.00039254199999999996,0.001154789,0.008840918999999997,0.02937536799999999,0.043855083,0,False,5fdd1b279fd39492,20ef6712050708d6
717b229609dfd05d,top_10,two_corridor,recurring,24,100,0,600,175,0.2916666666666667,49,0.49,0.15833333333333333,0.3342827004219409,0.3342827004219409,2,6,6,175,108,0.000208209,0.000371916,0.000639207,0.011456543000000001,0.029332995000000032,0.045942083,0,False,79d0afa1676a3e48,20ef6712050708d6
517da6f9e07e5942,top_25,two_corridor,recurring,24,100,0,600,140,0.23333333333333334,25,0.25,0.16666666666666666,0.14145569620253165,0.14145569620253165,2,12,11,140,99,0.0002115,0.000361208,0.001167666,0.010516792000000002,0.029599127,0.045765375,0,False,0357b23c8b9ed184,20ef6712050708d6
676a8b3b624382e5,repair_all,two_corridor,recurring,24,100,0,600,143,0.23833333333333334,27,0.27,0.18166666666666667,0.0,0.0,2,45,39,143,104,0.000210209,0.000323375,0.004092836,0.011198202999999997,0.029937583999999993,0.049920583,0,False,30e0ae25178bf3e3,20ef6712050708d6
0d1c54cc7b61887e,lazy_0,two_corridor,recurring,24,101,0,600,250,0.4166666666666667,55,0.55,0.17708333333333334,0.14454976303317535,0.14454976303317535,2,0,0,249,153,0.000207042,0.00040137500000000004,0.0,0.016315034000000006,0.03037087299999998,0.051337833,0,False,aba17663d3f2fce4,8d2f7de82df86609
065e67f0a98c059c,random_10,two_corridor,recurring,24,101,1701,600,170,0.2833333333333333,24,0.24,0.16458333333333333,0.12026066350710901,0.12026066350710901,2,6,6,170,118,0.00020774999999999998,0.000428792,0.000646123,0.012500501999999993,0.02978799799999999,0.047599333,0,False,8c60ec8fb65b331c,8d2f7de82df86609
297f4622f40e83b4,random_10,two_corridor,recurring,24,101,2903,600,223,0.37166666666666665,55,0.55,0.17708333333333334,0.28050947867298576,0.28050947867298576,2,6,6,222,136,0.000222375,0.000416208,0.000648916,0.014449502999999997,0.02958058099999999,0.049308292,0,False,d5f4e619fdf85ee6,8d2f7de82df86609
67994c44b9cd42fe,random_10,two_corridor,recurring,24,101,4307,600,208,0.3466666666666667,32,0.32,0.17791666666666667,0.1749605055292259,0.1749605055292259,2,6,6,207,138,0.00020649999999999998,0.000414333,0.0006360840000000001,0.014671125000000002,0.02985053799999999,0.049875833,0,False,c0251739549617fb,8d2f7de82df86609
907d8d192db8299d,random_25,two_corridor,recurring,24,101,1701,600,214,0.3566666666666667,35,0.35,0.19208333333333333,0.1103870458135861,0.1103870458135861,2,12,11,214,144,0.000206333,0.00039395900000000004,0.001162499,0.015386377,0.02980083300000001,0.051009875,0,False,2c7bd2c1f1c9cdc4,8d2f7de82df86609
592d278e1e135e55,random_25,two_corridor,recurring,24,101,2903,600,154,0.25666666666666665,45,0.45,0.1575,0.2473341232227488,0.2473341232227488,2,12,12,154,106,0.000209166,0.00042841600000000004,0.0012601230000000001,0.011307415999999999,0.029565078000000012,0.046762,0,False,da2e52be936b52a5,8d2f7de82df86609
6f7a8805bf156113,random_25,two_corridor,recurring,24,101,4307,600,194,0.3233333333333333,38,0.38,0.17,0.11088072669826224,0.11088072669826224,2,12,12,193,128,0.000202208,0.000409375,0.0012613770000000002,0.013534625000000002,0.029409532000000013,0.048892208,0,False,4231dc923ac41804,8d2f7de82df86609
833835960123d8a0,top_10,two_corridor,recurring,24,101,0,600,189,0.315,35,0.35,0.16833333333333333,0.16804897314375988,0.16804897314375988,2,6,6,189,126,0.0002075,0.000400166,0.0006933320000000001,0.013374953,0.02954128000000001,0.04819,0,False,d2da18fd64c8d1a1,8d2f7de82df86609
ca09997e1b74d692,top_25,two_corridor,recurring,24,101,0,600,193,0.32166666666666666,46,0.46,0.155,0.08076619273301738,0.08076619273301738,2,12,12,193,125,0.00020737499999999999,0.00039229200000000003,0.0012627509999999999,0.013331460999999994,0.02974805899999997,0.049058625,0,False,d51bcb299486b8f0,8d2f7de82df86609
e9d38b4a73875484,repair_all,two_corridor,recurring,24,101,0,600,170,0.2833333333333333,28,0.28,0.17625,0.0,0.0,2,48,45,170,117,0.00020625,0.00042425,0.004740212000000001,0.012422707999999996,0.03019754199999999,0.052319041,0,False,5adff0b3462aabad,8d2f7de82df86609
90fb92d95d304c76,lazy_0,two_corridor,recurring,24,102,0,600,225,0.375,51,0.51,0.15625,0.2809108527131783,0.2809108527131783,2,0,0,225,143,0.000204833,0.000362459,0.0,0.015204413000000002,0.02930939400000002,0.049002042,0,False,60ac276b09fbb640,4f74e11606416f22
e6192168fbfb400c,random_10,two_corridor,recurring,24,102,1701,600,163,0.27166666666666667,56,0.56,0.12875,0.4982558139534884,0.4982558139534884,2,6,6,163,105,0.000222292,0.000398917,0.000643041,0.011132495,0.03282103399999997,0.0491825,0,False,7648e8f1469bee7e,4f74e11606416f22
6775f883ad7b22f7,random_10,two_corridor,recurring,24,102,2903,600,194,0.3233333333333333,43,0.43,0.15708333333333332,0.12819767441860466,0.12819767441860466,2,6,6,194,128,0.000204042,0.00040954100000000003,0.000678667,0.013523372999999998,0.02952236,0.048330875,0,False,aae512524008d699,4f74e11606416f22
67405872edf1b338,random_10,two_corridor,recurring,24,102,4307,600,190,0.31666666666666665,34,0.34,0.15583333333333332,0.3323643410852713,0.3323643410852713,2,6,6,190,126,0.00022320800000000002,0.000401958,0.0006617509999999999,0.013394251999999994,0.029787016000000006,0.048459541,0,False,4dd76260d5e4cb85,4f74e11606416f22
9d7afadecb97f71d,random_25,two_corridor,recurring,24,102,1701,600,196,0.32666666666666666,61,0.61,0.14916666666666667,0.09127906976744186,0.09127906976744186,2,12,12,196,121,0.000342667,0.000362959,0.0012609980000000002,0.012788542000000002,0.029390159999999978,0.048144917,0,False,5cbaa0a106c2d336,4f74e11606416f22
2f537d637971d055,random_25,two_corridor,recurring,24,102,2903,600,195,0.325,51,0.51,0.15958333333333333,0.2311046511627907,0.2311046511627907,2,12,11,195,127,0.00035825,0.000400791,0.001175627,0.013424203000000001,0.02950543199999997,0.04890375,0,False,c43aac94f6b55c62,4f74e11606416f22
e7b0b443cecfd816,random_25,two_corridor,recurring,24,102,4307,600,242,0.4033333333333333,51,0.51,0.17875,0.13265503875968992,0.13265503875968992,2,12,12,242,143,0.000206416,0.000402083,0.001301374,0.015071751000000003,0.029787096000000048,0.050832667,0,False,0aff72bd0837837f,4f74e11606416f22
3938b1bac8667d42,top_10,two_corridor,recurring,24,102,0,600,193,0.32166666666666666,43,0.43,0.17375,0.2257751937984496,0.2257751937984496,2,6,6,193,125,0.000207541,0.000379125,0.000634291,0.013247299000000006,0.029268618,0.047750375,0,False,024ca67d9a977b03,4f74e11606416f22
e0c34ac316408eab,top_25,two_corridor,recurring,24,102,0,600,192,0.32,42,0.42,0.15625,0.05881782945736434,0.05881782945736434,2,12,12,192,126,0.000208542,0.00037562399999999997,0.0012690830000000003,0.013424371999999999,0.030149837000000006,0.049451666,0,False,a8e575741cd57043,4f74e11606416f22
702c28cff7c7c69e,repair_all,two_corridor,recurring,24,102,0,600,178,0.2966666666666667,23,0.23,0.17916666666666667,0.0,0.0,2,47,42,178,114,0.000206042,0.000332292,0.004373793,0.012123212,0.029842579000000015,0.051199667,0,False,2d1f53388077a766,4f74e11606416f22
1deed19505a5df70,lazy_0,two_corridor,recurring,24,103,0,600,209,0.34833333333333333,42,0.42,0.14458333333333334,0.21821705426356588,0.21821705426356588,2,0,0,209,130,0.000207042,0.000419709,0.0,0.013916039000000002,0.030283911999999996,0.048842833,0,False,fdfd6b88d9eb9fce,9b3da27364853758
b7feb33b319ccbe6,random_10,two_corridor,recurring,24,103,1701,600,94,0.15666666666666668,29,0.29,0.14958333333333335,0.6449612403100775,0.8026162790697674,2,6,6,94,63,0.000229458,0.000451666,0.0006505829999999999,0.006763376999999998,0.028531067999999986,0.040517125,0,False,15fe88a866c47227,9b3da27364853758
b041b50b367835f9,random_10,two_corridor,recurring,24,103,2903,600,132,0.22,20,0.2,0.16541666666666666,0.3946705426356589,0.42839147286821705,2,6,6,132,90,0.00021425,0.000418001,0.000639209,0.009633422999999999,0.029561953999999994,0.0443945,0,False,1ec23e6aa2a1665c,9b3da27364853758
52d572c8b08e0e8f,random_10,two_corridor,recurring,24,103,4307,600,178,0.2966666666666667,24,0.24,0.13958333333333334,0.2312015503875969,0.2312015503875969,2,6,6,176,122,0.000347625,0.000423584,0.000625667,0.012975828999999994,0.029583719999999997,0.047963709,0,False,ec8f57e0986e65b0,9b3da27364853758
0e7cc00f5f62a1c4,random_25,two_corridor,recurring,24,103,1701,600,176,0.29333333333333333,31,0.31,0.15125,0.15416666666666667,0.15416666666666667,2,12,12,176,119,0.000205417,0.000390251,0.0012714170000000002,0.012665882,0.030009583000000045,0.048560667,0,False,dc1f02f081ad4bf4,9b3da27364853758
4be658c968c20b23,random_25,two_corridor,recurring,24,103,2903,600,206,0.3433333333333333,31,0.31,0.1575,0.14011627906976745,0.14011627906976745,2,12,12,206,135,0.00036487499999999996,0.000447792,0.00126325,0.014356282999999994,0.030256519000000016,0.050904166,0,False,8289a57debb8414b,9b3da27364853758
e419bf982d56cf1b,random_25,two_corridor,recurring,24,103,4307,600,155,0.25833333333333336,46,0.46,0.15625,0.3993217054263566,0.3993217054263566,2,12,12,155,101,0.00020612499999999998,0.000438541,0.001264458,0.010795208,0.029388077000000012,0.046067875,0,True,8267d6d8eb4e3c18,9b3da27364853758
484a205e3db13b80,top_10,two_corridor,recurring,24,103,0,600,156,0.26,18,0.18,0.15416666666666667,0.4737403100775194,0.5880813953488372,2,6,6,155,97,0.00021304199999999998,0.0004465,0.000674834,0.010295289999999999,0.02952945899999999,0.045172667,0,False,64222e31fec83987,9b3da27364853758
801c82ffccc3a573,top_25,two_corridor,recurring,24,103,0,600,158,0.2633333333333333,26,0.26,0.17375,0.1296511627906977,0.1296511627906977,2,12,11,158,109,0.000207166,0.000446125,0.001159708,0.011645504,0.029255671000000007,0.046707291,0,False,953ece63f831b3d0,9b3da27364853758
cefc6b2c66a8df75,repair_all,two_corridor,recurring,24,103,0,600,133,0.22166666666666668,16,0.16,0.18458333333333332,0.0,0.0,2,48,42,133,91,0.000214792,0.000445,0.004395461,0.009629708999999997,0.030169835,0.049169875,0,False,e802447fd8fa786e,9b3da27364853758
5e6271c37c04d982,lazy_0,two_corridor,recurring,24,104,0,600,147,0.245,34,0.34,0.155,0.33667502088554724,0.33667502088554724,2,0,0,147,100,0.000201042,0.000369333,0.0,0.010617168999999997,0.029320040999999998,0.044403792,0,False,09a755bbcf5d570d,c4179e69bfa48c57
5917f77a2c569366,random_10,two_corridor,recurring,24,104,1701,600,125,0.20833333333333334,17,0.17,0.16333333333333333,0.3296783625730994,0.33751044277360065,2,6,6,125,86,0.0006469990000000001,0.00037545799999999995,0.000659166,0.009124794000000002,0.02911941700000003,0.043847125,0,False,8a450e42ff3240ef,c4179e69bfa48c57
ef7e0b0ed2339bcc,random_10,two_corridor,recurring,24,104,2903,600,119,0.19833333333333333,42,0.42,0.18375,0.3973475355054302,0.3973475355054302,2,6,6,119,87,0.000210541,0.00042941599999999996,0.000645416,0.009219993000000001,0.028991468999999995,0.04345625,0,False,9a9c49867ad3d7f2,c4179e69bfa48c57
2c80417722f69084,random_10,two_corridor,recurring,24,104,4307,600,130,0.21666666666666667,35,0.35,0.16416666666666666,0.19162489557226398,0.19162489557226398,2,6,5,129,95,0.00035416699999999996,0.000383584,0.0005291650000000001,0.010155247999999993,0.029497030000000028,0.04474425,0,False,0bcdd3c94d637c3b,c4179e69bfa48c57
42751ceb5e64e016,random_25,two_corridor,recurring,24,104,1701,600,136,0.22666666666666666,30,0.3,0.15875,0.1618629908103592,0.1618629908103592,2,12,12,136,94,0.00020625,0.00039958400000000003,0.00130629,0.009986909999999998,0.02961853200000002,0.045454333,0,False,738e4215041218e2,c4179e69bfa48c57
6ec07572702ad809,random_25,two_corridor,recurring,24,104,2903,600,116,0.19333333333333333,16,0.16,0.14083333333333334,0.3297827903091061,0.4472639933166249,2,12,12,116,88,0.00021375000000000002,0.000375042,0.001291583,0.009394874000000004,0.02949778899999999,0.044645125,0,False,617838a62b0eeb7a,c4179e69bfa48c57
4c564c6b2a5a8098,random_25,two_corridor,recurring,24,104,4307,600,142,0.23666666666666666,21,0.21,0.15958333333333333,0.3438805346700084,0.3438805346700084,2,12,10,142,96,0.00020970800000000002,0.000402834,0.0010595000000000001,0.010229586000000004,0.02923351799999995,0.045076167,0,False,86b2643ac549365d,c4179e69bfa48c57
afd7618a51008a53,top_10,two_corridor,recurring,24,104,0,600,116,0.19333333333333333,23,0.23,0.15291666666666667,0.39035087719298245,0.4934210526315789,2,6,6,116,87,0.000205499,0.000427708,0.000637501,0.009311871999999995,0.029176700000000017,0.043595792,0,False,96d751529b1abe13,c4179e69bfa48c57
fb5f9c31ab3098a9,top_25,two_corridor,recurring,24,104,0,600,95,0.15833333333333333,24,0.24,0.15666666666666668,0.5154553049289892,0.5154553049289892,2,12,12,93,69,0.000214375,0.000414209,0.001292666,0.007443038999999999,0.029272037000000008,0.042551084,0,False,13a762ff1cceaa19,c4179e69bfa48c57
1f1c20000bfdc200,repair_all,two_corridor,recurring,24,104,0,600,126,0.21,23,0.23,0.18708333333333332,0.0,0.0,2,48,42,126,84,0.000209083,0.0003995,0.004436708000000001,0.008986708000000001,0.029580694999999997,0.047851417,0,False,ff4d44d33e8ec33e,c4179e69bfa48c57
2c1613687dca6b35,lazy_0,two_corridor,recurring,24,105,0,600,131,0.21833333333333332,38,0.38,0.15541666666666668,0.23742138364779874,0.23742138364779874,2,0,0,131,93,0.000245833,0.00044454200000000003,0.0,0.010120952,0.030921257999999997,0.045738209,0,False,628695abaf0bedd7,29b09a5e7c34960f
67c441b395048031,random_10,two_corridor,recurring,24,105,1701,600,167,0.2783333333333333,34,0.34,0.13708333333333333,0.09591194968553458,0.09591194968553458,2,6,6,167,114,0.00038545800000000004,0.000418958,0.0006395420000000001,0.012087086999999998,0.029768081000000012,0.047317542,0,False,e24a169efe898c4b,29b09a5e7c34960f
08464bd01696e3e8,random_10,two_corridor,recurring,24,105,2903,600,192,0.32,50,0.5,0.1625,0.25589622641509435,0.25589622641509435,2,6,6,192,117,0.000215292,0.000434584,0.000641375,0.012460414,0.029987579000000014,0.047812583,0,False,17dac1558358ca51,29b09a5e7c34960f
365e232314e72451,random_10,two_corridor,recurring,24,105,4307,600,98,0.16333333333333333,13,0.13,0.14208333333333334,0.3949488993710692,0.4712067610062893,2,6,6,97,80,0.00020970899999999998,0.00038283299999999996,0.0006365,0.008444589,0.02862587600000002,0.042203375,0,False,76c24fd794159a75,29b09a5e7c34960f
36a3cf75ea9cbfc8,random_25,two_corridor,recurring,24,105,1701,600,132,0.22,28,0.28,0.14875,0.10455974842767296,0.10455974842767296,2,12,11,132,101,0.000218833,0.000413125,0.00116775,0.010765499999999999,0.029647992999999977,0.046206834,0,False,674a3081f1ef2210,29b09a5e7c34960f
c7f3628616863c18,random_25,two_corridor,recurring,24,105,2903,600,113,0.18833333333333332,41,0.41,0.17041666666666666,0.2499017295597484,0.2499017295597484,2,12,11,112,75,0.000208416,0.00038087500000000003,0.001177374,0.007946004,0.029022173000000057,0.042709291,0,False,3fa5393ee86dd706,29b09a5e7c34960f
a07de651737ff46b,random_25,two_corridor,recurring,24,105,4307,600,169,0.2816666666666667,44,0.44,0.16416666666666666,0.08431603773584906,0.08431603773584906,2,12,12,169,113,0.00021754100000000002,0.00037720799999999997,0.001297042,0.012113258999999998,0.03015983699999997,0.048237792,0,False,c880745bb9e26090,29b09a5e7c34960f
57544a219dec40c4,top_10,two_corridor,recurring,24,105,0,600,140,0.23333333333333334,37,0.37,0.15375,0.13295990566037735,0.13295990566037735,2,6,6,139,102,0.000212875,0.000412625,0.0006417510000000001,0.010916876000000004,0.030042626,0.046182042,0,False,009d1d8528d67a20,29b09a5e7c34960f
72a2c0a784f5fa56,top_25,two_corridor,recurring,24,105,0,600,129,0.215,30,0.3,0.15541666666666668,0.1577240566037736,0.1577240566037736,2,12,12,129,93,0.000215542,0.000424334,0.001275166,0.009918038999999998,0.029393654000000012,0.045205958,0,False,9a083fbf88abf0b1,29b09a5e7c34960f
04461d2b535c78d5,repair_all,two_corridor,recurring,24,105,0,600,93,0.155,26,0.26,0.17416666666666666,0.0,0.0,2,47,41,93,76,0.000211124,0.000408292,0.00438004,0.008042334,0.03240825099999999,0.049675083,0,False,ab41dd0fce4fa188,29b09a5e7c34960f
971d120d4789a5e7,lazy_0,two_corridor,recurring,24,106,0,600,144,0.24,55,0.55,0.15625,0.36230548730548734,0.36230548730548734,2,0,0,144,98,0.00020975,0.000388917,0.0,0.010423417,0.029074087999999984,0.04387575,0,False,e64d4f741ab4272a,18d448e5536bb4d5
7ed1e562de563712,random_10,two_corridor,recurring,24,106,1701,600,198,0.33,44,0.44,0.11291666666666667,0.24610974610974612,0.24610974610974612,2,6,6,198,129,0.000362792,0.000393042,0.000632917,0.013661168,0.029703541999999996,0.048722083,0,False,54cced2d78a60601,18d448e5536bb4d5
e9a853e583d95042,random_10,two_corridor,recurring,24,106,2903,600,129,0.215,39,0.39,0.12583333333333332,0.41994266994266993,0.5492424242424242,2,6,6,129,82,0.00020425,0.000394791,0.0006426660000000001,0.00873254,0.028945879999999986,0.042802,0,False,46cf0219402fc8cb,18d448e5536bb4d5
590d18eb58ce3b65,random_10,two_corridor,recurring,24,106,4307,600,161,0.2683333333333333,34,0.34,0.15958333333333333,0.2584971334971335,0.2584971334971335,2,6,6,161,115,0.00020679299999999998,0.000423709,0.0006417090000000001,0.012213705999999998,0.029848925999999984,0.047328625,0,False,21f342071891b9a8,18d448e5536bb4d5
42d5ccbfa220f7c1,random_25,two_corridor,recurring,24,106,1701,600,158,0.2633333333333333,40,0.4,0.14041666666666666,0.3287264537264537,0.3287264537264537,2,12,11,158,107,0.000206416,0.000414958,0.001163875,0.011406707,0.029181165,0.046350084,0,False,5f77ce84123ae360,18d448e5536bb4d5
1dda6977b1679fc1,random_25,two_corridor,recurring,24,106,2903,600,141,0.235,38,0.38,0.155,0.1505937755937756,0.1505937755937756,2,12,11,141,107,0.000210791,0.000405083,0.001166164,0.011400411999999999,0.029629625000000007,0.046830458,0,False,b6134366ffdf7b71,18d448e5536bb4d5
41fd7d13b9c351a9,random_25,two_corridor,recurring,24,106,4307,600,104,0.17333333333333334,37,0.37,0.13583333333333333,0.18826781326781328,0.18826781326781328,2,12,12,104,80,0.00020312500000000002,0.00041787599999999997,0.001264542,0.008463876000000002,0.02903071100000003,0.04332425,0,False,4dd35d3e6aa24620,18d448e5536bb4d5
a1a49dcbabe7bc91,top_10,two_corridor,recurring,24,106,0,600,152,0.25333333333333335,38,0.38,0.17541666666666667,0.11302211302211303,0.11302211302211303,2,6,6,152,112,0.00020275,0.000389167,0.000641584,0.01193804,0.029776874000000012,0.046886292,0,False,0c2e784bc91379af,18d448e5536bb4d5
6a2c690e122d400e,top_25,two_corridor,recurring,24,106,0,600,112,0.18666666666666668,34,0.34,0.16708333333333333,0.13564701064701065,0.13564701064701065,2,12,11,112,90,0.000206458,0.000398125,0.0011692490000000002,0.009657499999999996,0.029781447000000013,0.045135292,0,False,bdebcbc3b3ce8482,18d448e5536bb4d5
2547f34370069d12,repair_all,two_corridor,recurring,24,106,0,600,97,0.16166666666666665,11,0.11,0.1725,0.0,0.0,2,48,44,97,72,0.0002035,0.000384749,0.004637372999999999,0.0077033399999999995,0.029318586,0.046402375,0,False,c7a29e94dd698e7a,18d448e5536bb4d5
bd205500e488df70,lazy_0,two_corridor,recurring,24,107,0,600,168,0.28,55,0.55,0.15,0.35695876288659795,0.35695876288659795,2,0,0,168,119,0.000209875,0.000387292,0.0,0.012700249,0.029469594999999998,0.04657325,0,False,3432074083ae191e,2dfdf2cfe4dd0e74
8655c5a36ebaebf3,random_10,two_corridor,recurring,24,107,1701,600,173,0.28833333333333333,20,0.2,0.14958333333333335,0.452319587628866,0.452319587628866,2,6,6,172,120,0.00020612499999999998,0.00034975,0.000637917,0.012815415999999996,0.029045880000000003,0.046962667,0,False,864dd7eb7e8d42c3,2dfdf2cfe4dd0e74
019e71e633dd0c82,random_10,two_corridor,recurring,24,107,2903,600,137,0.22833333333333333,29,0.29,0.1575,0.17858676975945018,0.17858676975945018,2,6,6,137,104,0.000204334,0.000362334,0.0006424169999999999,0.011127416999999995,0.029750425999999996,0.045940291,0,False,1294f9c575c6a7de,2dfdf2cfe4dd0e74
dddafae484a97da3,random_10,two_corridor,recurring,24,107,4307,600,108,0.18,35,0.35,0.14166666666666666,0.6018041237113402,0.7390463917525774,2,6,6,108,88,0.000206,0.000387875,0.000634666,0.009407665000000003,0.02853141099999998,0.042993459,0,False,ae5056da424a228a,2dfdf2cfe4dd0e74
295b8cdef0c30ee0,random_25,two_corridor,recurring,24,107,1701,600,146,0.24333333333333335,29,0.29,0.13833333333333334,0.35577749140893467,0.36222079037800686,2,12,12,146,107,0.000205125,0.000343208,0.0012652089999999998,0.011411832000000007,0.02913316900000002,0.046216792,0,False,4147a147e5df7925,2dfdf2cfe4dd0e74
43fb001e28f2f4eb,random_25,two_corridor,recurring,24,107,2903,600,181,0.3016666666666667,37,0.37,0.16458333333333333,0.07882302405498282,0.07882302405498282,2,12,12,180,125,0.00020691699999999998,0.000348625,0.0013688770000000001,0.013256925999999999,0.02955221200000001,0.048783541,0,False,30e8aed2c50dcc7b,2dfdf2cfe4dd0e74
adf6aee55857a63e,random_25,two_corridor,recurring,24,107,4307,600,158,0.2633333333333333,48,0.48,0.17875,0.1513101374570447,0.1513101374570447,2,12,11,158,114,0.00020591700000000001,0.000375958,0.001156335,0.012145329000000003,0.02959558099999999,0.047367666,0,False,f3726a44f0b87475,2dfdf2cfe4dd0e74
802386304275c6db,top_10,two_corridor,recurring,24,107,0,600,148,0.24666666666666667,25,0.25,0.13916666666666666,0.42504295532646047,0.5647551546391752,2,6,5,148,109,0.000202208,0.00037116600000000003,0.000522208,0.011598749999999996,0.028958195999999995,0.045495292,0,False,b78962530f799c54,2dfdf2cfe4dd0e74
a7aebd6fd491107f,top_25,two_corridor,recurring,24,107,0,600,164,0.2733333333333333,46,0.46,0.17083333333333334,0.2661082474226804,0.2661082474226804,2,12,11,163,118,0.000205625,0.000384,0.0011583750000000001,0.012489373999999998,0.029689542000000027,0.047850542,0,False,dcc43ecbadab6fa1,2dfdf2cfe4dd0e74
ce14be1bb425321f,repair_all,two_corridor,recurring,24,107,0,600,151,0.25166666666666665,18,0.18,0.16,0.0,0.0,2,46,41,151,111,0.000205166,0.000349209,0.004369418999999999,0.011762207000000004,0.029880251999999996,0.050813125,0,False,90565741bbaf9a2f,2dfdf2cfe4dd0e74
ed7c575c36e00816,lazy_0,two_corridor,recurring,24,108,0,600,163,0.27166666666666667,22,0.22,0.1475,0.3965179968701095,0.3965179968701095,2,0,0,161,116,0.00020808399999999998,0.0004455,0.0,0.012275003,0.029179250000000035,0.045965417,0,False,12f99bad1ad7ae6f,05cea5195ed38b3b
ce5f10da78da2026,random_10,two_corridor,recurring,24,108,1701,600,119,0.19833333333333333,22,0.22,0.16375,0.45608372456964,0.5855829420970267,2,6,6,118,86,0.00020899999999999998,0.00041533300000000004,0.0006377490000000001,0.009189376999999999,0.02957284499999999,0.043990583,0,False,4d991fface09473d,05cea5195ed38b3b
3c94f5ac550d3188,random_10,two_corridor,recurring,24,108,2903,600,162,0.27,10,0.1,0.17416666666666666,0.5128129890453834,0.6268583724569641,2,6,6,162,118,0.000370584,0.000428917,0.000637414,0.012564078000000003,0.029581248000000015,0.047597583,0,False,5d4729017dd363ea,05cea5195ed38b3b
742200b657879416,random_10,two_corridor,recurring,24,108,4307,600,199,0.33166666666666667,31,0.31,0.14583333333333334,0.23924100156494524,0.23924100156494524,2,6,6,199,134,0.000204751,0.000438417,0.0006359569999999999,0.014318207000000001,0.029900664000000018,0.049474458,0,False,92df4e0259048519,05cea5195ed38b3b
1f662545f07bc6ae,random_25,two_corridor,recurring,24,108,1701,600,158,0.2633333333333333,32,0.32,0.14875,0.20011737089201878,0.20011737089201878,2,12,12,158,114,0.000355041,0.000418125,0.0012734540000000003,0.012094871000000004,0.029412458999999988,0.047570542,0,False,dad922cb1724c4ed,05cea5195ed38b3b
fcc8782aa6a7b8c6,random_25,two_corridor,recurring,24,108,2903,600,128,0.21333333333333335,25,0.25,0.16166666666666665,0.38791079812206575,0.47544992175273865,2,12,11,128,97,0.000207791,0.000384874,0.001159292,0.010275791999999997,0.029457955999999993,0.045518959,0,False,3d1729774591c39b,05cea5195ed38b3b
2255469e3dc14c90,random_25,two_corridor,recurring,24,108,4307,600,138,0.23,24,0.24,0.14583333333333334,0.49070813771517996,0.5079225352112676,2,12,12,138,99,0.000352709,0.000424458,0.0012671240000000001,0.010580958000000003,0.02857487399999999,0.045187333,0,False,3d59eca482a0ed81,05cea5195ed38b3b
499dc129a5692469,top_10,two_corridor,recurring,24,108,0,600,164,0.2733333333333333,37,0.37,0.15666666666666668,0.22398278560250393,0.22398278560250393,2,6,6,164,111,0.000218542,0.000411209,0.000647125,0.011883834999999997,0.03022651999999997,0.047364709,0,False,9228dbea30639177,05cea5195ed38b3b
11e16abbb8463dbf,top_25,two_corridor,recurring,24,108,0,600,117,0.195,28,0.28,0.15041666666666667,0.2585093896713615,0.27767996870109546,2,12,11,117,90,0.00037004100000000004,0.000400167,0.001171542,0.009624128999999999,0.02879637200000001,0.044344708,0,False,80a44c77ebf4322c,05cea5195ed38b3b
765a6654f065ba9a,repair_all,two_corridor,recurring,24,108,0,600,102,0.17,3,0.03,0.19166666666666668,0.0,0.0,2,48,42,102,77,0.0002055,0.000415625,0.004394749999999999,0.008341462,0.029794006999999973,0.047386,0,False,3d957d8dc8700aab,05cea5195ed38b3b
e8142b86c28aa80d,lazy_0,two_corridor,recurring,24,109,0,600,119,0.19833333333333333,23,0.23,0.16791666666666666,0.5957207207207208,0.818079443079443,2,0,0,119,84,0.000208709,0.000441583,0.0,0.008906165999999997,0.029265710000000004,0.042629292,0,False,e927d9dec815526a,d8dfba43988cabdb
eecac36740e69d1d,random_10,two_corridor,recurring,24,109,1701,600,157,0.26166666666666666,16,0.16,0.16708333333333333,0.5504709254709255,0.5504709254709255,2,6,6,157,109,0.000351958,0.000442667,0.000639375,0.011686002,0.029152337000000004,0.046213792,0,False,8394ba21860eba59,d8dfba43988cabdb
ca09970dee23c279,random_10,two_corridor,recurring,24,109,2903,600,181,0.3016666666666667,18,0.18,0.17375,0.31930794430794435,0.32227682227682225,2,6,6,180,122,0.000208875,0.00041762500000000003,0.0006367090000000001,0.012932588000000004,0.029702624999999983,0.047828542,0,False,b4ac1cf8cde717bd,d8dfba43988cabdb
d64757c7554f40b5,random_10,two_corridor,recurring,24,109,4307,600,142,0.23666666666666666,9,0.09,0.16291666666666665,0.5275389025389026,0.6791564291564292,2,6,6,142,100,0.000207876,0.000435209,0.00063425,0.010581133999999999,0.029328900999999998,0.045087083,0,False,0d3e70b1af029962,d8dfba43988cabdb
cb82afc39064d25e,random_25,two_corridor,recurring,24,109,1701,600,167,0.2783333333333333,21,0.21,0.14958333333333335,0.27344389844389844,0.27344389844389844,2,12,12,167,117,0.000365709,0.000456291,0.001270291,0.012451380000000001,0.029570331000000023,0.048054375,0,False,2ba296059c74f373,d8dfba43988cabdb
f7722019328eef44,random_25,two_corridor,recurring,24,109,2903,600,209,0.34833333333333333,25,0.25,0.14208333333333334,0.24416461916461915,0.24416461916461915,2,12,11,208,131,0.000204959,0.00045304199999999996,0.0011631649999999999,0.013982876000000005,0.029790108000000023,0.049694375,0,False,ddb3af428fec3fd6,d8dfba43988cabdb
4fcbf77b1abdef7b,random_25,two_corridor,recurring,24,109,4307,600,171,0.285,22,0.22,0.13,0.46140458640458637,0.46140458640458637,2,12,11,171,124,0.000213375,0.000455042,0.001172874,0.013186587000000001,0.029086415000000018,0.048120042,0,False,96c9b967cd4fa658,d8dfba43988cabdb
b11e20ecc0ddb5b4,top_10,two_corridor,recurring,24,109,0,600,186,0.31,20,0.2,0.1575,0.3096846846846847,0.3153153153153153,2,6,6,186,127,0.000232626,0.00042575100000000004,0.000648624,0.013579706000000009,0.02984516399999999,0.04877525,0,False,6cb8840430254fa4,d8dfba43988cabdb
a5111da97a77c777,top_25,two_corridor,recurring,24,109,0,600,134,0.22333333333333333,12,0.12,0.1425,0.26361588861588864,0.26361588861588864,2,12,10,134,96,0.000362625,0.00044570799999999995,0.001057709,0.010278916999999995,0.029442481999999978,0.045591792,0,False,e7ef9040455e9ba8,d8dfba43988cabdb
0aaed3af3a2a39d9,repair_all,two_corridor,recurring,24,109,0,600,167,0.2783333333333333,23,0.23,0.18333333333333332,0.0,0.0,2,48,43,167,114,0.000216667,0.000413833,0.00449867,0.012133961999999996,0.029825341000000023,0.051440042,0,False,11a3733e1a84298b,d8dfba43988cabdb
5e6a7ff6f7938620,lazy_0,two_corridor,recurring,24,110,0,600,212,0.35333333333333333,37,0.37,0.15875,0.4393841515934539,0.4393841515934539,2,0,0,212,127,0.000227208,0.00046112599999999996,0.0,0.013559665999999998,0.03280985699999996,0.051038584,0,False,62e60f4266951bb3,e9d66479ba6e26cd
5815b511a6d25ec2,random_10,two_corridor,recurring,24,110,1701,600,241,0.40166666666666667,53,0.53,0.14083333333333334,0.18195521102497847,0.18195521102497847,2,6,6,241,136,0.000211041,0.00045445800000000003,0.000638708,0.014421335999999998,0.029801295999999998,0.049517291,0,False,9957bbc6f61a0ca3,e9d66479ba6e26cd
aa76f6f0f2ed8723,random_10,two_corridor,recurring,24,110,2903,600,241,0.40166666666666667,33,0.33,0.15833333333333333,0.3102928509905254,0.3102928509905254,2,6,6,240,136,0.000415,0.000466083,0.0006493320000000001,0.014409460000000002,0.029332154999999988,0.049284917,0,False,137eae0512ea6c5e,e9d66479ba6e26cd
fff2e4c39b3f8f3d,random_10,two_corridor,recurring,24,110,4307,600,135,0.225,29,0.29,0.13833333333333334,0.6692506459948321,0.851421188630491,2,6,6,135,76,0.000364208,0.00044824999999999997,0.0006469150000000001,0.008074752000000001,0.02868533499999996,0.042064958,0,True,2831556e5a20c3d9,e9d66479ba6e26cd
602a239eedd3d752,random_25,two_corridor,recurring,24,110,1701,600,202,0.33666666666666667,28,0.28,0.15416666666666667,0.15040913006029286,0.15040913006029286,2,12,11,202,117,0.000210792,0.00045037500000000004,0.00116004,0.012436405999999995,0.029526043000000012,0.047754084,0,False,3a4a1381d3f3df94,e9d66479ba6e26cd
f1477cd5704e508d,random_25,two_corridor,recurring,24,110,2903,600,229,0.38166666666666665,52,0.52,0.14833333333333334,0.1561154177433247,0.1561154177433247,2,12,10,229,134,0.00020675,0.000440667,0.001091875,0.014230539000000002,0.02978592000000002,0.04979425,0,False,21fc58f337112a12,e9d66479ba6e26cd
a12890b21a4c4dd3,random_25,two_corridor,recurring,24,110,4307,600,217,0.3616666666666667,29,0.29,0.1575,0.2711024978466839,0.2711024978466839,2,12,12,217,129,0.000206958,0.000435249,0.001274999,0.013898045999999999,0.02928104400000001,0.049104584,0,False,58275ef1b86885bf,e9d66479ba6e26cd
9f55b188ca150e9b,top_10,two_corridor,recurring,24,110,0,600,234,0.39,33,0.33,0.16125,0.16192937123169682,0.16192937123169682,2,6,6,234,137,0.00021258300000000002,0.000428833,0.000642208,0.014516376,0.03015024200000002,0.049865708,0,False,3c0ecd0fb86bb6f0,e9d66479ba6e26cd
fc86745d21da767f,top_25,two_corridor,recurring,24,110,0,600,237,0.395,32,0.32,0.16916666666666666,0.11724806201550388,0.11724806201550388,2,12,11,237,137,0.00020345900000000002,0.0004195,0.001164958,0.014527502000000008,0.029555075000000004,0.04987875,0,False,be9b45600b1db7ca,e9d66479ba6e26cd
f7939512747975ec,repair_all,two_corridor,recurring,24,110,0,600,217,0.3616666666666667,19,0.19,0.18666666666666668,0.0,0.0,2,47,38,216,124,0.000212041,0.000452501,0.003975793,0.013196171999999997,0.03029120500000001,0.05243975,0,False,3a1936e0881ef39d,e9d66479ba6e26cd
7ccf0cbf96b735bd,lazy_0,two_corridor,recurring,24,111,0,600,240,0.4,47,0.47,0.10125,0.2664753401360544,0.3157950680272109,2,0,0,240,151,0.000209291,0.000422209,0.0,0.015998130999999995,0.029602915999999962,0.050155375,0,False,fe58ac35d9280ce7,1362051c4ae38d95
4199dfcfd28b6b3a,random_10,two_corridor,recurring,24,111,1701,600,179,0.29833333333333334,31,0.31,0.1575,0.23278061224489796,0.23278061224489796,2,6,5,179,114,0.000348583,0.000472333,0.0005427089999999999,0.012111498999999994,0.029629096000000008,0.04704375,0,False,4b4b3fd3262ac732,1362051c4ae38d95
992304e249be3f4d,random_10,two_corridor,recurring,24,111,2903,600,187,0.31166666666666665,43,0.43,0.1075,0.22502125850340135,0.24883078231292519,2,6,6,186,129,0.000219834,0.000407541,0.00063975,0.013803332999999994,0.029765631000000018,0.048800292,0,False,518504c0755aece4,1362051c4ae38d95
85603bf8d827d972,random_10,two_corridor,recurring,24,111,4307,600,171,0.285,36,0.36,0.15666666666666668,0.3076105442176871,0.3076105442176871,2,6,6,171,117,0.000213,0.000399417,0.000638918,0.012564039999999995,0.028994535999999953,0.046713125,0,False,66b1936f739f54b7,1362051c4ae38d95
73315233372cc963,random_25,two_corridor,recurring,24,111,1701,600,129,0.215,31,0.31,0.14458333333333334,0.37574404761904767,0.37574404761904767,2,12,11,128,90,0.000211375,0.000444916,0.0011660009999999998,0.009576919000000005,0.02944345500000001,0.044746208,0,False,15f7aad1c363c2d1,1362051c4ae38d95
16c598de2e756cf3,random_25,two_corridor,recurring,24,111,2903,600,169,0.2816666666666667,24,0.24,0.14458333333333334,0.41230867346938777,0.41230867346938777,2,12,12,169,108,0.000208583,0.000436125,0.001271584,0.011522961000000005,0.02896459400000001,0.046340541,0,False,da70b6cddf778477,1362051c4ae38d95
c1e6a2232a629de9,random_25,two_corridor,recurring,24,111,4307,600,190,0.31666666666666665,42,0.42,0.14083333333333334,0.14009353741496597,0.14009353741496597,2,12,12,190,122,0.00034933399999999997,0.00042620799999999997,0.001280832,0.013348739999999998,0.030537530000000007,0.049935167,0,False,5cb3154e8ef6c408,1362051c4ae38d95
f0147fe7eb3029ee,top_10,two_corridor,recurring,24,111,0,600,191,0.31833333333333336,42,0.42,0.15458333333333332,0.45482568027210885,0.45482568027210885,2,6,5,190,123,0.00020633400000000002,0.000432876,0.000528459,0.013713958000000002,0.03040870899999998,0.049373459,0,False,ba8917c9b3f0ee88,1362051c4ae38d95
70a66232d7f168b5,top_25,two_corridor,recurring,24,111,0,600,170,0.2833333333333333,36,0.36,0.17541666666666667,0.14158163265306123,0.14158163265306123,2,12,10,170,112,0.000210959,0.000425082,0.0010643340000000001,0.011805626999999999,0.029923442,0.047402541,0,False,5ac5085ce27887cb,1362051c4ae38d95
b62986efc6f3595c,repair_all,two_corridor,recurring,24,111,0,600,163,0.27166666666666667,16,0.16,0.16,0.0,0.0,2,46,41,163,109,0.000217042,0.00045775,0.004316997999999999,0.01159900199999999,0.029612628000000016,0.050442416,0,False,3af4ba93f7e94e6d,1362051c4ae38d95
381b3534d53a9b34,lazy_0,three_corridor,abrupt,24,100,0,600,257,0.42833333333333334,40,0.4,0.15125,0.16666666666666666,0.16666666666666666,1,0,0,257,112,0.000111875,0.000164292,0.0,0.012101089,0.02928483000000002,0.045374875,0,False,f9ec292387c73ba5,105fc0f473bde9b5
149379145f8ee404,random_10,three_corridor,abrupt,24,100,1701,600,235,0.39166666666666666,40,0.4,0.10916666666666666,0.07802287581699346,0.07802287581699346,1,3,3,235,107,0.00011425,0.000165333,0.00032041700000000003,0.011636416,0.028553169,0.04457625,0,False,4fff5594fd8d8375,105fc0f473bde9b5
27877b18a70c4b74,random_10,three_corridor,abrupt,24,100,2903,600,228,0.38,54,0.54,0.13875,0.07788671023965141,0.07788671023965141,1,3,3,227,106,0.000113459,0.00016525,0.000325583,0.011478581000000003,0.028761168999999993,0.044584417,0,False,9207920552311483,105fc0f473bde9b5
ba7e7bf619bf5c05,random_10,three_corridor,abrupt,24,100,4307,600,261,0.435,45,0.45,0.13125,0.1011710239651416,0.1011710239651416,1,3,3,260,114,0.00012125,0.000176459,0.000334876,0.012387249000000005,0.029635194000000007,0.046425583,0,False,dff83e316006e22d,105fc0f473bde9b5
40fe3ca661705dd0,random_25,three_corridor,abrupt,24,100,1701,600,199,0.33166666666666667,23,0.23,0.13791666666666666,0.09286492374727669,0.09286492374727669,1,6,6,199,96,0.000110167,0.00016325,0.000641832,0.010476081000000003,0.028508465,0.043659875,0,False,0c3f44efbc8b0196,105fc0f473bde9b5
8b1e7da748d1ac13,random_25,three_corridor,abrupt,24,100,2903,600,201,0.335,50,0.5,0.14208333333333334,0.07325708061002179,0.07325708061002179,1,6,6,201,99,0.000112792,0.000165042,0.000654668,0.010759207,0.028847753000000004,0.044239959,0,False,d82020230efc0fa3,105fc0f473bde9b5
4dff5ad601f40b09,random_25,three_corridor,abrupt,24,100,4307,600,214,0.3566666666666667,40,0.4,0.14125,0.08142701525054466,0.08142701525054466,1,6,6,213,107,0.000114125,0.00017975,0.000649957,0.011625538,0.02863145699999999,0.044946792,0,False,8f278b60ee7128ec,105fc0f473bde9b5
d23ee13dc839416f,top_10,three_corridor,abrupt,24,100,0,600,242,0.4033333333333333,22,0.22,0.1525,0.14188453159041395,0.14188453159041395,1,3,3,241,109,0.000484291,0.000162875,0.000324499,0.011827623,0.02864152800000002,0.04516075,0,False,a75ae3f042a9b8ea,105fc0f473bde9b5
99f226b8a09af0d4,top_25,three_corridor,abrupt,24,100,0,600,231,0.385,46,0.46,0.15,0.07529956427015251,0.07529956427015251,1,6,6,231,107,0.00010975,0.000165958,0.000648666,0.011618753999999998,0.02913899300000001,0.04551425,0,False,ec301e2cb18d2283,105fc0f473bde9b5
12a0f60fb402c019,repair_all,three_corridor,abrupt,24,100,0,600,247,0.4116666666666667,45,0.45,0.14125,0.0,0.0,1,24,19,247,114,0.000259792,0.00016475,0.002033708,0.012406620000000004,0.028984379999999994,0.04777,0,False,f187d7237c4ac87c,105fc0f473bde9b5
1505a4683386e651,lazy_0,three_corridor,abrupt,24,101,0,600,209,0.34833333333333333,39,0.39,0.13166666666666665,0.14681987000928506,0.14681987000928506,1,0,0,209,113,0.000109958,0.00016125,0.0,0.012283254999999998,0.029110218999999965,0.045557959,0,False,775773eb8e5ed243,b67936f7e12837d7
6445a55419e3280c,random_10,three_corridor,abrupt,24,101,1701,600,216,0.36,49,0.49,0.13916666666666666,0.0979572887650882,0.0979572887650882,1,3,3,216,115,0.0001095,0.000163,0.000325376,0.012443712999999997,0.02950042299999999,0.046417833,0,False,b46e54856b750d6b,b67936f7e12837d7
9fbbf09d2e8f59d1,random_10,three_corridor,abrupt,24,101,2903,600,218,0.36333333333333334,34,0.34,0.14875,0.06894150417827298,0.06894150417827298,1,3,3,218,115,0.000110083,0.000159875,0.000323625,0.012451882000000004,0.029222492999999995,0.046079625,0,False,4855b1c014501579,b67936f7e12837d7
092a1193426926ab,random_10,three_corridor,abrupt,24,101,4307,600,190,0.31666666666666665,32,0.32,0.13291666666666666,0.16097957288765088,0.16097957288765088,1,3,3,190,108,0.000106083,0.00016025,0.000326499,0.01174404,0.029078765999999992,0.045232333,0,True,2f5a710c9b4e7746,b67936f7e12837d7
d7ad199a198ec704,random_25,three_corridor,abrupt,24,101,1701,600,215,0.35833333333333334,18,0.18,0.12,0.16794336118848652,0.16794336118848652,1,6,6,213,116,0.000108625,0.000165875,0.0006589170000000001,0.012692833000000002,0.02924117499999997,0.046734125,0,False,9cf121cd3b710065,b67936f7e12837d7
385acc399c8e55e4,random_25,three_corridor,abrupt,24,101,2903,600,244,0.4066666666666667,58,0.58,0.1225,0.05988857938718663,0.05988857938718663,1,6,6,243,120,0.000107291,0.000161958,0.000647291,0.013039542999999999,0.029251003999999994,0.047183708,0,False,0a5423d584f81b57,b67936f7e12837d7
6fc43205eb2118a4,random_25,three_corridor,abrupt,24,101,4307,600,201,0.335,22,0.22,0.13333333333333333,0.14090064995357476,0.14090064995357476,1,6,6,199,111,0.000107417,0.0001595,0.000646041,0.012035841999999996,0.029274799999999997,0.046063833,0,False,a4ad3846d505a0d8,b67936f7e12837d7
2525eb1ba5aeb2d2,top_10,three_corridor,abrupt,24,101,0,600,194,0.3233333333333333,28,0.28,0.11416666666666667,0.16295264623955433,0.16295264623955433,1,3,3,194,111,0.000122958,0.000164166,0.00032654200000000003,0.012060792000000002,0.029311749,0.045824959,0,False,b62a0041e56daa20,b67936f7e12837d7
337f905b537699bf,top_25,three_corridor,abrupt,24,101,0,600,213,0.355,44,0.44,0.13333333333333333,0.13382079851439183,0.13382079851439183,1,6,6,213,113,0.000108125,0.00015975,0.0006434170000000001,0.012326585000000001,0.029074167000000043,0.046143083,0,False,517c491507161397,b67936f7e12837d7
6712269d2177e607,repair_all,three_corridor,abrupt,24,101,0,600,224,0.37333333333333335,57,0.57,0.16333333333333333,0.0,0.0,1,23,22,224,117,0.00010625,0.000160375,0.0023631259999999997,0.012702331000000004,0.029087494999999984,0.048410125,0,False,38d5828ab7cb4a71,b67936f7e12837d7
aed52bae2e68fa35,lazy_0,three_corridor,abrupt,24,102,0,600,204,0.34,37,0.37,0.16083333333333333,0.1358888888888889,0.1358888888888889,1,0,0,204,105,0.000111292,0.000157125,0.0,0.011402411,0.029414337999999984,0.044891,0,False,2b4ca5ae1b098beb,3c349601c05345ed
69b12c0ae643bf2d,random_10,three_corridor,abrupt,24,102,1701,600,266,0.44333333333333336,52,0.52,0.13541666666666666,0.08055555555555555,0.08055555555555555,1,3,3,266,113,0.000113,0.000155625,0.00032729199999999997,0.012354291000000002,0.02940837899999999,0.0463165,0,False,aac029c0dd444a31,3c349601c05345ed
4f52ea76884fc4a1,random_10,three_corridor,abrupt,24,102,2903,600,280,0.4666666666666667,57,0.57,0.1375,0.08188888888888889,0.08188888888888889,1,3,3,279,113,0.000112875,0.000153542,0.000353792,0.012192039,0.029709421000000034,0.046429042,0,False,7ab42dcbe08cb4d5,3c349601c05345ed
30ed2fa65418c4b6,random_10,three_corridor,abrupt,24,102,4307,600,212,0.35333333333333333,37,0.37,0.15541666666666668,0.107,0.107,1,3,3,210,102,0.000111917,0.000154834,0.000326708,0.011071787,0.02878692000000003,0.044414583,0,False,0f7a67a8cfb27a39,3c349601c05345ed
bc92e9ad46a97ed3,random_25,three_corridor,abrupt,24,102,1701,600,195,0.325,44,0.44,0.14583333333333334,0.07833333333333334,0.07833333333333334,1,6,6,195,102,0.000125209,0.000158166,0.000648,0.011037051000000003,0.03241326400000001,0.048253667,0,False,0b7b4290f63a769a,3c349601c05345ed
d69096b285941ea4,random_25,three_corridor,abrupt,24,102,2903,600,277,0.46166666666666667,60,0.6,0.1425,0.06366666666666666,0.06366666666666666,1,6,5,275,113,0.000108917,0.000152916,0.000539166,0.012222424999999997,0.029110706000000007,0.04602175,0,False,5e2b057ef0c8fcec,3c349601c05345ed
68e9955d7598a49b,random_25,three_corridor,abrupt,24,102,4307,600,200,0.3333333333333333,54,0.54,0.14083333333333334,0.07955555555555555,0.07955555555555555,1,6,6,200,102,0.000105833,0.000152125,0.000644292,0.011029708000000006,0.028693624000000008,0.044459625,0,False,325dd94edf16cea9,3c349601c05345ed
f52f7283610b1248,top_10,three_corridor,abrupt,24,102,0,600,237,0.395,37,0.37,0.14708333333333334,0.13633333333333333,0.13633333333333333,1,3,3,235,109,0.000110166,0.000156291,0.00032399999999999996,0.011833997999999995,0.02927170999999998,0.045534791,0,False,afd25e78f485d8c6,3c349601c05345ed
9b8c0a634cbbda16,top_25,three_corridor,abrupt,24,102,0,600,284,0.47333333333333333,52,0.52,0.13916666666666666,0.08166666666666667,0.08166666666666667,1,6,6,284,115,0.000104916,0.000151916,0.000641001,0.012510203000000003,0.028844871000000022,0.046189834,0,False,67b03d60600b5b15,3c349601c05345ed
468df5d0ad0485d8,repair_all,three_corridor,abrupt,24,102,0,600,187,0.31166666666666665,31,0.31,0.14541666666666667,0.0,0.0,1,24,23,187,97,0.000107666,0.000154583,0.002453166,0.010469785999999997,0.028690544000000023,0.045812292,0,False,7088759ebe8d2af1,3c349601c05345ed
b53a44f7677b4c43,lazy_0,three_corridor,abrupt,24,103,0,600,190,0.31666666666666665,31,0.31,0.14458333333333334,0.05186170212765957,0.05186170212765957,1,0,0,189,103,0.000111708,0.000178958,0.0,0.011189086999999999,0.02861450399999999,0.043981125,0,False,4112287fa6b28f2b,04faeeb0fc074e9b
66cbc8f5075f80cf,random_10,three_corridor,abrupt,24,103,1701,600,223,0.37166666666666665,39,0.39,0.1425,0.06981382978723404,0.06981382978723404,1,3,3,223,116,0.000108042,0.0001805,0.000324708,0.012479128999999995,0.029105404000000015,0.046116875,0,False,dfc29019e950d4fc,04faeeb0fc074e9b
24e1ef1df315adfc,random_10,three_corridor,abrupt,24,103,2903,600,199,0.33166666666666667,37,0.37,0.12458333333333334,0.05507535460992907,0.05507535460992907,1,3,2,198,105,0.000106875,0.00018,0.00021908300000000002,0.011316122999999997,0.028631724000000025,0.044305709,0,False,236ad18a9597a866,04faeeb0fc074e9b
dd5d417858e3b4ba,random_10,three_corridor,abrupt,24,103,4307,600,177,0.295,27,0.27,0.13708333333333333,0.13552748226950356,0.13552748226950356,1,3,3,176,99,0.000108,0.000178083,0.000323833,0.010663790000000003,0.028618284000000018,0.04369275,0,False,50cf29c6693b322f,04faeeb0fc074e9b
d7a021bbaf3a5bae,random_25,three_corridor,abrupt,24,103,1701,600,212,0.35333333333333333,40,0.4,0.12916666666666668,0.06283244680851063,0.06283244680851063,1,6,6,212,113,0.000107917,0.000180125,0.000650042,0.012199299999999998,0.029031451000000017,0.046088791,0,False,9761ff771b3ae28f,04faeeb0fc074e9b
5e11e6bb38c9fc07,random_25,three_corridor,abrupt,24,103,2903,600,162,0.27,45,0.45,0.14166666666666666,0.046985815602836885,0.046985815602836885,1,6,4,162,91,0.000106792,0.000177416,0.00043258399999999996,0.009797502000000001,0.028426135999999984,0.042761875,0,False,5fb7444e3874bf7f,04faeeb0fc074e9b
c15c9b4a781dde96,random_25,three_corridor,abrupt,24,103,4307,600,187,0.31166666666666665,51,0.51,0.12458333333333334,0.06693262411347518,0.06693262411347518,1,6,6,187,104,0.000105833,0.000177667,0.000645667,0.011361330000000003,0.028823529999999993,0.044986583,0,False,72f28cf8479a63af,04faeeb0fc074e9b
821fc6a06512f417,top_10,three_corridor,abrupt,24,103,0,600,154,0.25666666666666665,31,0.31,0.1375,0.05086436170212766,0.05086436170212766,1,3,3,152,88,0.000117417,0.000235666,0.000327417,0.009531829,0.02844658199999996,0.042480292,0,False,5881968811bb67e5,04faeeb0fc074e9b
ee8fb42b6653a883,top_25,three_corridor,abrupt,24,103,0,600,194,0.3233333333333333,30,0.3,0.14208333333333334,0.12577570921985815,0.12577570921985815,1,6,6,193,107,0.000108959,0.000177958,0.0006493769999999999,0.011559293,0.028866212000000026,0.045180542,0,False,2bc6907cfc2d48eb,04faeeb0fc074e9b
ec7132c2fcc4a4ec,repair_all,three_corridor,abrupt,24,103,0,600,168,0.28,19,0.19,0.16416666666666666,0.0,0.0,1,24,19,167,94,0.000114,0.000181625,0.002042334,0.010278407000000002,0.028748478999999952,0.045373417,0,False,28619a23277d96c6,04faeeb0fc074e9b
02327922f36fc655,lazy_0,three_corridor,abrupt,24,104,0,600,225,0.375,45,0.45,0.10041666666666667,0.2013004246284501,0.2013004246284501,1,0,0,225,112,0.000110709,0.000158292,0.0,0.012062459000000008,0.028661748999999997,0.0446795,0,False,2c0b3373bf17334f,6d727092446c3586
27847f22477aecaf,random_10,three_corridor,abrupt,24,104,1701,600,179,0.29833333333333334,42,0.42,0.1325,0.06873673036093418,0.06873673036093418,1,3,3,179,98,0.000114209,0.000148208,0.00032729199999999997,0.010579210000000006,0.02822094199999998,0.043121042,0,False,a9f937563d85edae,6d727092446c3586
f25e742427300521,random_10,three_corridor,abrupt,24,104,2903,600,209,0.34833333333333333,38,0.38,0.1175,0.19758492569002123,0.19758492569002123,1,3,3,208,110,0.000108042,0.000145208,0.00032625,0.011854582999999997,0.02901720100000001,0.045254375,0,False,4f94cfdb43e127b7,6d727092446c3586
78daaa73760d18c9,random_10,three_corridor,abrupt,24,104,4307,600,144,0.24,44,0.44,0.10625,0.12101910828025478,0.12101910828025478,1,3,3,144,85,0.000105959,0.000145625,0.000326541,0.009193208,0.028310940999999982,0.041751417,0,True,6b927d6b2dbc4cc0,6d727092446c3586
c347683c7bac33c2,random_25,three_corridor,abrupt,24,104,1701,600,184,0.30666666666666664,41,0.41,0.145,0.056130573248407645,0.056130573248407645,1,6,6,184,99,0.000110667,0.000157375,0.000653624,0.010737752000000001,0.028783835000000015,0.044177416,0,False,61f05b682338270f,6d727092446c3586
b1ffb975fe992873,random_25,three_corridor,abrupt,24,104,2903,600,161,0.2683333333333333,30,0.3,0.13083333333333333,0.07762738853503184,0.07762738853503184,1,6,5,161,90,0.000110917,0.000148166,0.000547709,0.009726337999999998,0.02806033299999999,0.042296625,0,False,b19448b12948bbe0,6d727092446c3586
ffb6bc7f2d917226,random_25,three_corridor,abrupt,24,104,4307,600,173,0.28833333333333333,43,0.43,0.14583333333333334,0.08081210191082802,0.08081210191082802,1,6,6,173,95,0.000122917,0.000148834,0.0006512909999999999,0.010360424000000002,0.028826238999999997,0.043962875,0,False,0ceb6afcbc34de72,6d727092446c3586
0329f91c7629acf5,top_10,three_corridor,abrupt,24,104,0,600,191,0.31833333333333336,33,0.33,0.14083333333333334,0.15671443736730362,0.15671443736730362,1,3,3,191,103,0.000110625,0.000145125,0.000328708,0.011162375999999996,0.028900333000000007,0.044389375,0,False,30cc768cc388a603,6d727092446c3586
c056dce992ec3569,top_25,three_corridor,abrupt,24,104,0,600,221,0.36833333333333335,42,0.42,0.13125,0.11703821656050956,0.11703821656050956,1,6,6,220,109,0.000257709,0.000160041,0.000655292,0.011827084999999998,0.02867746100000002,0.045349459,0,False,145004bf293e42a0,6d727092446c3586
f3338280196ab016,repair_all,three_corridor,abrupt,24,104,0,600,205,0.3416666666666667,44,0.44,0.1725,0.0,0.0,1,22,18,205,109,0.000109458,0.000145625,0.001937169,0.011725333,0.02872219399999999,0.046540083,0,False,458eb30edb401491,6d727092446c3586
3dbee676a055696d,lazy_0,three_corridor,abrupt,24,105,0,600,157,0.26166666666666666,48,0.48,0.09708333333333333,0.14393939393939395,0.14393939393939395,1,0,0,157,88,0.000108541,0.000163875,0.0,0.009529204000000003,0.028323390000000018,0.041893042,0,False,1b716ef8548cf83a,95ca38dd41bc4d8c
16a93cf11da218d4,random_10,three_corridor,abrupt,24,105,1701,600,198,0.33,52,0.52,0.12208333333333334,0.06198347107438017,0.06198347107438017,1,3,3,198,97,0.0001095,0.000161917,0.00032299900000000003,0.010524046000000004,0.028890948999999992,0.043815875,0,False,f485564351041ec4,95ca38dd41bc4d8c
4a4802c8b63fba29,random_10,three_corridor,abrupt,24,105,2903,600,167,0.2783333333333333,20,0.2,0.1475,0.18801652892561985,0.18801652892561985,1,3,3,166,90,0.000109,0.000165584,0.000365375,0.009787331000000005,0.028701200999999992,0.042990583,0,False,8a01fa4aa7f95b9f,95ca38dd41bc4d8c
bf375c04616fe945,random_10,three_corridor,abrupt,24,105,4307,600,170,0.2833333333333333,52,0.52,0.12875,0.06921487603305786,0.06921487603305786,1,3,3,170,92,0.000113875,0.000167125,0.000321542,0.009962126000000002,0.029330897000000012,0.043735,0,False,8d580b1760ce70c5,95ca38dd41bc4d8c
174b2905b35c1bd8,random_25,three_corridor,abrupt,24,105,1701,600,221,0.36833333333333335,57,0.57,0.12708333333333333,0.04109274563820018,0.04109274563820018,1,6,6,221,93,0.0001075,0.000162167,0.000646085,0.010164753999999995,0.029177611999999974,0.044131125,0,False,6c1afc36305b0b59,95ca38dd41bc4d8c
52a6d57340dcd539,random_25,three_corridor,abrupt,24,105,2903,600,167,0.2783333333333333,33,0.33,0.15,0.09630394857667586,0.09630394857667586,1,6,6,167,88,0.000107875,0.000160958,0.0006395410000000001,0.009520757000000001,0.028739118999999955,0.042986,0,False,f5e1c05c1c1663e0,95ca38dd41bc4d8c
63446cadd20e7d38,random_25,three_corridor,abrupt,24,105,4307,600,201,0.335,65,0.65,0.12875,0.046831955922865015,0.046831955922865015,1,6,6,201,97,0.000111375,0.000164041,0.0006503329999999999,0.010531247000000002,0.029084789999999982,0.044431041,0,False,a76d8ed49768caa8,95ca38dd41bc4d8c
3577176e9718088d,top_10,three_corridor,abrupt,24,105,0,600,186,0.31,48,0.48,0.12333333333333334,0.07334710743801653,0.07334710743801653,1,3,3,186,94,0.000111875,0.000163875,0.00032475099999999997,0.010234711000000004,0.029049582000000008,0.043675,0,False,09641403a007e9d8,95ca38dd41bc4d8c
c0037a803902431f,top_25,three_corridor,abrupt,24,105,0,600,135,0.225,34,0.34,0.13791666666666666,0.09882920110192837,0.09882920110192837,1,6,6,135,84,0.000111834,0.000164292,0.00063779,0.009136634,0.028491057999999986,0.0423885,0,False,91fed2634314ad72,95ca38dd41bc4d8c
1e354099e350f00c,repair_all,three_corridor,abrupt,24,105,0,600,183,0.305,27,0.27,0.17666666666666667,0.0,0.0,1,24,19,183,91,0.000105542,0.000161375,0.002030542,0.009855501,0.028638173,0.044741792,0,False,c26a7ccab14277c8,95ca38dd41bc4d8c
14ac1e2f342353c6,lazy_0,three_corridor,abrupt,24,106,0,600,239,0.3983333333333333,37,0.37,0.14416666666666667,0.16578282828282828,0.16578282828282828,1,0,0,239,110,0.000112625,0.000159708,0.0,0.011971500000000001,0.02927197400000001,0.045270916,0,False,877ac56b0bcae57c,0d436a830c8a1fed
095a04710cddd688,random_10,three_corridor,abrupt,24,106,1701,600,199,0.33166666666666667,19,0.19,0.14833333333333334,0.1532828282828283,0.1532828282828283,1,3,3,199,98,0.000273208,0.000163583,0.000325958,0.010593507000000002,0.028431209000000013,0.043597375,0,False,504c22b911b2160e,0d436a830c8a1fed
348f2c903f52ba8f,random_10,three_corridor,abrupt,24,106,2903,600,208,0.3466666666666667,42,0.42,0.12625,0.10845959595959595,0.10845959595959595,1,3,3,208,103,0.000111958,0.000164666,0.00032337500000000004,0.011222082,0.02924207499999998,0.044890333,0,False,e7819bdbe7c145b4,0d436a830c8a1fed
e15e3fa127480025,random_10,three_corridor,abrupt,24,106,4307,600,190,0.31666666666666665,36,0.36,0.145,0.11464646464646465,0.11464646464646465,1,3,3,190,97,0.000272708,0.00016175,0.000326167,0.010579333,0.028678445000000014,0.043832625,0,False,e8162e279f604724,0d436a830c8a1fed
942b3edc12cff25c,random_25,three_corridor,abrupt,24,106,1701,600,258,0.43,47,0.47,0.12583333333333332,0.09204545454545454,0.09204545454545454,1,6,6,258,112,0.0001145,0.000161792,0.000644583,0.012179956999999996,0.029880787000000006,0.046853667,0,False,8ca8be568cb11a64,0d436a830c8a1fed
89cc5e103d4a984e,random_25,three_corridor,abrupt,24,106,2903,600,205,0.3416666666666667,21,0.21,0.11875,0.14760101010101012,0.14760101010101012,1,6,6,203,99,0.000270083,0.000161833,0.000651959,0.01085746,0.02862371099999997,0.044391,0,False,c3cc160b97b7077b,0d436a830c8a1fed
28755c50a87ea8a8,random_25,three_corridor,abrupt,24,106,4307,600,200,0.3333333333333333,49,0.49,0.14666666666666667,0.06553030303030304,0.06553030303030304,1,6,5,200,100,0.000112084,0.0001585,0.00053646,0.010837378,0.029096931000000003,0.044491583,0,False,f56037c930facb4b,0d436a830c8a1fed
deb0de73d7374140,top_10,three_corridor,abrupt,24,106,0,600,183,0.305,37,0.37,0.14375,0.20050505050505052,0.20050505050505052,1,3,3,183,95,0.000269666,0.000162209,0.000326833,0.010404044999999997,0.028510388000000008,0.043444208,0,False,4c19e5cec395fa11,0d436a830c8a1fed
99c3f1bfb86fdb22,top_25,three_corridor,abrupt,24,106,0,600,183,0.305,37,0.37,0.14375,0.19457070707070706,0.19457070707070706,1,6,6,183,95,0.000273041,0.000240375,0.000658875,0.010388373000000001,0.03284078699999996,0.048256708,0,False,4c19e5cec395fa11,0d436a830c8a1fed
301ba726e756e4f3,repair_all,three_corridor,abrupt,24,106,0,600,237,0.395,34,0.34,0.14958333333333335,0.0,0.0,1,24,22,236,108,0.000113625,0.000160167,0.002357834,0.011875455999999998,0.029544264000000004,0.048218333,0,False,38fd1c4ac36d5ebb,0d436a830c8a1fed
810ede3dad5fb319,lazy_0,three_corridor,abrupt,24,107,0,600,174,0.29,36,0.36,0.1375,0.06285796105383734,0.06285796105383734,1,0,0,174,96,0.000265416,0.00016175,0.0,0.010503792000000003,0.028827462999999987,0.043468958,0,False,bbc1a9d8a8370223,32008c45b9b8e482
d9a7c5de22a132fe,random_10,three_corridor,abrupt,24,107,1701,600,216,0.36,53,0.53,0.15083333333333335,0.04324169530355097,0.04324169530355097,1,3,3,216,109,0.000267542,0.000160625,0.000329584,0.011727005999999998,0.028813749999999968,0.044986417,0,False,4944b3ce71be76fa,32008c45b9b8e482
c96526006106f696,random_10,three_corridor,abrupt,24,107,2903,600,234,0.39,52,0.52,0.13833333333333334,0.04138029782359679,0.04138029782359679,1,3,3,234,113,0.000109625,0.00016025,0.000321708,0.012224625000000005,0.028830036000000028,0.045399625,0,False,1359e4f2124ba5c6,32008c45b9b8e482
7130bb08de3a7ee0,random_10,three_corridor,abrupt,24,107,4307,600,165,0.275,46,0.46,0.13791666666666666,0.05111683848797251,0.05111683848797251,1,3,3,165,91,0.000117708,0.000165417,0.000331125,0.009881873999999999,0.028910542,0.043035333,0,True,ff47f6c0762a2212,32008c45b9b8e482
1baee502b8e8874e,random_25,three_corridor,abrupt,24,107,1701,600,157,0.26166666666666666,37,0.37,0.15708333333333332,0.0352233676975945,0.0352233676975945,1,6,6,157,84,0.000115416,0.000162333,0.000652209,0.009072381000000003,0.028485897999999975,0.042277167,0,False,d7221892e8df3d84,32008c45b9b8e482
3d902f6a689ed342,random_25,three_corridor,abrupt,24,107,2903,600,220,0.36666666666666664,49,0.49,0.12083333333333333,0.05970790378006873,0.05970790378006873,1,6,6,220,110,0.000113625,0.000161583,0.000644583,0.011901334999999996,0.02940694600000002,0.045988083,0,False,9835a6344d395ca8,32008c45b9b8e482
e50be182aac4f68b,random_25,three_corridor,abrupt,24,107,4307,600,215,0.35833333333333334,34,0.34,0.15375,0.04596219931271478,0.04596219931271478,1,6,6,215,111,0.000111,0.0001595,0.00065204,0.012095713999999995,0.029164828999999972,0.045969667,0,False,9daa5ecfe149b2a1,32008c45b9b8e482
7522b358ea701487,top_10,three_corridor,abrupt,24,107,0,600,234,0.39,50,0.5,0.11583333333333333,0.05670103092783505,0.05670103092783505,1,3,3,233,116,0.000143375,0.000159208,0.00032850100000000003,0.012616088999999999,0.02981962499999998,0.046843791,0,False,847869a0e8e696b3,32008c45b9b8e482
b75c303b30148caa,top_25,three_corridor,abrupt,24,107,0,600,211,0.3516666666666667,52,0.52,0.13125,0.03823024054982818,0.03823024054982818,1,6,6,210,109,0.000135917,0.000167166,0.000649042,0.012083293000000002,0.03027807299999999,0.047336125,0,False,f0a2b6dde63b4a22,32008c45b9b8e482
0df2ad5d0d01539d,repair_all,three_corridor,abrupt,24,107,0,600,204,0.34,53,0.53,0.125,0.0,0.0,1,24,21,204,106,0.000146625,0.000254834,0.0022964160000000003,0.011752373999999994,0.031002129000000003,0.049460708,0,False,ab9f06fc49d49adf,32008c45b9b8e482
28b17f95dd10f5e4,lazy_0,three_corridor,abrupt,24,108,0,600,137,0.22833333333333333,1,0.01,0.16291666666666665,0.44146286231884063,0.44146286231884063,1,0,0,137,85,0.000113292,0.000168417,0.0,0.009280419999999998,0.028230846999999996,0.041587541,0,False,37a5007cd14ac8c9,0dd8d979de3d4e89
f52cebdca64d79a2,random_10,three_corridor,abrupt,24,108,1701,600,178,0.2966666666666667,30,0.3,0.11916666666666667,0.2262228260869565,0.2262228260869565,1,3,3,178,96,0.000120083,0.000170875,0.000327666,0.010450540999999997,0.02872383899999998,0.043689084,0,False,abcc96416ad9350d,0dd8d979de3d4e89
4633562ba83575e7,random_10,three_corridor,abrupt,24,108,2903,600,125,0.20833333333333334,27,0.27,0.13875,0.20516304347826086,0.20516304347826086,1,3,3,125,80,0.000113667,0.00016925,0.000324625,0.008683831000000001,0.02820450999999998,0.041255083,0,False,5e8f8788244422f4,0dd8d979de3d4e89
506280c3efa4f978,random_10,three_corridor,abrupt,24,108,4307,600,131,0.21833333333333332,32,0.32,0.1325,0.16553442028985507,0.16553442028985507,1,3,3,131,83,0.000111625,0.000165792,0.000326916,0.009081455999999998,0.02794303400000001,0.041403083,0,False,fb615e51511a913e,0dd8d979de3d4e89
65281e5946edef64,random_25,three_corridor,abrupt,24,108,1701,600,178,0.2966666666666667,27,0.27,0.10958333333333334,0.13383152173913043,0.13383152173913043,1,6,6,178,96,0.000109708,0.000168208,0.0006450830000000001,0.010411583999999996,0.028937204999999983,0.044091792,0,False,dbd7cc391376d66c,0dd8d979de3d4e89
df9f473c72895589,random_25,three_corridor,abrupt,24,108,2903,600,213,0.355,54,0.54,0.14458333333333334,0.07665307971014493,0.07665307971014493,1,6,6,213,103,0.000156042,0.000171791,0.000667251,0.011106495000000004,0.028390527000000033,0.04436875,0,False,cc5b871ea9d8671e,0dd8d979de3d4e89
f3d1fbef65713fd3,random_25,three_corridor,abrupt,24,108,4307,600,200,0.3333333333333333,44,0.44,0.14458333333333334,0.08922101449275363,0.08922101449275363,1,6,6,200,101,0.000107208,0.000165292,0.000641292,0.010912664000000002,0.028908752000000006,0.044677917,0,False,8bdc370f405adace,0dd8d979de3d4e89
0fb6f49341a77d1b,top_10,three_corridor,abrupt,24,108,0,600,196,0.32666666666666666,54,0.54,0.11875,0.07099184782608696,0.07099184782608696,1,3,3,196,101,0.000110833,0.000169083,0.000323207,0.011016793000000006,0.028495924999999978,0.044057959,0,False,dcaeec992e4d233e,0dd8d979de3d4e89
bebc1913b14f9e85,top_25,three_corridor,abrupt,24,108,0,600,183,0.305,30,0.3,0.12291666666666666,0.12001811594202898,0.12001811594202898,1,6,6,183,96,0.000110583,0.000168583,0.000644043,0.010357381999999995,0.028834910999999967,0.043949417,0,False,a25dc26e50ccaa63,0dd8d979de3d4e89
da8ab62d6a509818,repair_all,three_corridor,abrupt,24,108,0,600,207,0.345,60,0.6,0.14625,0.0,0.0,1,24,21,206,101,0.000108416,0.000168959,0.0022647089999999997,0.010973542,0.028652758000000007,0.046272375,0,False,67f5851c00bfb5ef,0dd8d979de3d4e89
2394c122e04d9117,lazy_0,three_corridor,abrupt,24,109,0,600,211,0.3516666666666667,34,0.34,0.09833333333333333,0.46631205673758863,0.46631205673758863,1,0,0,211,111,0.00010875,0.000171792,0.0,0.011978959000000003,0.028680527000000004,0.044717917,0,False,d283bc15df8eaaf4,fe4d8437ad5a5148
31c1ce643cdcf303,random_10,three_corridor,abrupt,24,109,1701,600,248,0.41333333333333333,55,0.55,0.11958333333333333,0.11144883485309016,0.11144883485309016,1,3,3,248,114,0.000106292,0.000181584,0.00032570799999999997,0.012247164999999999,0.02903196599999999,0.045708084,0,False,1484922d5a05aa5a,fe4d8437ad5a5148
13240862d2670368,random_10,three_corridor,abrupt,24,109,2903,600,196,0.32666666666666666,23,0.23,0.10125,0.178951367781155,0.178951367781155,1,3,2,196,104,0.000110917,0.000173083,0.000221457,0.011219044999999999,0.02859100499999999,0.044071958,0,False,8b68982757960b42,fe4d8437ad5a5148
b28db2f822cc8ca4,random_10,three_corridor,abrupt,24,109,4307,600,196,0.32666666666666666,44,0.44,0.08708333333333333,0.14209726443768997,0.14209726443768997,1,3,3,196,103,0.000108541,0.000170167,0.00032254100000000003,0.01113067,0.028694841999999995,0.044188666,0,False,60fe6198b74956ab,fe4d8437ad5a5148
04bbf23a713ad33a,random_25,three_corridor,abrupt,24,109,1701,600,189,0.315,22,0.22,0.13125,0.12284701114488347,0.12284701114488347,1,6,6,188,102,0.000264833,0.000172209,0.000658042,0.011081792999999998,0.028535872000000007,0.044581625,0,False,4d784f23c1216592,fe4d8437ad5a5148
d18072a66132f21a,random_25,three_corridor,abrupt,24,109,2903,600,130,0.21666666666666667,37,0.37,0.14,0.05483789260385005,0.05483789260385005,1,6,4,130,79,0.000111041,0.00017225,0.000444792,0.008538624000000003,0.028376616000000007,0.041331333,0,False,315592b798652c00,fe4d8437ad5a5148
2a638bf37849550d,random_25,three_corridor,abrupt,24,109,4307,600,240,0.4,67,0.67,0.11291666666666667,0.0761144883485309,0.0761144883485309,1,6,6,239,113,0.000107958,0.000172083,0.000646041,0.012244372000000003,0.029074215999999996,0.04617075,0,False,e40236fc846dfcb5,fe4d8437ad5a5148
4cc8d5dda1466288,top_10,three_corridor,abrupt,24,109,0,600,198,0.33,40,0.4,0.13958333333333334,0.1255065856129686,0.1255065856129686,1,3,3,197,103,0.000109417,0.000174708,0.00032812499999999997,0.011109786,0.029029917000000013,0.044563625,0,False,212977324d1307ab,fe4d8437ad5a5148
ed524ef67f90c5da,top_25,three_corridor,abrupt,24,109,0,600,131,0.21833333333333332,31,0.31,0.13666666666666666,0.08042046605876393,0.08042046605876393,1,6,3,131,82,0.000109417,0.000185291,0.000327708,0.008823410999999998,0.028291110000000022,0.041463667,0,False,511b4fffe67cefb5,fe4d8437ad5a5148
db29b0e34449776d,repair_all,three_corridor,abrupt,24,109,0,600,119,0.19833333333333333,36,0.36,0.14833333333333334,0.0,0.0,1,24,19,119,75,0.000110959,0.000171625,0.002041414,0.008087922999999999,0.02826606699999998,0.042545958,0,False,7234335854450483,fe4d8437ad5a5148
cb7e83a96206ca8e,lazy_0,three_corridor,abrupt,24,110,0,600,106,0.17666666666666667,17,0.17,0.14875,0.3558246828143022,0.3558246828143022,1,0,0,106,67,0.000107541,0.000197667,0.0,0.007238503,0.02792228400000003,0.039049875,0,False,523315e688dfd420,d6338ea7a31c1764
16f29607501cd4e7,random_10,three_corridor,abrupt,24,110,1701,600,121,0.20166666666666666,31,0.31,0.10833333333333334,0.2103517877739331,0.2103517877739331,1,3,3,121,75,0.000106417,0.000201666,0.000324375,0.008124916999999999,0.02836263200000003,0.040718791,0,False,242e4807147b9ac0,d6338ea7a31c1764
a892535539e95161,random_10,three_corridor,abrupt,24,110,2903,600,120,0.2,37,0.37,0.13083333333333333,0.12644175317185696,0.12644175317185696,1,3,3,120,76,0.000108208,0.000197583,0.000327418,0.00821742,0.028389658999999987,0.04086125,0,False,2efb43e61aa34257,d6338ea7a31c1764
5f8218a2764c12e7,random_10,three_corridor,abrupt,24,110,4307,600,169,0.2816666666666667,30,0.3,0.12708333333333333,0.22448096885813149,0.22448096885813149,1,3,2,169,95,0.00010575,0.00019625,0.00021545899999999998,0.010302582999999999,0.028671874000000024,0.043132791,0,False,f9d01b440df1cfc0,d6338ea7a31c1764
1762a943da3afa08,random_25,three_corridor,abrupt,24,110,1701,600,92,0.15333333333333332,8,0.08,0.10125,0.6611880046136102,0.6611880046136102,1,6,6,92,59,0.000110333,0.000199875,0.0006530829999999999,0.006409126000000001,0.027964928000000003,0.038911541,0,False,d1285afd8c83e78c,d6338ea7a31c1764
04583f48420fc13f,random_25,three_corridor,abrupt,24,110,2903,600,173,0.28833333333333333,37,0.37,0.11208333333333333,0.17474048442906576,0.17474048442906576,1,6,5,173,95,0.000108291,0.000200375,0.000552209,0.010383837000000002,0.02861509800000003,0.043568417,0,False,543591932d37219e,d6338ea7a31c1764
4151558147c851e6,random_25,three_corridor,abrupt,24,110,4307,600,101,0.16833333333333333,19,0.19,0.12708333333333333,0.12370242214532871,0.12370242214532871,1,6,5,101,66,0.000109291,0.000201667,0.000541459,0.007202918,0.028252330000000013,0.039937417,0,False,8ef46090f5940464,d6338ea7a31c1764
c511f5ab849d8605,top_10,three_corridor,abrupt,24,110,0,600,144,0.24,14,0.14,0.10791666666666666,0.39979815455594003,0.39979815455594003,1,3,3,144,86,0.000108375,0.000198833,0.000327042,0.009379204999999998,0.02823749999999998,0.041957583,0,False,8a01c5a83ad34671,d6338ea7a31c1764
60de69ed75be76b9,top_25,three_corridor,abrupt,24,110,0,600,168,0.28,46,0.46,0.12458333333333334,0.13552479815455593,0.13552479815455593,1,6,5,168,98,0.000119459,0.000207125,0.0005492089999999999,0.010604205999999994,0.029029201000000008,0.044271709,0,False,312109005f02780d,d6338ea7a31c1764
e061a4659cafe6d1,repair_all,three_corridor,abrupt,24,110,0,600,101,0.16833333333333333,32,0.32,0.16166666666666665,0.0,0.0,1,24,18,101,65,0.000108666,0.000202084,0.001989542,0.007201047,0.028582499000000008,0.04201275,0,False,6992da475595f284,d6338ea7a31c1764
a44d69c8a7384050,lazy_0,three_corridor,abrupt,24,111,0,600,154,0.25666666666666665,43,0.43,0.12,0.10055555555555555,0.10055555555555555,1,0,0,154,80,0.000110334,0.000160417,0.0,0.008720879000000004,0.028615042999999986,0.0412315,0,False,3710438ac8543e20,58fb80e85cf87816
dd6646bb7b3a89af,random_10,three_corridor,abrupt,24,111,1701,600,244,0.4066666666666667,55,0.55,0.0975,0.11013888888888888,0.11013888888888888,1,3,3,244,116,0.000109083,0.0001695,0.00034225,0.012701039000000004,0.029129355999999995,0.046238625,0,False,8e39d4ff4cffcfda,58fb80e85cf87816
493505f051f06231,random_10,three_corridor,abrupt,24,111,2903,600,222,0.37,37,0.37,0.14,0.18027777777777776,0.18027777777777776,1,3,3,221,109,0.000118792,0.000161792,0.000328334,0.011833586999999996,0.03268696999999998,0.048875917,0,False,dc258e828cce969f,58fb80e85cf87816
81acf6d93fdbeadb,random_10,three_corridor,abrupt,24,111,4307,600,197,0.3283333333333333,48,0.48,0.1225,0.1309722222222222,0.1309722222222222,1,3,3,197,103,0.000119625,0.000160583,0.000323041,0.011193081000000006,0.02876776199999996,0.044354417,0,False,780a0b5eeec773ad,58fb80e85cf87816
8aa0beafd8d06bca,random_25,three_corridor,abrupt,24,111,1701,600,221,0.36833333333333335,53,0.53,0.12541666666666668,0.0748611111111111,0.0748611111111111,1,6,6,221,107,0.000109667,0.000160583,0.000694042,0.011526247999999996,0.028917489999999997,0.045111875,0,False,1e834e02647f9e36,58fb80e85cf87816
da2aff30ee4dc061,random_25,three_corridor,abrupt,24,111,2903,600,218,0.36333333333333334,52,0.52,0.11,0.05222222222222222,0.05222222222222222,1,6,6,218,109,0.000109,0.000160541,0.0006496249999999999,0.011745127999999995,0.029029003999999987,0.045450625,0,False,2f908a1af3a7cd06,58fb80e85cf87816
c18d6b2b0517ba98,random_25,three_corridor,abrupt,24,111,4307,600,209,0.34833333333333333,35,0.35,0.12916666666666668,0.09375,0.09375,1,6,6,209,101,0.000106709,0.000159959,0.000647166,0.010946715000000001,0.02885086599999996,0.044462875,0,False,f51257a965c24c3f,58fb80e85cf87816
23cdd120a8915c89,top_10,three_corridor,abrupt,24,111,0,600,180,0.3,16,0.16,0.12291666666666666,0.24777777777777776,0.24777777777777776,1,3,3,179,92,0.000109667,0.000170792,0.0003285,0.009964367999999996,0.02899354300000002,0.043232042,0,False,d0fad3896acd98a7,58fb80e85cf87816
c220d1e748b3d06b,top_25,three_corridor,abrupt,24,111,0,600,162,0.27,30,0.3,0.155,0.10263888888888888,0.10263888888888888,1,6,6,161,84,0.000108084,0.000160584,0.000652209,0.009083956000000002,0.02881753100000001,0.042610542,0,False,9acb91dff336b0fd,58fb80e85cf87816
564d7af8585c8f99,repair_all,three_corridor,abrupt,24,111,0,600,215,0.35833333333333334,45,0.45,0.13125,0.0,0.0,1,22,21,215,108,0.000123917,0.000165916,0.0022669120000000003,0.011786416999999997,0.029393878999999998,0.047707208,0,False,1e7e5773976e0680,58fb80e85cf87816
dc2fc1f811a15f55,lazy_0,three_corridor,recurring,24,100,0,600,231,0.385,59,0.59,0.07958333333333334,0.22225738396624473,0.22225738396624473,2,0,0,231,143,0.00022175,0.000340292,0.0,0.015498538000000003,0.02881237799999998,0.048852333,0,False,b9081964b670573d,20ef6712050708d6
89fb55a58a086c4f,random_10,three_corridor,recurring,24,100,1701,600,215,0.35833333333333334,43,0.43,0.11166666666666666,0.16339662447257386,0.16339662447257386,2,6,6,215,131,0.000216124,0.000341833,0.000653333,0.014287247000000001,0.02910807800000001,0.048612792,0,False,63a6daade758b153,20ef6712050708d6
c5c193887c51928a,random_10,three_corridor,recurring,24,100,2903,600,216,0.36,47,0.47,0.11916666666666667,0.23575949367088608,0.23575949367088608,2,6,6,216,137,0.0002155,0.00033791699999999997,0.0006555430000000001,0.014813130000000006,0.02853658000000003,0.048577125,0,False,3834fdcf6d77ff6c,20ef6712050708d6
cbdce888b108aa38,random_10,three_corridor,recurring,24,100,4307,600,192,0.32,55,0.55,0.10333333333333333,0.22468354430379747,0.22468354430379747,2,6,5,192,127,0.00022162499999999998,0.000334958,0.000556167,0.013793006000000002,0.02875282599999999,0.047692541,0,False,0fd509e53489f819,20ef6712050708d6
849537320fff86f5,random_25,three_corridor,recurring,24,100,1701,600,253,0.4216666666666667,53,0.53,0.1125,0.13839662447257384,0.13839662447257384,2,12,12,253,145,0.00022333299999999998,0.000337417,0.001303875,0.015742538999999993,0.029359626000000003,0.051173542,0,False,4ffb84b23ae5ca60,20ef6712050708d6
9b02fede93c96151,random_25,three_corridor,recurring,24,100,2903,600,262,0.43666666666666665,57,0.57,0.11333333333333333,0.19546413502109702,0.19546413502109702,2,12,12,261,151,0.000215834,0.00035095899999999997,0.001331584,0.016409753000000003,0.029210260999999977,0.051803208,0,False,317a7b97530898bf,20ef6712050708d6
5d1e4a1db75fc72a,random_25,three_corridor,recurring,24,100,4307,600,273,0.455,42,0.42,0.11416666666666667,0.08987341772151898,0.08987341772151898,2,12,11,271,154,0.000216083,0.000343083,0.001177917,0.016665341999999996,0.029368201000000035,0.051924125,0,False,7658a1d137dd7cfc,20ef6712050708d6
8aa90406f8b96ad5,top_10,three_corridor,recurring,24,100,0,600,264,0.44,48,0.48,0.08958333333333333,0.21339662447257385,0.21339662447257385,2,6,6,264,146,0.000213416,0.00032891699999999997,0.000653415,0.015813091000000005,0.028911423999999995,0.049975833,0,False,e128583a51e50105,20ef6712050708d6
7d0f5efdfcd1b11a,top_25,three_corridor,recurring,24,100,0,600,246,0.41,39,0.39,0.12541666666666668,0.10474683544303798,0.10474683544303798,2,12,12,246,147,0.000218751,0.000330291,0.001304042,0.015923169999999997,0.029338830000000007,0.05116425,0,False,5ebc209b55ae4f8f,20ef6712050708d6
7c55827a20711743,repair_all,three_corridor,recurring,24,100,0,600,277,0.46166666666666667,66,0.66,0.13458333333333333,0.0,0.0,2,47,40,277,151,0.00023108200000000002,0.000371916,0.004355836,0.016356749000000007,0.029274196999999988,0.054982167,0,False,cf94773c684cc186,20ef6712050708d6
ec22be608abaaf7c,lazy_0,three_corridor,recurring,24,101,0,600,214,0.3566666666666667,60,0.6,0.10875,0.3078593996840442,0.3078593996840442,2,0,0,213,139,0.00021524899999999999,0.000340584,0.0,0.015105372999999997,0.02947866199999999,0.049160375,0,False,a989d8741dc9c45c,8d2f7de82df86609
4dd0601cc21a9fc0,random_10,three_corridor,recurring,24,101,1701,600,246,0.41,57,0.57,0.13625,0.15847156398104265,0.15847156398104265,2,6,6,246,150,0.000211333,0.000337709,0.00065175,0.016236249999999994,0.029225251000000004,0.050694417,0,False,a787d691cbeaa8e2,8d2f7de82df86609
ae12bcddab4c325b,random_10,three_corridor,recurring,24,101,2903,600,188,0.31333333333333335,37,0.37,0.1475,0.46080173775671407,0.46080173775671407,2,6,6,188,123,0.000221291,0.00038291599999999996,0.0006483750000000001,0.013395165999999991,0.02939928599999999,0.048060833,0,False,97d2dd8daebbaefc,8d2f7de82df86609
798bffcf87cabd22,random_10,three_corridor,recurring,24,101,4307,600,258,0.43,62,0.62,0.14,0.1670616113744076,0.1670616113744076,2,6,6,258,152,0.00021325,0.000372041,0.000657541,0.016466751000000016,0.02920555199999996,0.051003625,0,False,7723e13ccf4c7959,8d2f7de82df86609
db74bbe1aca63e25,random_25,three_corridor,recurring,24,101,1701,600,275,0.4583333333333333,65,0.65,0.13125,0.10653633491311217,0.10653633491311217,2,12,12,275,160,0.000217793,0.000339,0.001318876,0.017369053,0.02987509399999999,0.053249583,0,False,e8ab49f2e1297601,8d2f7de82df86609
c7a4533a3be2874d,random_25,three_corridor,recurring,24,101,2903,600,245,0.4083333333333333,55,0.55,0.14875,0.15086887835703,0.15086887835703,2,12,12,243,150,0.000224126,0.000353042,0.0013027900000000003,0.016374876000000007,0.02956416600000002,0.052005541,0,False,e0dcf80814f44e66,8d2f7de82df86609
7fc8447f7a17a63b,random_25,three_corridor,recurring,24,101,4307,600,230,0.38333333333333336,47,0.47,0.1325,0.12203791469194313,0.12203791469194313,2,12,11,230,143,0.00024199999999999997,0.00036404199999999997,0.001196792,0.015439080999999999,0.029006652000000032,0.050645417,0,False,0772478d4f66e3ba,8d2f7de82df86609
3408e6950eb6582b,top_10,three_corridor,recurring,24,101,0,600,237,0.395,37,0.37,0.1475,0.25118483412322273,0.25118483412322273,2,6,6,237,148,0.00022195899999999998,0.00037958299999999996,0.0006458340000000001,0.015977791999999998,0.029575401000000015,0.050791584,0,False,1f413b906e163484,8d2f7de82df86609
576e5f477850a4e5,top_25,three_corridor,recurring,24,101,0,600,218,0.36333333333333334,31,0.31,0.15416666666666667,0.13635466034755134,0.13635466034755134,2,12,12,218,141,0.000215291,0.00036366800000000004,0.00129596,0.015233957999999995,0.028760286000000013,0.04988475,0,False,46d31951f380fec6,8d2f7de82df86609
56f6c0fe928a983d,repair_all,three_corridor,recurring,24,101,0,600,215,0.35833333333333334,38,0.38,0.14208333333333334,0.0,0.0,2,48,42,215,140,0.000218624,0.000318459,0.004553087000000001,0.015190701999999999,0.02928801199999999,0.053930209,0,False,4610b83397639d91,8d2f7de82df86609
94ee1aa4e4c9dbec,lazy_0,three_corridor,recurring,24,102,0,600,201,0.335,42,0.42,0.12875,0.14641472868217054,0.14641472868217054,2,0,0,201,128,0.0002145,0.000321,0.0,0.013867169000000006,0.028591727999999976,0.0469955,0,False,0c4c5a06d53d1ef2,4f74e11606416f22
65d67dcf233996ba,random_10,three_corridor,recurring,24,102,1701,600,256,0.4266666666666667,39,0.39,0.14416666666666667,0.0933139534883721,0.0933139534883721,2,6,6,256,141,0.000213,0.00032566599999999995,0.000652042,0.01526642,0.02933907700000002,0.049861958,0,False,71d481c82a59076c,4f74e11606416f22
f805fe9dd49894e7,random_10,three_corridor,recurring,24,102,2903,600,240,0.4,49,0.49,0.14541666666666667,0.12306201550387597,0.12306201550387597,2,6,6,240,140,0.00021316599999999998,0.000323417,0.000646123,0.015060366000000006,0.028921826999999987,0.049235792,0,False,147887bf74627866,4f74e11606416f22
f39bfef453d1e195,random_10,three_corridor,recurring,24,102,4307,600,201,0.335,42,0.42,0.12875,0.1387596899224806,0.1387596899224806,2,6,6,201,128,0.00021399899999999998,0.000321626,0.0006700409999999999,0.013942294000000004,0.02901216499999999,0.048218375,0,False,0c4c5a06d53d1ef2,4f74e11606416f22
64d2fab645c8ce32,random_25,three_corridor,recurring,24,102,1701,600,239,0.3983333333333333,40,0.4,0.15916666666666668,0.06405038759689922,0.06405038759689922,2,12,12,239,143,0.000383709,0.00031725,0.001315501,0.015465750000000002,0.02871557399999999,0.050490959,0,False,ab4049f8f9d98c65,4f74e11606416f22
30a87d8f7ec43ac3,random_25,three_corridor,recurring,24,102,2903,600,180,0.3,28,0.28,0.14791666666666667,0.11511627906976744,0.11511627906976744,2,12,12,180,111,0.000216541,0.00033825,0.0012879989999999997,0.011964744999999999,0.028743051999999967,0.046575375,0,False,459af713695690fe,4f74e11606416f22
7a201c00cd658932,random_25,three_corridor,recurring,24,102,4307,600,256,0.4266666666666667,60,0.6,0.14083333333333334,0.06734496124031007,0.06734496124031007,2,12,11,256,141,0.000372583,0.00034608299999999996,0.0011817490000000002,0.015263412999999988,0.02929396499999999,0.050631,0,False,919aac85dccaba81,4f74e11606416f22
b86dda79954a05ad,top_10,three_corridor,recurring,24,102,0,600,267,0.445,58,0.58,0.15416666666666667,0.0871124031007752,0.0871124031007752,2,6,5,267,143,0.000355999,0.00029837500000000003,0.000539875,0.015402707999999992,0.02906754,0.049737083,0,False,bbe94a005441e983,4f74e11606416f22
28f74a059bdf889c,top_25,three_corridor,recurring,24,102,0,600,224,0.37333333333333335,30,0.3,0.17041666666666666,0.07945736434108526,0.07945736434108526,2,12,12,223,121,0.000213459,0.000331417,0.001340543,0.013084076999999987,0.029023850000000018,0.048049708,0,False,c2237c1af3ed6153,4f74e11606416f22
c3dba087ba478030,repair_all,three_corridor,recurring,24,102,0,600,204,0.34,14,0.14,0.15833333333333333,0.0,0.0,2,45,41,203,119,0.00021420899999999998,0.000335958,0.004419497,0.012873214999999995,0.02847361199999998,0.05072175,0,False,55bf0f428ec2ab98,4f74e11606416f22
5da7b4a655d366e0,lazy_0,three_corridor,recurring,24,103,0,600,160,0.26666666666666666,17,0.17,0.13666666666666666,0.5576550387596899,0.5576550387596899,2,0,0,160,108,0.000219459,0.000352792,0.0,0.011713003999999997,0.028746046000000008,0.044941458,0,False,041317163c96c83f,9b3da27364853758
0c06c607d5863898,random_10,three_corridor,recurring,24,103,1701,600,215,0.35833333333333334,38,0.38,0.15,0.20377906976744187,0.20377906976744187,2,6,6,215,138,0.000213709,0.00032566699999999997,0.000651167,0.014924954000000006,0.029255122999999994,0.04943175,0,False,18f65d8cf40fe25f,9b3da27364853758
26168a2a8bb22cf7,random_10,three_corridor,recurring,24,103,2903,600,236,0.3933333333333333,51,0.51,0.12416666666666666,0.1875,0.1875,2,6,6,236,145,0.000212208,0.00033758400000000004,0.00064879,0.015665034,0.02914662799999998,0.050017917,0,False,6e296696df45098c,9b3da27364853758
50951f892420b57d,random_10,three_corridor,recurring,24,103,4307,600,220,0.36666666666666664,49,0.49,0.13458333333333333,0.2443798449612403,0.2443798449612403,2,6,6,220,138,0.000219125,0.00035641700000000004,0.000648832,0.014910495000000008,0.029231565999999987,0.049429875,0,False,a5c97b496e63d3fb,9b3da27364853758
9d3f553909ce4dd7,random_25,three_corridor,recurring,24,103,1701,600,254,0.42333333333333334,35,0.35,0.14166666666666666,0.15038759689922482,0.15038759689922482,2,12,12,254,152,0.000228416,0.00031229200000000004,0.001293291,0.01635942,0.029659813999999975,0.051972625,0,False,7cdaf6c501c7b80b,9b3da27364853758
81e9a7237b084b18,random_25,three_corridor,recurring,24,103,2903,600,180,0.3,55,0.55,0.14333333333333334,0.25998062015503876,0.25998062015503876,2,12,12,180,124,0.00036895799999999996,0.000346874,0.001337877,0.013478541999999998,0.028471511000000005,0.048038042,0,False,b260cc5aceb27b1a,9b3da27364853758
6edcf23d2714c23f,random_25,three_corridor,recurring,24,103,4307,600,248,0.41333333333333333,24,0.24,0.14125,0.16405038759689924,0.16405038759689924,2,12,12,248,148,0.000349251,0.000361333,0.001276709,0.016074542,0.032616930000000016,0.054936917,0,False,5a9d183f672d9fcd,9b3da27364853758
29072f28c24be207,top_10,three_corridor,recurring,24,103,0,600,223,0.37166666666666665,35,0.35,0.14625,0.17906976744186046,0.17906976744186046,2,6,6,223,136,0.000221,0.00035579199999999996,0.00066325,0.014785131000000003,0.028813581999999997,0.04892825,0,False,b8a1c4eabbaa5332,9b3da27364853758
ab399c6db59c1fe8,top_25,three_corridor,recurring,24,103,0,600,189,0.315,37,0.37,0.14916666666666667,0.1064922480620155,0.1064922480620155,2,12,12,189,123,0.000211082,0.000349333,0.001282583,0.013310959000000002,0.02853917599999997,0.047665625,0,False,588c4e2ce7862c6a,9b3da27364853758
7eeea4f2f1593575,repair_all,three_corridor,recurring,24,103,0,600,248,0.41333333333333333,46,0.46,0.15583333333333332,0.0,0.0,2,47,42,248,153,0.000214499,0.00032558299999999995,0.004493663,0.016454290000000003,0.029104701,0.054915,0,False,a6838627839623b2,9b3da27364853758
835b4d38c14be0fd,lazy_0,three_corridor,recurring,24,104,0,600,177,0.295,47,0.47,0.08833333333333333,0.377297410192147,0.4432957393483709,2,0,0,177,113,0.000216875,0.00036862500000000003,0.0,0.012220791,0.02831563700000002,0.044974084,0,False,c2d1508822af95ca,c4179e69bfa48c57
c556bb5ece2551a5,random_10,three_corridor,recurring,24,104,1701,600,165,0.275,31,0.31,0.09375,0.28310359231411864,0.29490392648287383,2,6,6,165,103,0.000217624,0.000358625,0.0007168739999999999,0.011165337000000003,0.028723474000000013,0.045109416,0,False,7f0b7da97a46f361,c4179e69bfa48c57
d32b22742188feb7,random_10,three_corridor,recurring,24,104,2903,600,204,0.34,44,0.44,0.11375,0.17470760233918128,0.17470760233918128,2,6,6,204,122,0.00021216600000000001,0.00034875,0.000652375,0.013236495000000001,0.028462836000000005,0.046884125,0,False,72bcd307d0754057,c4179e69bfa48c57
bfdec8a5da5858da,random_10,three_corridor,recurring,24,104,4307,600,212,0.35333333333333333,46,0.46,0.10041666666666667,0.21888053467000834,0.22180451127819548,2,6,6,211,126,0.000215833,0.000338291,0.000650459,0.013630624,0.028973987999999996,0.047738166,0,False,631e7f89c07fbae2,c4179e69bfa48c57
14b39930c053f6ad,random_25,three_corridor,recurring,24,104,1701,600,215,0.35833333333333334,58,0.58,0.10583333333333333,0.1681286549707602,0.1681286549707602,2,12,10,214,128,0.000215708,0.000364291,0.00114354,0.013825416,0.028539138999999995,0.048154042,0,False,a633a25889115526,c4179e69bfa48c57
d39c9e7565877893,random_25,three_corridor,recurring,24,104,2903,600,213,0.355,38,0.38,0.08583333333333333,0.2260860484544695,0.2424812030075188,2,12,12,212,120,0.00022166599999999997,0.000347708,0.00129821,0.012949412999999998,0.028769820999999966,0.047541125,0,False,4576066a68d86238,c4179e69bfa48c57
d3c33a8cfb19898c,random_25,three_corridor,recurring,24,104,4307,600,197,0.3283333333333333,46,0.46,0.10041666666666667,0.20321637426900582,0.20405179615705932,2,12,12,196,118,0.000209666,0.000336083,0.001293878,0.012728872999999995,0.028400128999999982,0.046942959,0,False,76c7bc54efa20532,c4179e69bfa48c57
e46d88b2b6fb87ee,top_10,three_corridor,recurring,24,104,0,600,205,0.3416666666666667,39,0.39,0.11791666666666667,0.1558061821219716,0.1558061821219716,2,6,6,204,118,0.000216375,0.00033725,0.000680668,0.012764748999999997,0.02913841400000001,0.047134042,0,False,338459f07f19340b,c4179e69bfa48c57
282ce69b8198f874,top_25,three_corridor,recurring,24,104,0,600,149,0.24833333333333332,34,0.34,0.14458333333333334,0.07560568086883877,0.07560568086883877,2,12,12,149,103,0.00021375000000000002,0.000348125,0.0012970009999999999,0.011219583000000003,0.028393506999999974,0.045466709,0,False,2d4d2b0fa220a9be,c4179e69bfa48c57
f4285b8c9a27ec1c,repair_all,three_corridor,recurring,24,104,0,600,154,0.25666666666666665,35,0.35,0.15291666666666667,0.0,0.0,2,48,41,154,103,0.000211708,0.000358708,0.0043769989999999995,0.011163381000000003,0.02820714,0.048491834,0,False,e3c47b9f5f650e71,c4179e69bfa48c57
730d1cee8710fb94,lazy_0,three_corridor,recurring,24,105,0,600,183,0.305,33,0.33,0.15041666666666667,0.40890330188679247,0.40890330188679247,2,0,0,183,120,0.0002125,0.00037504300000000003,0.0,0.012947133999999996,0.029093136999999984,0.046541084,0,False,fa41b3b642ef7139,29b09a5e7c34960f
9654a4cf8ed1b034,random_10,three_corridor,recurring,24,105,1701,600,226,0.37666666666666665,21,0.21,0.12625,0.2652319182389937,0.2692610062893082,2,6,6,226,141,0.00036299899999999997,0.000363541,0.000654249,0.015301869000000013,0.028641836999999993,0.049407792,0,False,cbfd88ade16037c4,29b09a5e7c34960f
0c1ea31e0f0290de,random_10,three_corridor,recurring,24,105,2903,600,131,0.21833333333333332,30,0.3,0.115,0.4321933962264151,0.5307586477987422,2,6,6,131,92,0.000215792,0.000372792,0.0006530010000000001,0.009992586999999999,0.028435884000000033,0.043604125,0,False,1f98eb4418d60a9b,29b09a5e7c34960f
a153de57bb65c7a0,random_10,three_corridor,recurring,24,105,4307,600,160,0.26666666666666666,39,0.39,0.13875,0.16931996855345913,0.16931996855345913,2,6,6,160,112,0.00036533299999999997,0.000361166,0.0006533330000000001,0.012127871000000004,0.028345586999999988,0.045871083,0,False,982a257cc9100c5d,29b09a5e7c34960f
99a962b080eb5de7,random_25,three_corridor,recurring,24,105,1701,600,253,0.4216666666666667,56,0.56,0.14666666666666667,0.1449488993710692,0.1449488993710692,2,12,12,253,145,0.000213666,0.00033637399999999996,0.0013930829999999998,0.015701077999999997,0.029462954000000006,0.051218709,0,False,48172197fadf70d6,29b09a5e7c34960f
61ce73919e2c6d54,random_25,three_corridor,recurring,24,105,2903,600,192,0.32,41,0.41,0.13583333333333333,0.16578223270440254,0.16578223270440254,2,12,12,192,123,0.000363167,0.000354416,0.001285417,0.013318169999999997,0.028550388000000006,0.047973375,0,False,572bfb7d047ff952,29b09a5e7c34960f
32506f12d0fcb624,random_25,three_corridor,recurring,24,105,4307,600,170,0.2833333333333333,35,0.35,0.14666666666666667,0.09846698113207547,0.09846698113207547,2,12,12,170,112,0.0002175,0.000362541,0.001291416,0.012088746999999999,0.028828600999999968,0.046857,0,False,58cc2d934e0c4ce2,29b09a5e7c34960f
59f54af045b83be5,top_10,three_corridor,recurring,24,105,0,600,207,0.345,43,0.43,0.10625,0.26641116352201255,0.26641116352201255,2,6,5,207,131,0.000377291,0.00037858300000000004,0.000554166,0.014164332999999994,0.02903630999999999,0.048644292,0,False,3f5aef52fbcd246b,29b09a5e7c34960f
92155c3067cf06e6,top_25,three_corridor,recurring,24,105,0,600,175,0.2916666666666667,57,0.57,0.08916666666666667,0.16843553459119498,0.16843553459119498,2,12,11,175,119,0.000217333,0.000391792,0.001198082,0.012862367000000003,0.028395253000000023,0.047054875,0,False,628d933fc0c5d58b,29b09a5e7c34960f
a09b048482560242,repair_all,three_corridor,recurring,24,105,0,600,187,0.31166666666666665,18,0.18,0.17791666666666667,0.0,0.0,2,47,40,186,121,0.000222208,0.000330708,0.004277250999999999,0.013149461000000003,0.02900996000000001,0.051337875,0,False,6ef5edc9f819d56f,29b09a5e7c34960f
8bd8ac8083311964,lazy_0,three_corridor,recurring,24,106,0,600,223,0.37166666666666665,49,0.49,0.14958333333333335,0.2115069615069615,0.2115069615069615,2,0,0,223,138,0.000369751,0.000303793,0.0,0.015005131,0.028854182000000013,0.048477084,0,False,8b5d61af142f44a9,18d448e5536bb4d5
374fe490ca7e2e52,random_10,three_corridor,recurring,24,106,1701,600,305,0.5083333333333333,79,0.79,0.14083333333333334,0.08732596232596232,0.08732596232596232,2,6,6,305,167,0.000214708,0.000280583,0.000650791,0.018096211999999997,0.02969986599999998,0.052979542,0,False,509a78c0c3a5798b,18d448e5536bb4d5
6a7bbebfd30524c6,random_10,three_corridor,recurring,24,106,2903,600,223,0.37166666666666665,60,0.6,0.1375,0.22635135135135134,0.22635135135135134,2,6,5,222,134,0.000240209,0.000303751,0.0005443749999999999,0.014627163000000004,0.029298915000000005,0.049045417,0,False,635ab443ee657228,18d448e5536bb4d5
5844732fa084b50e,random_10,three_corridor,recurring,24,106,4307,600,238,0.39666666666666667,66,0.66,0.11291666666666667,0.07882882882882883,0.07882882882882883,2,6,5,238,145,0.00037600000000000003,0.000283792,0.000550542,0.015810877,0.029572921000000016,0.050634459,0,False,90460a332f09930c,18d448e5536bb4d5
416e55e1541fb806,random_25,three_corridor,recurring,24,106,1701,600,230,0.38333333333333336,61,0.61,0.14375,0.11005323505323504,0.11005323505323504,2,12,11,230,138,0.00027333399999999997,0.000359541,0.0012104160000000002,0.015131619,0.030347878999999977,0.051533917,0,False,049006fb0e9844d5,18d448e5536bb4d5
c778127af8134e4c,random_25,three_corridor,recurring,24,106,2903,600,240,0.4,60,0.6,0.1375,0.07555282555282555,0.07555282555282555,2,12,12,240,148,0.000776,0.0002985,0.001294375,0.016155417999999998,0.029164829000000014,0.05179375,0,False,07c95210de5632a9,18d448e5536bb4d5
646cff2fe435daca,random_25,three_corridor,recurring,24,106,4307,600,252,0.42,66,0.66,0.11291666666666667,0.06971744471744472,0.06971744471744472,2,12,11,252,153,0.000234042,0.000286333,0.0011953760000000002,0.016569501,0.029265198999999974,0.051625667,0,False,e29a28288a8760c1,18d448e5536bb4d5
8cb2c10efa40f724,top_10,three_corridor,recurring,24,106,0,600,246,0.41,61,0.61,0.13916666666666666,0.10217035217035218,0.10217035217035218,2,6,6,246,143,0.000224999,0.000300416,0.000648417,0.015463954999999996,0.02968763099999999,0.050390208,0,False,1c1e7f7f11be3ff0,18d448e5536bb4d5
166332ff70f0f67f,top_25,three_corridor,recurring,24,106,0,600,240,0.4,61,0.61,0.13916666666666666,0.1335995085995086,0.1335995085995086,2,12,12,239,140,0.000242583,0.000324458,0.001297248,0.015384337000000008,0.029334966999999965,0.050730959,0,False,1aeb05b2d9a34c51,18d448e5536bb4d5
f6e5368c6d9e1697,repair_all,three_corridor,recurring,24,106,0,600,253,0.4216666666666667,68,0.68,0.15375,0.0,0.0,2,45,41,252,156,0.00021700000000000002,0.000290834,0.004402626,0.016904419999999996,0.02984520400000001,0.055975083,0,False,f73a620433ad26e7,18d448e5536bb4d5
ac18e11a576bd98f,lazy_0,three_corridor,recurring,24,107,0,600,234,0.39,24,0.24,0.13625,0.3482603092783505,0.3482603092783505,2,0,0,234,143,0.000367209,0.00033841700000000004,0.0,0.015582334,0.029501048000000002,0.049706625,0,False,6dd03f727b3ba124,2dfdf2cfe4dd0e74
e42573fd90bac818,random_10,three_corridor,recurring,24,107,1701,600,164,0.2733333333333333,18,0.18,0.155,0.4808848797250859,0.4808848797250859,2,6,6,164,109,0.000211457,0.000347666,0.00066275,0.011740089999999996,0.028415997999999987,0.045264875,0,False,4ea2d1fa36f90b7c,2dfdf2cfe4dd0e74
ac3eb8b6da750eeb,random_10,three_corridor,recurring,24,107,2903,600,147,0.245,22,0.22,0.11416666666666667,0.49710051546391754,0.5161082474226805,2,6,6,147,99,0.00035658399999999996,0.000359875,0.000652831,0.010756579999999996,0.02877199799999998,0.044831958,0,False,7098e6482958eaca,2dfdf2cfe4dd0e74
ac82108dc56cdc37,random_10,three_corridor,recurring,24,107,4307,600,172,0.2866666666666667,17,0.17,0.11708333333333333,0.524377147766323,0.5419888316151202,2,6,6,172,116,0.000218625,0.0003305,0.000655376,0.012618538000000002,0.028576619000000015,0.046386667,0,False,0a5caf1100853deb,2dfdf2cfe4dd0e74
b059ff6a0fceae85,random_25,three_corridor,recurring,24,107,1701,600,164,0.2733333333333333,45,0.45,0.15708333333333332,0.16645189003436425,0.16645189003436425,2,12,12,163,111,0.000218084,0.00033825,0.0012912929999999998,0.012146213,0.028857247999999995,0.046776417,0,False,f24d3b7247c15966,2dfdf2cfe4dd0e74
448acf3869fa8bce,random_25,three_corridor,recurring,24,107,2903,600,226,0.37666666666666665,33,0.33,0.1175,0.1566795532646048,0.1566795532646048,2,12,12,226,143,0.000215458,0.000342251,0.00130204,0.015490163000000006,0.029074876999999975,0.050409958,0,False,ed0bb598a16ac585,2dfdf2cfe4dd0e74
4d5a857e1901eeb2,random_25,three_corridor,recurring,24,107,4307,600,171,0.285,25,0.25,0.09875,0.26406786941580757,0.2756658075601374,2,12,12,170,104,0.000219375,0.000337333,0.001299166,0.011261209000000003,0.028763192999999986,0.045850042,0,False,adf244f78ac9a232,2dfdf2cfe4dd0e74
80223c8187db21eb,top_10,three_corridor,recurring,24,107,0,600,229,0.38166666666666665,30,0.3,0.15625,0.1639819587628866,0.1639819587628866,2,6,5,229,149,0.000223416,0.000342708,0.0005466690000000001,0.016207168,0.029254044000000007,0.050608417,0,False,79dd1c221df6a0c1,2dfdf2cfe4dd0e74
6c0c57ba21d26992,top_25,three_corridor,recurring,24,107,0,600,238,0.39666666666666667,29,0.29,0.15291666666666667,0.1528135738831615,0.1528135738831615,2,12,11,238,145,0.000234959,0.000330166,0.0011905420000000002,0.015682967000000003,0.03303633300000004,0.054531333,0,False,a8bad9b0920eb107,2dfdf2cfe4dd0e74
3cc110ed263026a9,repair_all,three_corridor,recurring,24,107,0,600,191,0.31833333333333336,58,0.58,0.15625,0.0,0.0,2,48,42,191,125,0.000218541,0.000395708,0.004519917,0.013466048999999997,0.02881645299999998,0.051606542,0,False,24ad93361c7f34ca,2dfdf2cfe4dd0e74
3fb90ddab7d1fd70,lazy_0,three_corridor,recurring,24,108,0,600,137,0.22833333333333333,44,0.44,0.08041666666666666,0.48620892018779344,0.48620892018779344,2,0,0,137,102,0.000214668,0.00037549999999999997,0.0,0.011025789,0.02832808199999998,0.043790083,0,False,e4585b1cf7b6e607,05cea5195ed38b3b
0c262539b76640a7,random_10,three_corridor,recurring,24,108,1701,600,161,0.2683333333333333,50,0.5,0.0675,0.29215571205007823,0.3189553990610329,2,6,6,161,107,0.000376292,0.000355209,0.000645583,0.011542706999999996,0.028133084,0.045045708,0,False,2897d82710dbb3fd,05cea5195ed38b3b
e962a6fec6f9a093,random_10,three_corridor,recurring,24,108,2903,600,184,0.30666666666666664,31,0.31,0.105,0.2589984350547731,0.259878716744914,2,6,6,184,125,0.000216334,0.0003545,0.000670583,0.013574877,0.028594320999999985,0.047426291,0,False,cfcd8a38326ff54c,05cea5195ed38b3b
10b2167e61dd4bde,random_10,three_corridor,recurring,24,108,4307,600,175,0.2916666666666667,48,0.48,0.13833333333333334,0.17165492957746478,0.17165492957746478,2,6,6,175,116,0.000214375,0.00035754199999999997,0.000647166,0.012533124999999997,0.028768198999999994,0.046467208,0,False,66c9fa8faeaf3d4d,05cea5195ed38b3b
22aa5f75ac16c82b,random_25,three_corridor,recurring,24,108,1701,600,184,0.30666666666666664,36,0.36,0.10375,0.17889280125195617,0.17889280125195617,2,12,11,184,124,0.00022195800000000002,0.000368459,0.0011952529999999999,0.013468708999999997,0.028260994000000005,0.047627125,0,False,2a1c550a294b2aba,05cea5195ed38b3b
8261087f0bdefde9,random_25,three_corridor,recurring,24,108,2903,600,170,0.2833333333333333,35,0.35,0.11541666666666667,0.1037754303599374,0.1037754303599374,2,12,11,170,115,0.00021224900000000002,0.000363417,0.0011947070000000001,0.012534370000000003,0.028735865999999995,0.047034958,0,False,aed03700bd8571d9,05cea5195ed38b3b
70239047deccb0d4,random_25,three_corridor,recurring,24,108,4307,600,205,0.3416666666666667,56,0.56,0.12666666666666668,0.11394757433489827,0.11394757433489827,2,12,12,205,137,0.000426333,0.000397375,0.001319751,0.015109500999999997,0.029817827000000005,0.051308042,0,False,65f66e326148d59b,05cea5195ed38b3b
6ef99b9edcccc752,top_10,three_corridor,recurring,24,108,0,600,188,0.31333333333333335,62,0.62,0.10416666666666667,0.17370892018779344,0.17370892018779344,2,6,6,188,119,0.000238917,0.000371542,0.000654083,0.013043376999999991,0.02959466700000001,0.048018083,0,False,cf527695c474c8a2,05cea5195ed38b3b
697ac7ef886d5a7d,top_25,three_corridor,recurring,24,108,0,600,182,0.30333333333333334,45,0.45,0.11208333333333333,0.10719874804381846,0.10719874804381846,2,12,12,181,123,0.000389167,0.00038120799999999996,0.0013096660000000001,0.013434624,0.028731028999999977,0.048337375,0,False,85d1937b1833e5f4,05cea5195ed38b3b
173a5eca9cbf0945,repair_all,three_corridor,recurring,24,108,0,600,225,0.375,62,0.62,0.1475,0.0,0.0,2,48,46,225,138,0.000212375,0.00035825,0.005020164000000001,0.014886501999999994,0.02905478799999999,0.053931042,0,False,0fd1980a9ac34388,05cea5195ed38b3b
4375d11711846b16,lazy_0,three_corridor,recurring,24,109,0,600,212,0.35333333333333333,48,0.48,0.12166666666666667,0.2542997542997543,0.2581900081900082,2,0,0,211,135,0.000219708,0.000369707,0.0,0.014585790999999992,0.02884783400000001,0.048003583,0,False,28770e02a2955af0,d8dfba43988cabdb
9a32e4a879899b41,random_10,three_corridor,recurring,24,109,1701,600,200,0.3333333333333333,63,0.63,0.10416666666666667,0.20434070434070437,0.20434070434070437,2,6,6,200,135,0.00022566699999999998,0.000365875,0.0007236250000000001,0.014895706,0.029729775000000007,0.049964375,0,False,5d3432ad268a154f,d8dfba43988cabdb
6a25a485d72734cc,random_10,three_corridor,recurring,24,109,2903,600,204,0.34,33,0.33,0.13458333333333333,0.1952293202293202,0.1952293202293202,2,6,5,204,130,0.000214042,0.00035408399999999995,0.000551291,0.014022574999999997,0.028763128000000006,0.047863708,0,False,cbad0a5502997e4c,d8dfba43988cabdb
7dddbae3c8918f7e,random_10,three_corridor,recurring,24,109,4307,600,202,0.33666666666666667,47,0.47,0.11875,0.3247338247338247,0.4355036855036855,2,6,6,201,129,0.000354416,0.000338625,0.000647164,0.013899051999999995,0.028349294999999965,0.047529583,0,False,b22f130eb404d17f,d8dfba43988cabdb
b03c813cc91716e6,random_25,three_corridor,recurring,24,109,1701,600,252,0.42,39,0.39,0.12,0.21601146601146604,0.21601146601146604,2,12,11,252,153,0.000216624,0.00033275,0.001182207,0.016472035000000006,0.029373742000000008,0.051637833,0,False,7c715e63ffa5baae,d8dfba43988cabdb
e1d8a94a5b6aa84d,random_25,three_corridor,recurring,24,109,2903,600,234,0.39,58,0.58,0.13125,0.14629402129402128,0.14629402129402128,2,12,10,234,146,0.00021874999999999998,0.00034937499999999997,0.0010757100000000001,0.015710114000000008,0.028806720000000015,0.05025925,0,False,6df0b9adb6e5d00c,d8dfba43988cabdb
e6cbdd0a6846501c,random_25,three_corridor,recurring,24,109,4307,600,198,0.33,28,0.28,0.15333333333333332,0.18499180999181,0.18499180999181,2,12,12,198,133,0.000215792,0.0003235,0.001296793,0.014291080999999997,0.029108246999999997,0.049245208,0,False,ac38bfcdbd0c700f,d8dfba43988cabdb
767250febe080c4f,top_10,three_corridor,recurring,24,109,0,600,198,0.33,27,0.27,0.10625,0.21038083538083538,0.21038083538083538,2,6,6,198,128,0.000220458,0.000349833,0.000652542,0.013812205,0.028911876999999975,0.048074375,0,False,3f390363000e1796,d8dfba43988cabdb
5d8c30e1deb70db6,top_25,three_corridor,recurring,24,109,0,600,216,0.36,33,0.33,0.14625,0.13943488943488944,0.13943488943488944,2,12,11,216,141,0.000218333,0.00035408399999999995,0.0011895830000000001,0.015233543999999996,0.029508031000000007,0.050522708,0,False,d3a6fa79d5bfc98e,d8dfba43988cabdb
573a429aa6029d86,repair_all,three_corridor,recurring,24,109,0,600,245,0.4083333333333333,41,0.41,0.16,0.0,0.0,2,48,39,245,140,0.000241833,0.00037954199999999997,0.004251664,0.015558293,0.030147605999999987,0.055260417,0,False,cdd22998cd5ab5c6,d8dfba43988cabdb
7dc5b5de478b239b,lazy_0,three_corridor,recurring,24,110,0,600,165,0.275,32,0.32,0.11333333333333333,0.32235142118863047,0.32235142118863047,2,0,0,165,115,0.00029137499999999997,0.00038624899999999997,0.0,0.012908300000000004,0.031468675999999994,0.049081041,0,False,8c15a5f9874d934f,e9d66479ba6e26cd
f993bbbc65085632,random_10,three_corridor,recurring,24,110,1701,600,210,0.35,23,0.23,0.105,0.2719638242894057,0.2719638242894057,2,6,6,209,125,0.000282667,0.000393209,0.000666082,0.014185204000000002,0.030397056999999984,0.050041917,0,False,a45b933ace0bc487,e9d66479ba6e26cd
5ec2476f9c64456b,random_10,three_corridor,recurring,24,110,2903,600,193,0.32166666666666666,21,0.21,0.10166666666666667,0.3006029285099052,0.3006029285099052,2,6,5,193,117,0.000297541,0.00040791600000000003,0.000555249,0.012882332000000002,0.030367172999999994,0.048565208,0,False,f5e21a2078e3f2d8,e9d66479ba6e26cd
0da816988a42c4d9,random_10,three_corridor,recurring,24,110,4307,600,142,0.23666666666666666,27,0.27,0.10666666666666667,0.37801464254952627,0.37801464254952627,2,6,5,142,98,0.00029275,0.000443791,0.000559749,0.010862795,0.03025593299999997,0.046540834,0,False,cb22f54f88450b82,e9d66479ba6e26cd
3931eb544034e6e7,random_25,three_corridor,recurring,24,110,1701,600,167,0.2783333333333333,38,0.38,0.14416666666666667,0.08828596037898363,0.08828596037898363,2,12,12,167,106,0.00027583299999999996,0.000380749,0.001321834,0.011860207999999997,0.029430078000000026,0.04757925,0,False,50b657330d007cc9,e9d66479ba6e26cd
e462800675efbaa0,random_25,three_corridor,recurring,24,110,2903,600,185,0.30833333333333335,42,0.42,0.14458333333333334,0.11627906976744186,0.11627906976744186,2,12,11,185,124,0.000388958,0.000337208,0.001200793,0.013775131,0.029556086000000006,0.049318167,0,False,242fd74301ad59bf,e9d66479ba6e26cd
f2d883b959865050,random_25,three_corridor,recurring,24,110,4307,600,161,0.2683333333333333,44,0.44,0.10416666666666667,0.4402454780361757,0.44089147286821706,2,12,11,161,102,0.000219208,0.000375667,0.0011827089999999999,0.011103375999999996,0.028408583000000008,0.045309375,0,False,f95b0669a31b04bc,e9d66479ba6e26cd
2a64080a5356e3d3,top_10,three_corridor,recurring,24,110,0,600,102,0.17,6,0.06,0.11833333333333333,0.6842161929371232,0.834086993970715,2,6,6,101,71,0.00021908300000000002,0.000381875,0.0006537089999999999,0.007717082,0.028619503000000004,0.041376417,0,False,cf22ee375dc2e565,e9d66479ba6e26cd
b3392c1fe9a630ea,top_25,three_corridor,recurring,24,110,0,600,209,0.34833333333333333,45,0.45,0.12125,0.16925064599483206,0.16925064599483206,2,12,12,208,132,0.000223625,0.000362459,0.0012972080000000002,0.014305577,0.028923582999999992,0.04926375,0,False,8fcc346038ef7246,e9d66479ba6e26cd
20bfe33cbdeb9267,repair_all,three_corridor,recurring,24,110,0,600,200,0.3333333333333333,37,0.37,0.16708333333333333,0.0,0.0,2,48,40,198,118,0.00027166699999999996,0.0004035,0.004430376,0.013084000999999996,0.030380792000000004,0.052990541,0,False,9b3f3b934f38e690,e9d66479ba6e26cd
35f36c032543d64d,lazy_0,three_corridor,recurring,24,111,0,600,249,0.415,39,0.39,0.13416666666666666,0.15486819727891157,0.15486819727891157,2,0,0,249,144,0.000226875,0.000335999,0.0,0.015561661000000001,0.029214126999999996,0.049339417,0,False,7970a614d92958cf,1362051c4ae38d95
c53655b58d3b7b43,random_10,three_corridor,recurring,24,111,1701,600,173,0.28833333333333333,36,0.36,0.14541666666666667,0.4487670068027211,0.4503613945578231,2,6,6,173,113,0.00022574999999999998,0.000379667,0.000649709,0.012243670000000007,0.029314506999999993,0.046792125,0,False,da6930efa99a895d,1362051c4ae38d95
7551f7c939c2316b,random_10,three_corridor,recurring,24,111,2903,600,210,0.35,22,0.22,0.13875,0.32249149659863946,0.32249149659863946,2,6,6,210,128,0.000217958,0.00037858300000000004,0.000653625,0.013907419999999997,0.029010550000000013,0.048285333,0,False,21e628105d410350,1362051c4ae38d95
2ac37f708280e61c,random_10,three_corridor,recurring,24,111,4307,600,180,0.3,35,0.35,0.155,0.20163690476190477,0.20163690476190477,2,6,6,179,108,0.000382542,0.00034366599999999996,0.0006463339999999999,0.011717044999999997,0.029219355999999964,0.046204041,0,False,7cb7cf83a64def8a,1362051c4ae38d95
958aca0c9e56f58a,random_25,three_corridor,recurring,24,111,1701,600,233,0.3883333333333333,25,0.25,0.11208333333333333,0.283375850340136,0.283375850340136,2,12,11,232,136,0.000215916,0.000362667,0.001181457,0.014851630999999995,0.029300715000000005,0.049956458,0,False,ab794a49dc4ccb8c,1362051c4ae38d95
c233b5d2facefb12,random_25,three_corridor,recurring,24,111,2903,600,259,0.43166666666666664,48,0.48,0.15,0.09396258503401361,0.09396258503401361,2,12,12,259,152,0.00021995899999999999,0.000359792,0.0012933769999999999,0.016419544999999994,0.028816495000000025,0.051210625,0,False,f4447743f0bd7bfd,1362051c4ae38d95
42c74a03f2e43349,random_25,three_corridor,recurring,24,111,4307,600,185,0.30833333333333335,39,0.39,0.13666666666666666,0.31526360544217685,0.3288690476190476,2,12,11,185,110,0.000218001,0.00038491700000000003,0.0011897499999999998,0.011942464,0.02927575500000001,0.047025625,0,False,ce6c6822703b5c41,1362051c4ae38d95
1e1d4d868dd0281d,top_10,three_corridor,recurring,24,111,0,600,235,0.39166666666666666,35,0.35,0.12458333333333334,0.19483418367346939,0.19483418367346939,2,6,6,234,139,0.000225375,0.000351124,0.000647834,0.015074083999999998,0.028718843999999997,0.049081958,0,False,7e2ba36b55d8ddee,1362051c4ae38d95
bd445c9733795069,top_25,three_corridor,recurring,24,111,0,600,216,0.36,32,0.32,0.13,0.27487244897959184,0.27487244897959184,2,12,11,216,126,0.00037533200000000003,0.000357667,0.0011939160000000002,0.013683539000000002,0.029202089000000004,0.048820625,0,False,a90e228ff297dd03,1362051c4ae38d95
b525087a0ce04293,repair_all,three_corridor,recurring,24,111,0,600,258,0.43,41,0.41,0.14041666666666666,0.0,0.0,2,46,38,258,150,0.000225917,0.000319291,0.004103795,0.016247713,0.029272717,0.054547583,0,False,7349c6d26281a9d7,1362051c4ae38d95
